old_path	old_start	old_end	new_path	new_start	new_end	mode	reason
src/cli/main.cpp	1	1	src/apps/tui/app/tui_runtime_init.cpp	6	6	copy	Byte-identical source lines
src/cli/main.cpp	2	2	src/apps/tui/app/tui_runtime_init.cpp	5	6	edited	Includes and platform declarations are distributed to CLI, application and runtime owners; signature, state access, ownership or assembly rewritten in this destination
src/cli/main.cpp	3	3	src/apps/tui/app/tui_runtime_init.cpp	5	5	copy	Byte-identical source lines
src/cli/main.cpp	4	27	src/apps/tui/app/tui_app.cpp	21	35	edited	Includes and platform declarations are distributed to CLI, application and runtime owners; signature, state access, ownership or assembly rewritten in this destination
src/cli/main.cpp	28	32	src/apps/cli/command_dispatch.cpp	15	19	copy	Byte-identical source lines
src/cli/main.cpp	33	48	src/apps/cli/command_dispatch.cpp	7	19	edited	Includes and platform declarations are distributed to CLI, application and runtime owners; signature, state access, ownership or assembly rewritten in this destination
src/cli/main.cpp	49	50	src/apps/cli/command_dispatch.cpp	7	8	copy	Byte-identical source lines
src/cli/main.cpp	51	53	src/apps/tui/app/tui_app.cpp	21	35	edited	Includes and platform declarations are distributed to CLI, application and runtime owners; signature, state access, ownership or assembly rewritten in this destination
src/cli/main.cpp	54	54	src/apps/tui/app/tui_runtime_init.cpp	16	16	copy	Byte-identical source lines
src/cli/main.cpp	55	57	src/apps/tui/app/tui_runtime_init.cpp	13	16	edited	Includes and platform declarations are distributed to CLI, application and runtime owners; signature, state access, ownership or assembly rewritten in this destination
src/cli/main.cpp	58	58	src/apps/tui/app/tui_runtime_init.cpp	13	13	copy	Byte-identical source lines
src/cli/main.cpp	59	59	src/apps/tui/app/tui_runtime_init.cpp	11	13	edited	Includes and platform declarations are distributed to CLI, application and runtime owners; signature, state access, ownership or assembly rewritten in this destination
src/cli/main.cpp	60	61	src/apps/tui/app/tui_runtime_init.cpp	11	12	copy	Byte-identical source lines
src/cli/main.cpp	62	62	src/apps/tui/app/tui_runtime_init.cpp	12	15	edited	Includes and platform declarations are distributed to CLI, application and runtime owners; signature, state access, ownership or assembly rewritten in this destination
src/cli/main.cpp	63	63	src/apps/tui/app/tui_runtime_init.cpp	15	15	copy	Byte-identical source lines
src/cli/main.cpp	64	65	src/apps/tui/app/tui_runtime_init.cpp	15	26	edited	Includes and platform declarations are distributed to CLI, application and runtime owners; signature, state access, ownership or assembly rewritten in this destination
src/cli/main.cpp	66	66	src/apps/tui/app/tui_runtime_init.cpp	26	26	copy	Byte-identical source lines
src/cli/main.cpp	67	79	src/apps/tui/app/tui_runtime_init.cpp	26	27	edited	Includes and platform declarations are distributed to CLI, application and runtime owners; signature, state access, ownership or assembly rewritten in this destination
src/cli/main.cpp	80	83	src/apps/tui/app/tui_runtime_init.cpp	27	30	copy	Byte-identical source lines
src/cli/main.cpp	84	84	src/apps/tui/app/tui_app.cpp	29	29	copy	Byte-identical source lines
src/cli/main.cpp	85	86	src/apps/tui/app/tui_app.cpp	21	35	edited	Includes and platform declarations are distributed to CLI, application and runtime owners; signature, state access, ownership or assembly rewritten in this destination
src/cli/main.cpp	87	87	src/apps/tui/app/tui_runtime_init.cpp	18	18	copy	Byte-identical source lines
src/cli/main.cpp	88	91	src/apps/tui/app/tui_runtime_init.cpp	7	18	edited	Includes and platform declarations are distributed to CLI, application and runtime owners; signature, state access, ownership or assembly rewritten in this destination
src/cli/main.cpp	92	93	src/apps/tui/app/tui_runtime_init.cpp	7	8	copy	Byte-identical source lines
src/cli/main.cpp	94	94	src/apps/tui/app/tui_runtime_init.cpp	10	10	copy	Byte-identical source lines
src/cli/main.cpp	95	95	src/apps/tui/app/tui_runtime_init.cpp	9	9	copy	Byte-identical source lines
src/cli/main.cpp	96	96	src/apps/tui/app/tui_runtime_init.cpp	21	21	copy	Byte-identical source lines
src/cli/main.cpp	97	97	src/apps/tui/app/tui_runtime_init.cpp	20	20	copy	Byte-identical source lines
src/cli/main.cpp	98	101	src/apps/tui/app/tui_runtime_init.cpp	22	25	copy	Byte-identical source lines
src/cli/main.cpp	102	104	src/apps/tui/app/tui_app.cpp	21	35	edited	Includes and platform declarations are distributed to CLI, application and runtime owners; signature, state access, ownership or assembly rewritten in this destination
src/cli/main.cpp	105	105	src/apps/tui/app/tui_app.cpp	28	28	copy	Byte-identical source lines
src/cli/main.cpp	106	111	src/apps/tui/app/tui_app.cpp	21	35	edited	Includes and platform declarations are distributed to CLI, application and runtime owners; signature, state access, ownership or assembly rewritten in this destination
src/cli/main.cpp	112	112	src/apps/cli/command_dispatch.cpp	12	12	copy	Byte-identical source lines
src/cli/main.cpp	113	113	src/apps/cli/command_dispatch.cpp	12	20	edited	Includes and platform declarations are distributed to CLI, application and runtime owners; signature, state access, ownership or assembly rewritten in this destination
src/cli/main.cpp	114	114	src/apps/cli/command_dispatch.cpp	20	20	edited	Includes and platform declarations are distributed to CLI, application and runtime owners
src/cli/main.cpp	115	117	src/apps/cli/command_dispatch.cpp	6	20	edited	Includes and platform declarations are distributed to CLI, application and runtime owners; signature, state access, ownership or assembly rewritten in this destination
src/cli/main.cpp	118	118	src/apps/cli/command_dispatch.cpp	6	6	copy	Byte-identical source lines
src/cli/main.cpp	119	119	src/apps/cli/command_dispatch.cpp	4	4	copy	Byte-identical source lines
src/cli/main.cpp	120	124	src/apps/tui/app/tui_app.cpp	21	35	edited	Includes and platform declarations are distributed to CLI, application and runtime owners; signature, state access, ownership or assembly rewritten in this destination
src/cli/main.cpp	125	125	src/apps/tui/app/tui_app.cpp	27	27	copy	Byte-identical source lines
src/cli/main.cpp	126	126	src/apps/tui/app/tui_app.cpp	21	35	edited	Includes and platform declarations are distributed to CLI, application and runtime owners; signature, state access, ownership or assembly rewritten in this destination
src/cli/main.cpp	127	127	src/apps/tui/app/tui_app.hpp	11	11	copy	Byte-identical source lines
src/cli/main.cpp	128	148	src/apps/tui/app/tui_app.cpp	21	35	edited	Includes and platform declarations are distributed to CLI, application and runtime owners; signature, state access, ownership or assembly rewritten in this destination
src/cli/main.cpp	149	149	src/apps/tui/app/tui_app.cpp	33	33	copy	Byte-identical source lines
src/cli/main.cpp	150	151	src/apps/tui/app/tui_app.cpp	25	33	edited	Includes and platform declarations are distributed to CLI, application and runtime owners; signature, state access, ownership or assembly rewritten in this destination
src/cli/main.cpp	152	152	src/apps/tui/app/tui_app.cpp	25	25	copy	Byte-identical source lines
src/cli/main.cpp	153	168	src/apps/tui/app/tui_app.cpp	21	35	edited	Includes and platform declarations are distributed to CLI, application and runtime owners; signature, state access, ownership or assembly rewritten in this destination
src/cli/main.cpp	169	169	src/apps/tui/app/tui_runtime_init.cpp	3	3	copy	Byte-identical source lines
src/cli/main.cpp	170	173	src/apps/tui/app/tui_runtime_init.cpp	3	4	edited	Includes and platform declarations are distributed to CLI, application and runtime owners; signature, state access, ownership or assembly rewritten in this destination
src/cli/main.cpp	174	174	src/apps/tui/app/tui_runtime_init.cpp	4	4	copy	Byte-identical source lines
src/cli/main.cpp	175	175	src/apps/tui/app/tui_app.cpp	23	23	copy	Byte-identical source lines
src/cli/main.cpp	176	199	src/apps/tui/app/tui_app.cpp	23	47	edited	Includes and platform declarations are distributed to CLI, application and runtime owners; signature, state access, ownership or assembly rewritten in this destination
src/cli/main.cpp	200	209	src/apps/tui/model/status_line.hpp	1	12	edited	Forward status and clipboard helper declarations; signature, state access, ownership or assembly rewritten in this destination
src/cli/main.cpp	210	210	src/apps/tui/render/ask_question_style.cpp	8	11	edited	Question panel color helper; signature, state access, ownership or assembly rewritten in this destination
src/cli/main.cpp	211	225	src/apps/tui/render/ask_question_style.cpp	11	25	copy	Byte-identical source lines
src/cli/main.cpp	226	226	src/apps/tui/overlays/ask_session_projection.cpp	5	8	edited	Question session projection and effects; signature, state access, ownership or assembly rewritten in this destination
src/cli/main.cpp	227	235	src/apps/tui/overlays/ask_session_projection.cpp	8	16	copy	Byte-identical source lines
src/cli/main.cpp	236	236	src/apps/tui/overlays/ask_session_projection.cpp	16	18	edited	Question session projection and effects; signature, state access, ownership or assembly rewritten in this destination
src/cli/main.cpp	237	252	src/apps/tui/overlays/ask_session_projection.cpp	18	33	copy	Byte-identical source lines
src/cli/main.cpp	253	253	src/apps/tui/overlays/ask_session_projection.cpp	33	35	edited	Question session projection and effects; signature, state access, ownership or assembly rewritten in this destination
src/cli/main.cpp	254	254	src/apps/tui/overlays/ask_session_projection.cpp	35	35	copy	Byte-identical source lines
src/cli/main.cpp	255	255	src/apps/tui/overlays/ask_session_projection.cpp	35	37	edited	Question session projection and effects; signature, state access, ownership or assembly rewritten in this destination
src/cli/main.cpp	256	264	src/apps/tui/overlays/ask_session_projection.cpp	37	45	copy	Byte-identical source lines
src/cli/main.cpp	265	266	src/apps/tui/overlays/ask_session_projection.cpp	45	48	edited	Question session projection and effects; signature, state access, ownership or assembly rewritten in this destination
src/cli/main.cpp	267	270	src/apps/tui/overlays/ask_session_projection.cpp	48	51	copy	Byte-identical source lines
src/cli/main.cpp	271	271	src/apps/tui/overlays/ask_session_projection.cpp	51	53	edited	Question session projection and effects; signature, state access, ownership or assembly rewritten in this destination
src/cli/main.cpp	272	274	src/apps/tui/overlays/ask_session_projection.cpp	53	55	copy	Byte-identical source lines
src/cli/main.cpp	275	275	src/apps/tui/overlays/ask_session_projection.cpp	55	57	edited	Question session projection and effects; signature, state access, ownership or assembly rewritten in this destination
src/cli/main.cpp	276	282	src/apps/tui/overlays/ask_session_projection.cpp	57	63	copy	Byte-identical source lines
src/cli/main.cpp	283	288	src/apps/tui/overlays/ask_session_projection.cpp	63	69	edited	Question session projection and effects; signature, state access, ownership or assembly rewritten in this destination
src/cli/main.cpp	289	292	src/apps/tui/overlays/ask_question_input.cpp	14	17	copy	Byte-identical source lines
src/cli/main.cpp	293	293	src/apps/tui/overlays/ask_question_input.cpp	17	19	edited	Question mouse and keyboard state machine; signature, state access, ownership or assembly rewritten in this destination
src/cli/main.cpp	294	313	src/apps/tui/overlays/ask_question_input.cpp	19	38	copy	Byte-identical source lines
src/cli/main.cpp	314	315	src/apps/tui/overlays/ask_question_input.cpp	38	41	edited	Question mouse and keyboard state machine; signature, state access, ownership or assembly rewritten in this destination
src/cli/main.cpp	316	322	src/apps/tui/overlays/ask_question_input.cpp	41	47	copy	Byte-identical source lines
src/cli/main.cpp	323	323	src/apps/tui/overlays/ask_question_input.cpp	47	49	edited	Question mouse and keyboard state machine; signature, state access, ownership or assembly rewritten in this destination
src/cli/main.cpp	324	341	src/apps/tui/overlays/ask_question_input.cpp	49	66	copy	Byte-identical source lines
src/cli/main.cpp	342	343	src/apps/tui/overlays/ask_question_input.cpp	66	69	edited	Question mouse and keyboard state machine; signature, state access, ownership or assembly rewritten in this destination
src/cli/main.cpp	344	379	src/apps/tui/overlays/ask_question_input.cpp	69	104	copy	Byte-identical source lines
src/cli/main.cpp	380	381	src/apps/tui/overlays/ask_question_input.cpp	104	107	edited	Question mouse and keyboard state machine; signature, state access, ownership or assembly rewritten in this destination
src/cli/main.cpp	382	410	src/apps/tui/overlays/ask_question_input.cpp	107	135	copy	Byte-identical source lines
src/cli/main.cpp	411	412	src/apps/tui/overlays/ask_question_input.cpp	135	138	edited	Question mouse and keyboard state machine; signature, state access, ownership or assembly rewritten in this destination
src/cli/main.cpp	413	418	src/apps/tui/overlays/ask_question_input.cpp	138	143	copy	Byte-identical source lines
src/cli/main.cpp	419	419	src/apps/tui/overlays/ask_question_input.cpp	143	145	edited	Question mouse and keyboard state machine; signature, state access, ownership or assembly rewritten in this destination
src/cli/main.cpp	420	420	src/apps/tui/overlays/ask_question_input.cpp	145	145	copy	Byte-identical source lines
src/cli/main.cpp	421	421	src/apps/tui/overlays/ask_question_input.cpp	145	147	edited	Question mouse and keyboard state machine; signature, state access, ownership or assembly rewritten in this destination
src/cli/main.cpp	422	438	src/apps/tui/overlays/ask_question_input.cpp	147	163	copy	Byte-identical source lines
src/cli/main.cpp	439	439	src/apps/tui/overlays/ask_question_input.cpp	163	165	edited	Question mouse and keyboard state machine; signature, state access, ownership or assembly rewritten in this destination
src/cli/main.cpp	440	468	src/apps/tui/overlays/ask_question_input.cpp	165	193	copy	Byte-identical source lines
src/cli/main.cpp	469	469	src/apps/tui/overlays/ask_question_input.cpp	193	195	edited	Question mouse and keyboard state machine; signature, state access, ownership or assembly rewritten in this destination
src/cli/main.cpp	470	496	src/apps/tui/overlays/ask_question_input.cpp	195	221	copy	Byte-identical source lines
src/cli/main.cpp	497	497	src/apps/tui/overlays/ask_question_input.cpp	221	223	edited	Question mouse and keyboard state machine; signature, state access, ownership or assembly rewritten in this destination
src/cli/main.cpp	498	513	src/apps/tui/overlays/ask_question_input.cpp	223	238	copy	Byte-identical source lines
src/cli/main.cpp	514	514	src/apps/tui/overlays/ask_question_input.cpp	238	240	edited	Question mouse and keyboard state machine; signature, state access, ownership or assembly rewritten in this destination
src/cli/main.cpp	515	532	src/apps/tui/overlays/ask_question_input.cpp	240	257	copy	Byte-identical source lines
src/cli/main.cpp	533	533	src/apps/tui/overlays/ask_question_input.cpp	257	259	edited	Question mouse and keyboard state machine; signature, state access, ownership or assembly rewritten in this destination
src/cli/main.cpp	534	537	src/apps/tui/overlays/ask_question_input.cpp	259	262	copy	Byte-identical source lines
src/cli/main.cpp	538	538	src/apps/tui/overlays/ask_question_input.cpp	262	264	edited	Question mouse and keyboard state machine; signature, state access, ownership or assembly rewritten in this destination
src/cli/main.cpp	539	672	src/apps/tui/overlays/ask_question_input.cpp	264	397	copy	Byte-identical source lines
src/cli/main.cpp	673	673	src/apps/tui/redraw_pacer.cpp	7	10	edited	Monotonic frame pacing clock; signature, state access, ownership or assembly rewritten in this destination
src/cli/main.cpp	674	677	src/apps/tui/redraw_pacer.cpp	10	13	copy	Byte-identical source lines
src/cli/main.cpp	678	680	src/apps/tui/redraw_pacer.cpp	13	16	edited	Monotonic frame pacing clock; signature, state access, ownership or assembly rewritten in this destination
src/cli/main.cpp	681	691	src/apps/tui/app/startup_environment.cpp	28	38	copy	Byte-identical source lines
src/cli/main.cpp	692	692	src/apps/cli/process_environment.cpp	21	24	edited	Resolve executable directory; signature, state access, ownership or assembly rewritten in this destination
src/cli/main.cpp	693	700	src/apps/cli/process_environment.cpp	24	31	copy	Byte-identical source lines
src/cli/main.cpp	701	701	src/domain/skills/default_skill_startup.cpp	7	10	edited	Reconcile default skills at startup; signature, state access, ownership or assembly rewritten in this destination
src/cli/main.cpp	702	734	src/domain/skills/default_skill_startup.cpp	10	42	copy	Byte-identical source lines
src/cli/main.cpp	735	735	src/apps/tui/term/terminal_control.cpp	16	19	edited	Terminal sequences, repaint mode, cursor and input flushing; signature, state access, ownership or assembly rewritten in this destination
src/cli/main.cpp	736	759	src/apps/tui/term/terminal_control.cpp	19	42	copy	Byte-identical source lines
src/cli/main.cpp	760	760	src/apps/tui/term/terminal_control.cpp	42	44	edited	Terminal sequences, repaint mode, cursor and input flushing; signature, state access, ownership or assembly rewritten in this destination
src/cli/main.cpp	761	771	src/apps/tui/term/terminal_control.cpp	44	54	copy	Byte-identical source lines
src/cli/main.cpp	772	773	src/apps/tui/term/terminal_control.cpp	54	56	edited	Terminal sequences, repaint mode, cursor and input flushing; signature, state access, ownership or assembly rewritten in this destination
src/cli/main.cpp	774	777	src/apps/tui/term/terminal_control.cpp	56	59	copy	Byte-identical source lines
src/cli/main.cpp	778	778	src/apps/tui/term/terminal_control.cpp	59	61	edited	Terminal sequences, repaint mode, cursor and input flushing; signature, state access, ownership or assembly rewritten in this destination
src/cli/main.cpp	779	791	src/apps/tui/term/terminal_control.cpp	61	73	copy	Byte-identical source lines
src/cli/main.cpp	792	797	src/apps/tui/input/input_trace.cpp	1	5	edited	Compile-time input trace helpers; signature, state access, ownership or assembly rewritten in this destination
src/cli/main.cpp	798	803	src/apps/tui/input/input_trace.cpp	5	10	copy	Byte-identical source lines
src/cli/main.cpp	804	804	src/apps/tui/input/input_trace.cpp	10	12	edited	Compile-time input trace helpers; signature, state access, ownership or assembly rewritten in this destination
src/cli/main.cpp	805	811	src/apps/tui/input/input_trace.cpp	12	18	copy	Byte-identical source lines
src/cli/main.cpp	812	812	src/apps/tui/input/input_trace.cpp	18	20	edited	Compile-time input trace helpers; signature, state access, ownership or assembly rewritten in this destination
src/cli/main.cpp	813	825	src/apps/tui/input/input_trace.cpp	20	32	copy	Byte-identical source lines
src/cli/main.cpp	826	826	src/apps/tui/input/input_trace.cpp	32	34	edited	Compile-time input trace helpers; signature, state access, ownership or assembly rewritten in this destination
src/cli/main.cpp	827	832	src/apps/tui/input/input_trace.cpp	34	39	copy	Byte-identical source lines
src/cli/main.cpp	833	834	src/apps/tui/input/input_trace.cpp	39	41	edited	Compile-time input trace helpers; signature, state access, ownership or assembly rewritten in this destination
src/cli/main.cpp	835	841	src/apps/tui/app/process_guards.cpp	15	22	edited	RAII process registrations and console signal handling; signature, state access, ownership or assembly rewritten in this destination
src/cli/main.cpp	842	842	src/apps/tui/app/process_guards.cpp	22	22	copy	Byte-identical source lines
src/cli/main.cpp	843	843	src/apps/tui/app/process_guards.cpp	22	25	edited	RAII process registrations and console signal handling; signature, state access, ownership or assembly rewritten in this destination
src/cli/main.cpp	844	844	src/apps/tui/app/process_guards.cpp	25	25	copy	Byte-identical source lines
src/cli/main.cpp	845	847	src/apps/tui/app/process_guards.cpp	25	29	edited	RAII process registrations and console signal handling; signature, state access, ownership or assembly rewritten in this destination
src/cli/main.cpp	848	852	src/apps/tui/app/process_guards.cpp	29	33	copy	Byte-identical source lines
src/cli/main.cpp	853	858	src/apps/tui/app/process_guards.cpp	33	36	edited	RAII process registrations and console signal handling; signature, state access, ownership or assembly rewritten in this destination
src/cli/main.cpp	859	890	src/apps/tui/app/process_guards.cpp	36	67	copy	Byte-identical source lines
src/cli/main.cpp	891	891	src/apps/tui/app/process_guards.cpp	67	130	edited	RAII process registrations and console signal handling; signature, state access, ownership or assembly rewritten in this destination
src/cli/main.cpp	892	892	src/apps/tui/app/process_guards.cpp	130	130	copy	Byte-identical source lines
src/cli/main.cpp	893	899	src/apps/tui/app/process_guards.cpp	130	133	edited	RAII process registrations and console signal handling; signature, state access, ownership or assembly rewritten in this destination
src/cli/main.cpp	900	900	src/apps/tui/app/process_guards.cpp	133	133	copy	Byte-identical source lines
src/cli/main.cpp	901	910	src/apps/tui/app/process_guards.cpp	69	133	edited	RAII process registrations and console signal handling; signature, state access, ownership or assembly rewritten in this destination
src/cli/main.cpp	911	919	src/apps/tui/app/process_guards.cpp	69	77	copy	Byte-identical source lines
src/cli/main.cpp	920	925	src/apps/tui/model/status_line.cpp	3	9	edited	Transient status and clipboard result text; signature, state access, ownership or assembly rewritten in this destination
src/cli/main.cpp	926	930	src/apps/tui/model/status_line.cpp	9	13	copy	Byte-identical source lines
src/cli/main.cpp	931	934	src/apps/tui/model/status_line.cpp	13	18	edited	Transient status and clipboard result text; signature, state access, ownership or assembly rewritten in this destination
src/cli/main.cpp	935	957	src/apps/tui/model/status_line.cpp	18	40	copy	Byte-identical source lines
src/cli/main.cpp	958	958	src/apps/tui/model/status_line.cpp	40	42	edited	Transient status and clipboard result text; signature, state access, ownership or assembly rewritten in this destination
src/cli/main.cpp	959	981	src/apps/tui/model/status_line.cpp	42	64	copy	Byte-identical source lines
src/cli/main.cpp	982	982	src/domain/session/composer_attachments.cpp	4	7	edited	Attachment prompt and structured user-input conversion; signature, state access, ownership or assembly rewritten in this destination
src/cli/main.cpp	983	985	src/domain/session/composer_attachments.cpp	7	9	copy	Byte-identical source lines
src/cli/main.cpp	986	986	src/domain/session/composer_attachments.cpp	9	11	edited	Attachment prompt and structured user-input conversion; signature, state access, ownership or assembly rewritten in this destination
src/cli/main.cpp	987	1000	src/domain/session/composer_attachments.cpp	11	24	copy	Byte-identical source lines
src/cli/main.cpp	1001	1001	src/domain/session/composer_attachments.cpp	24	26	edited	Attachment prompt and structured user-input conversion; signature, state access, ownership or assembly rewritten in this destination
src/cli/main.cpp	1002	1032	src/domain/session/composer_attachments.cpp	26	56	copy	Byte-identical source lines
src/cli/main.cpp	1033	1033	src/apps/tui/model/status_line.cpp	63	66	edited	Clipboard copy status text; signature, state access, ownership or assembly rewritten in this destination
src/cli/main.cpp	1034	1054	src/apps/tui/model/status_line.cpp	66	86	copy	Byte-identical source lines
src/cli/main.cpp	1055	1068	src/apps/tui/chat/chat_viewport.hpp	1	37	edited	Chat measurement and scroll state owner replaces reference bundle; signature, state access, ownership or assembly rewritten in this destination
src/cli/main.cpp	1069	1069	src/apps/tui/chat/chat_viewport.cpp	6	9	edited	Compute viewport rows; signature, state access, ownership or assembly rewritten in this destination
src/cli/main.cpp	1070	1074	src/apps/tui/chat/chat_viewport.cpp	9	13	copy	Byte-identical source lines
src/cli/main.cpp	1075	1075	src/apps/tui/chat/chat_viewport.cpp	13	16	edited	Compute viewport rows; signature, state access, ownership or assembly rewritten in this destination
src/cli/main.cpp	1076	1081	src/apps/tui/chat/message_render_revision.cpp	7	12	copy	Byte-identical source lines
src/cli/main.cpp	1082	1085	src/apps/tui/chat/message_render_revision.cpp	12	14	edited	Compute render revisions; signature, state access, ownership or assembly rewritten in this destination
src/cli/main.cpp	1086	1131	src/apps/tui/chat/message_render_revision.cpp	14	59	copy	Byte-identical source lines
src/cli/main.cpp	1132	1132	src/apps/tui/chat/message_render_revision.cpp	59	62	edited	Compute render revisions; signature, state access, ownership or assembly rewritten in this destination
src/cli/main.cpp	1133	1136	src/apps/tui/chat/chat_viewport.cpp	13	17	edited	Rebuild, invalidate, clamp and scroll measured chat rows; signature, state access, ownership or assembly rewritten in this destination
src/cli/main.cpp	1137	1137	src/apps/tui/chat/chat_viewport.cpp	17	17	copy	Byte-identical source lines
src/cli/main.cpp	1138	1138	src/apps/tui/chat/chat_viewport.cpp	17	19	edited	Rebuild, invalidate, clamp and scroll measured chat rows; signature, state access, ownership or assembly rewritten in this destination
src/cli/main.cpp	1139	1141	src/apps/tui/chat/chat_viewport.cpp	19	21	copy	Byte-identical source lines
src/cli/main.cpp	1142	1144	src/apps/tui/chat/chat_viewport.cpp	21	23	edited	Rebuild, invalidate, clamp and scroll measured chat rows; signature, state access, ownership or assembly rewritten in this destination
src/cli/main.cpp	1145	1145	src/apps/tui/chat/chat_viewport.cpp	23	23	copy	Byte-identical source lines
src/cli/main.cpp	1146	1160	src/apps/tui/chat/chat_viewport.cpp	23	37	edited	Rebuild, invalidate, clamp and scroll measured chat rows; signature, state access, ownership or assembly rewritten in this destination
src/cli/main.cpp	1161	1161	src/apps/tui/chat/chat_viewport.cpp	37	37	copy	Byte-identical source lines
src/cli/main.cpp	1162	1176	src/apps/tui/chat/chat_viewport.cpp	37	51	edited	Rebuild, invalidate, clamp and scroll measured chat rows; signature, state access, ownership or assembly rewritten in this destination
src/cli/main.cpp	1177	1177	src/apps/tui/chat/chat_viewport.cpp	51	51	copy	Byte-identical source lines
src/cli/main.cpp	1178	1179	src/apps/tui/chat/chat_viewport.cpp	51	54	edited	Rebuild, invalidate, clamp and scroll measured chat rows; signature, state access, ownership or assembly rewritten in this destination
src/cli/main.cpp	1180	1182	src/apps/tui/chat/chat_viewport.cpp	54	56	copy	Byte-identical source lines
src/cli/main.cpp	1183	1186	src/apps/tui/chat/chat_viewport.cpp	56	61	edited	Rebuild, invalidate, clamp and scroll measured chat rows; signature, state access, ownership or assembly rewritten in this destination
src/cli/main.cpp	1187	1188	src/apps/tui/chat/chat_viewport.cpp	61	62	copy	Byte-identical source lines
src/cli/main.cpp	1189	1193	src/apps/tui/chat/chat_viewport.cpp	62	68	edited	Rebuild, invalidate, clamp and scroll measured chat rows; signature, state access, ownership or assembly rewritten in this destination
src/cli/main.cpp	1194	1196	src/apps/tui/chat/chat_viewport.cpp	68	70	copy	Byte-identical source lines
src/cli/main.cpp	1197	1205	src/apps/tui/chat/chat_viewport.cpp	70	80	edited	Rebuild, invalidate, clamp and scroll measured chat rows; signature, state access, ownership or assembly rewritten in this destination
src/cli/main.cpp	1206	1206	src/apps/tui/chat/chat_viewport.cpp	80	80	copy	Byte-identical source lines
src/cli/main.cpp	1207	1208	src/apps/tui/chat/chat_viewport.cpp	80	83	edited	Rebuild, invalidate, clamp and scroll measured chat rows; signature, state access, ownership or assembly rewritten in this destination
src/cli/main.cpp	1209	1210	src/apps/tui/chat/chat_viewport.cpp	83	84	copy	Byte-identical source lines
src/cli/main.cpp	1211	1211	src/apps/tui/chat/chat_viewport.cpp	84	86	edited	Rebuild, invalidate, clamp and scroll measured chat rows; signature, state access, ownership or assembly rewritten in this destination
src/cli/main.cpp	1212	1216	src/apps/tui/chat/chat_viewport.cpp	86	90	copy	Byte-identical source lines
src/cli/main.cpp	1217	1224	src/apps/tui/chat/chat_viewport.cpp	90	96	edited	Rebuild, invalidate, clamp and scroll measured chat rows; signature, state access, ownership or assembly rewritten in this destination
src/cli/main.cpp	1225	1261	src/apps/tui/chat/chat_viewport.cpp	96	132	copy	Byte-identical source lines
src/cli/main.cpp	1262	1267	src/apps/tui/chat/chat_viewport.cpp	132	135	edited	Rebuild, invalidate, clamp and scroll measured chat rows; signature, state access, ownership or assembly rewritten in this destination
src/cli/main.cpp	1268	1309	src/apps/tui/chat/chat_viewport.cpp	135	176	copy	Byte-identical source lines
src/cli/main.cpp	1310	1310	src/apps/tui/chat/chat_viewport.cpp	176	177	edited	Rebuild, invalidate, clamp and scroll measured chat rows; signature, state access, ownership or assembly rewritten in this destination
src/cli/main.cpp	1311	1311	src/apps/tui/model/input_state.cpp	3	6	edited	Cancel pending Ctrl+C exit state; signature, state access, ownership or assembly rewritten in this destination
src/cli/main.cpp	1312	1315	src/apps/tui/model/input_state.cpp	6	9	copy	Byte-identical source lines
src/cli/main.cpp	1316	1316	src/apps/tui/model/input_state.cpp	9	10	edited	Cancel pending Ctrl+C exit state; signature, state access, ownership or assembly rewritten in this destination
src/cli/main.cpp	1317	1317	src/apps/tui/composer/paste.cpp	14	17	edited	Insert collapsed paste and check clipboard acceptance; signature, state access, ownership or assembly rewritten in this destination
src/cli/main.cpp	1318	1344	src/apps/tui/composer/paste.cpp	17	43	copy	Byte-identical source lines
src/cli/main.cpp	1345	1346	src/apps/tui/composer/paste.cpp	43	45	edited	Insert collapsed paste and check clipboard acceptance; signature, state access, ownership or assembly rewritten in this destination
src/cli/main.cpp	1347	1356	src/apps/tui/composer/paste.cpp	45	54	copy	Byte-identical source lines
src/cli/main.cpp	1357	1357	src/apps/tui/composer/suggestions.cpp	4	7	edited	Refresh slash and path suggestions; signature, state access, ownership or assembly rewritten in this destination
src/cli/main.cpp	1358	1363	src/apps/tui/composer/suggestions.cpp	7	12	copy	Byte-identical source lines
src/cli/main.cpp	1364	1364	src/apps/tui/composer/suggestions.cpp	12	13	edited	Refresh slash and path suggestions; signature, state access, ownership or assembly rewritten in this destination
src/cli/main.cpp	1365	1368	src/apps/tui/composer/paste.cpp	56	60	edited	Paste clipboard text and image through screen and clipboard ports; signature, state access, ownership or assembly rewritten in this destination
src/cli/main.cpp	1369	1375	src/apps/tui/composer/paste.cpp	60	66	copy	Byte-identical source lines
src/cli/main.cpp	1376	1376	src/apps/tui/composer/paste.cpp	66	68	edited	Paste clipboard text and image through screen and clipboard ports; signature, state access, ownership or assembly rewritten in this destination
src/cli/main.cpp	1377	1383	src/apps/tui/composer/paste.cpp	68	74	copy	Byte-identical source lines
src/cli/main.cpp	1384	1386	src/apps/tui/composer/paste.cpp	74	78	edited	Paste clipboard text and image through screen and clipboard ports; signature, state access, ownership or assembly rewritten in this destination
src/cli/main.cpp	1387	1392	src/apps/tui/composer/paste.cpp	78	83	copy	Byte-identical source lines
src/cli/main.cpp	1393	1395	src/apps/tui/composer/paste.cpp	83	87	edited	Paste clipboard text and image through screen and clipboard ports; signature, state access, ownership or assembly rewritten in this destination
src/cli/main.cpp	1396	1396	src/apps/tui/composer/paste.cpp	87	87	copy	Byte-identical source lines
src/cli/main.cpp	1397	1397	src/apps/tui/composer/paste.cpp	87	89	edited	Paste clipboard text and image through screen and clipboard ports; signature, state access, ownership or assembly rewritten in this destination
src/cli/main.cpp	1398	1407	src/apps/tui/composer/paste.cpp	89	98	copy	Byte-identical source lines
src/cli/main.cpp	1408	1408	src/apps/tui/composer/paste.cpp	98	100	edited	Paste clipboard text and image through screen and clipboard ports; signature, state access, ownership or assembly rewritten in this destination
src/cli/main.cpp	1409	1413	src/apps/tui/composer/paste.cpp	100	104	copy	Byte-identical source lines
src/cli/main.cpp	1414	1422	src/apps/tui/composer/paste.cpp	104	114	edited	Paste clipboard text and image through screen and clipboard ports; signature, state access, ownership or assembly rewritten in this destination
src/cli/main.cpp	1423	1430	src/apps/tui/composer/paste.cpp	114	121	copy	Byte-identical source lines
src/cli/main.cpp	1431	1431	src/apps/tui/composer/paste.cpp	121	123	edited	Paste clipboard text and image through screen and clipboard ports; signature, state access, ownership or assembly rewritten in this destination
src/cli/main.cpp	1432	1438	src/apps/tui/composer/paste.cpp	123	129	copy	Byte-identical source lines
src/cli/main.cpp	1439	1441	src/apps/tui/composer/paste.cpp	129	133	edited	Paste clipboard text and image through screen and clipboard ports; signature, state access, ownership or assembly rewritten in this destination
src/cli/main.cpp	1442	1459	src/apps/tui/composer/paste.cpp	133	150	copy	Byte-identical source lines
src/cli/main.cpp	1460	1460	src/apps/tui/composer/paste.cpp	150	152	edited	Paste clipboard text and image through screen and clipboard ports; signature, state access, ownership or assembly rewritten in this destination
src/cli/main.cpp	1461	1462	src/apps/tui/composer/paste.cpp	152	153	copy	Byte-identical source lines
src/cli/main.cpp	1463	1463	src/apps/tui/composer/paste.cpp	153	155	edited	Paste clipboard text and image through screen and clipboard ports; signature, state access, ownership or assembly rewritten in this destination
src/cli/main.cpp	1464	1470	src/apps/tui/composer/paste.cpp	155	161	copy	Byte-identical source lines
src/cli/main.cpp	1471	1471	src/apps/tui/composer/paste.cpp	161	163	edited	Paste clipboard text and image through screen and clipboard ports; signature, state access, ownership or assembly rewritten in this destination
src/cli/main.cpp	1472	1474	src/apps/tui/composer/paste.cpp	163	165	copy	Byte-identical source lines
src/cli/main.cpp	1475	1479	src/apps/tui/composer/paste.cpp	165	170	edited	Paste clipboard text and image through screen and clipboard ports; signature, state access, ownership or assembly rewritten in this destination
src/cli/main.cpp	1480	1480	src/apps/tui/composer/pending_attachment.cpp	9	9	copy	Byte-identical source lines
src/cli/main.cpp	1481	1481	src/apps/tui/composer/pending_attachment.cpp	9	11	edited	Pending attachment focus and removal; signature, state access, ownership or assembly rewritten in this destination
src/cli/main.cpp	1482	1499	src/apps/tui/composer/pending_attachment.cpp	11	28	copy	Byte-identical source lines
src/cli/main.cpp	1500	1500	src/apps/tui/composer/pending_attachment.cpp	28	30	edited	Pending attachment focus and removal; signature, state access, ownership or assembly rewritten in this destination
src/cli/main.cpp	1501	1505	src/apps/tui/composer/pending_attachment.cpp	30	34	copy	Byte-identical source lines
src/cli/main.cpp	1506	1506	src/apps/tui/composer/pending_attachment.cpp	34	36	edited	Pending attachment focus and removal; signature, state access, ownership or assembly rewritten in this destination
src/cli/main.cpp	1507	1519	src/apps/tui/composer/pending_attachment.cpp	36	48	copy	Byte-identical source lines
src/cli/main.cpp	1520	1520	src/apps/tui/composer/pending_attachment.cpp	48	50	edited	Pending attachment focus and removal; signature, state access, ownership or assembly rewritten in this destination
src/cli/main.cpp	1521	1528	src/apps/tui/composer/pending_attachment.cpp	50	57	copy	Byte-identical source lines
src/cli/main.cpp	1529	1529	src/apps/tui/composer/pending_attachment.cpp	57	59	edited	Pending attachment focus and removal; signature, state access, ownership or assembly rewritten in this destination
src/cli/main.cpp	1530	1546	src/apps/tui/composer/pending_attachment.cpp	59	75	copy	Byte-identical source lines
src/cli/main.cpp	1547	1547	src/apps/tui/composer/pending_attachment.cpp	75	77	edited	Pending attachment focus and removal; signature, state access, ownership or assembly rewritten in this destination
src/cli/main.cpp	1548	1550	src/apps/tui/composer/pending_attachment.cpp	77	79	copy	Byte-identical source lines
src/cli/main.cpp	1551	1551	src/apps/tui/composer/pending_attachment.cpp	79	81	edited	Pending attachment focus and removal; signature, state access, ownership or assembly rewritten in this destination
src/cli/main.cpp	1552	1560	src/apps/tui/composer/pending_attachment.cpp	81	89	copy	Byte-identical source lines
src/cli/main.cpp	1561	1564	src/apps/tui/composer/pending_attachment.cpp	89	93	edited	Pending attachment focus and removal; signature, state access, ownership or assembly rewritten in this destination
src/cli/main.cpp	1565	1566	src/apps/tui/overlays/confirm_overlay_input.cpp	12	13	copy	Byte-identical source lines
src/cli/main.cpp	1567	1568	src/apps/tui/overlays/confirm_overlay_input.cpp	13	16	edited	Confirmation overlay event handling; signature, state access, ownership or assembly rewritten in this destination
src/cli/main.cpp	1569	1595	src/apps/tui/overlays/confirm_overlay_input.cpp	16	42	copy	Byte-identical source lines
src/cli/main.cpp	1596	1596	src/apps/tui/overlays/confirm_overlay_input.cpp	42	44	edited	Confirmation overlay event handling; signature, state access, ownership or assembly rewritten in this destination
src/cli/main.cpp	1597	1613	src/apps/tui/overlays/confirm_overlay_input.cpp	44	60	copy	Byte-identical source lines
src/cli/main.cpp	1614	1614	src/apps/tui/overlays/confirm_overlay_input.cpp	60	62	edited	Confirmation overlay event handling; signature, state access, ownership or assembly rewritten in this destination
src/cli/main.cpp	1615	1618	src/apps/tui/overlays/confirm_overlay_input.cpp	62	65	copy	Byte-identical source lines
src/cli/main.cpp	1619	1619	src/apps/tui/overlays/confirm_overlay_input.cpp	65	67	edited	Confirmation overlay event handling; signature, state access, ownership or assembly rewritten in this destination
src/cli/main.cpp	1620	1655	src/apps/tui/overlays/confirm_overlay_input.cpp	67	102	copy	Byte-identical source lines
src/cli/main.cpp	1656	1656	src/apps/tui/overlays/confirm_overlay_input.cpp	102	105	edited	Confirmation overlay event handling; signature, state access, ownership or assembly rewritten in this destination
src/cli/main.cpp	1657	1668	src/apps/tui/overlays/rewind_picker_input.cpp	12	23	copy	Byte-identical source lines
src/cli/main.cpp	1669	1669	src/apps/tui/overlays/rewind_picker_input.cpp	23	26	edited	Reset rewind picker; signature, state access, ownership or assembly rewritten in this destination
src/cli/main.cpp	1670	1670	src/apps/tui/overlays/rewind_picker_model.cpp	3	6	edited	Populate supported rewind modes; signature, state access, ownership or assembly rewritten in this destination
src/cli/main.cpp	1671	1703	src/apps/tui/overlays/rewind_picker_model.cpp	6	38	copy	Byte-identical source lines
src/cli/main.cpp	1704	1704	src/apps/tui/overlays/rewind_picker_model.cpp	38	40	edited	Populate supported rewind modes; signature, state access, ownership or assembly rewritten in this destination
src/cli/main.cpp	1705	1706	src/apps/tui/overlays/rewind_picker_input.cpp	24	25	copy	Byte-identical source lines
src/cli/main.cpp	1707	1708	src/apps/tui/overlays/rewind_picker_input.cpp	25	28	edited	Commit and navigate rewind selections; signature, state access, ownership or assembly rewritten in this destination
src/cli/main.cpp	1709	1712	src/apps/tui/overlays/rewind_picker_input.cpp	28	31	copy	Byte-identical source lines
src/cli/main.cpp	1713	1713	src/apps/tui/overlays/rewind_picker_input.cpp	31	33	edited	Commit and navigate rewind selections; signature, state access, ownership or assembly rewritten in this destination
src/cli/main.cpp	1714	1723	src/apps/tui/overlays/rewind_picker_input.cpp	33	42	copy	Byte-identical source lines
src/cli/main.cpp	1724	1728	src/apps/tui/overlays/rewind_picker_input.cpp	42	47	edited	Commit and navigate rewind selections; signature, state access, ownership or assembly rewritten in this destination
src/cli/main.cpp	1729	1730	src/apps/tui/overlays/rewind_picker_input.cpp	47	48	copy	Byte-identical source lines
src/cli/main.cpp	1731	1733	src/apps/tui/overlays/rewind_picker_input.cpp	48	52	edited	Commit and navigate rewind selections; signature, state access, ownership or assembly rewritten in this destination
src/cli/main.cpp	1734	1746	src/apps/tui/overlays/rewind_picker_input.cpp	52	64	copy	Byte-identical source lines
src/cli/main.cpp	1747	1747	src/apps/tui/overlays/rewind_picker_input.cpp	64	66	edited	Commit and navigate rewind selections; signature, state access, ownership or assembly rewritten in this destination
src/cli/main.cpp	1748	1750	src/apps/tui/overlays/rewind_picker_input.cpp	66	68	copy	Byte-identical source lines
src/cli/main.cpp	1751	1751	src/apps/tui/overlays/rewind_picker_input.cpp	68	70	edited	Commit and navigate rewind selections; signature, state access, ownership or assembly rewritten in this destination
src/cli/main.cpp	1752	1770	src/apps/tui/overlays/rewind_picker_input.cpp	70	88	copy	Byte-identical source lines
src/cli/main.cpp	1771	1773	src/apps/tui/overlays/rewind_picker_input.cpp	88	92	edited	Commit and navigate rewind selections; signature, state access, ownership or assembly rewritten in this destination
src/cli/main.cpp	1774	1798	src/apps/tui/overlays/rewind_picker_input.cpp	92	116	copy	Byte-identical source lines
src/cli/main.cpp	1799	1799	src/apps/tui/overlays/rewind_picker_input.cpp	116	118	edited	Commit and navigate rewind selections; signature, state access, ownership or assembly rewritten in this destination
src/cli/main.cpp	1800	1820	src/apps/tui/overlays/rewind_picker_input.cpp	118	138	copy	Byte-identical source lines
src/cli/main.cpp	1821	1821	src/apps/tui/overlays/rewind_picker_input.cpp	138	140	edited	Commit and navigate rewind selections; signature, state access, ownership or assembly rewritten in this destination
src/cli/main.cpp	1822	1832	src/apps/tui/overlays/rewind_picker_input.cpp	140	150	copy	Byte-identical source lines
src/cli/main.cpp	1833	1833	src/apps/tui/overlays/rewind_picker_input.cpp	150	152	edited	Commit and navigate rewind selections; signature, state access, ownership or assembly rewritten in this destination
src/cli/main.cpp	1834	1837	src/apps/tui/overlays/rewind_picker_input.cpp	152	155	copy	Byte-identical source lines
src/cli/main.cpp	1838	1838	src/apps/tui/overlays/rewind_picker_input.cpp	155	157	edited	Commit and navigate rewind selections; signature, state access, ownership or assembly rewritten in this destination
src/cli/main.cpp	1839	1850	src/apps/tui/overlays/rewind_picker_input.cpp	157	168	copy	Byte-identical source lines
src/cli/main.cpp	1851	1851	src/apps/tui/overlays/rewind_picker_input.cpp	168	170	edited	Commit and navigate rewind selections; signature, state access, ownership or assembly rewritten in this destination
src/cli/main.cpp	1852	1856	src/apps/tui/overlays/rewind_picker_input.cpp	170	174	copy	Byte-identical source lines
src/cli/main.cpp	1857	1865	src/apps/tui/overlays/rewind_picker_input.cpp	174	183	edited	Commit and navigate rewind selections; signature, state access, ownership or assembly rewritten in this destination
src/cli/main.cpp	1866	1866	src/apps/tui/overlays/completion_dropdown_input.cpp	12	12	copy	Byte-identical source lines
src/cli/main.cpp	1867	1867	src/apps/tui/overlays/completion_dropdown_input.cpp	12	14	edited	Slash and path completion input; signature, state access, ownership or assembly rewritten in this destination
src/cli/main.cpp	1868	1900	src/apps/tui/overlays/completion_dropdown_input.cpp	14	46	copy	Byte-identical source lines
src/cli/main.cpp	1901	1901	src/apps/tui/overlays/completion_dropdown_input.cpp	46	48	edited	Slash and path completion input; signature, state access, ownership or assembly rewritten in this destination
src/cli/main.cpp	1902	1908	src/apps/tui/overlays/completion_dropdown_input.cpp	48	54	copy	Byte-identical source lines
src/cli/main.cpp	1909	1909	src/apps/tui/overlays/completion_dropdown_input.cpp	54	56	edited	Slash and path completion input; signature, state access, ownership or assembly rewritten in this destination
src/cli/main.cpp	1910	1926	src/apps/tui/overlays/completion_dropdown_input.cpp	56	72	copy	Byte-identical source lines
src/cli/main.cpp	1927	1927	src/apps/tui/overlays/completion_dropdown_input.cpp	72	74	edited	Slash and path completion input; signature, state access, ownership or assembly rewritten in this destination
src/cli/main.cpp	1928	1931	src/apps/tui/overlays/completion_dropdown_input.cpp	74	77	copy	Byte-identical source lines
src/cli/main.cpp	1932	1932	src/apps/tui/overlays/completion_dropdown_input.cpp	77	79	edited	Slash and path completion input; signature, state access, ownership or assembly rewritten in this destination
src/cli/main.cpp	1933	1945	src/apps/tui/overlays/completion_dropdown_input.cpp	79	91	copy	Byte-identical source lines
src/cli/main.cpp	1946	1946	src/apps/tui/overlays/completion_dropdown_input.cpp	91	93	edited	Slash and path completion input; signature, state access, ownership or assembly rewritten in this destination
src/cli/main.cpp	1947	1953	src/apps/tui/overlays/completion_dropdown_input.cpp	93	99	copy	Byte-identical source lines
src/cli/main.cpp	1954	1955	src/apps/tui/overlays/completion_dropdown_input.cpp	99	102	edited	Slash and path completion input; signature, state access, ownership or assembly rewritten in this destination
src/cli/main.cpp	1956	1969	src/apps/tui/overlays/completion_dropdown_input.cpp	102	115	copy	Byte-identical source lines
src/cli/main.cpp	1970	1970	src/apps/tui/overlays/completion_dropdown_input.cpp	115	117	edited	Slash and path completion input; signature, state access, ownership or assembly rewritten in this destination
src/cli/main.cpp	1971	1975	src/apps/tui/overlays/completion_dropdown_input.cpp	117	121	copy	Byte-identical source lines
src/cli/main.cpp	1976	1976	src/apps/tui/overlays/completion_dropdown_input.cpp	121	123	edited	Slash and path completion input; signature, state access, ownership or assembly rewritten in this destination
src/cli/main.cpp	1977	1981	src/apps/tui/overlays/completion_dropdown_input.cpp	123	127	copy	Byte-identical source lines
src/cli/main.cpp	1982	1982	src/apps/tui/overlays/completion_dropdown_input.cpp	127	129	edited	Slash and path completion input; signature, state access, ownership or assembly rewritten in this destination
src/cli/main.cpp	1983	1986	src/apps/tui/overlays/completion_dropdown_input.cpp	129	132	copy	Byte-identical source lines
src/cli/main.cpp	1987	1987	src/apps/tui/overlays/completion_dropdown_input.cpp	132	134	edited	Slash and path completion input; signature, state access, ownership or assembly rewritten in this destination
src/cli/main.cpp	1988	1994	src/apps/tui/overlays/completion_dropdown_input.cpp	134	140	copy	Byte-identical source lines
src/cli/main.cpp	1995	1995	src/apps/tui/overlays/completion_dropdown_input.cpp	140	142	edited	Slash and path completion input; signature, state access, ownership or assembly rewritten in this destination
src/cli/main.cpp	1996	2002	src/apps/tui/overlays/completion_dropdown_input.cpp	142	148	copy	Byte-identical source lines
src/cli/main.cpp	2003	2003	src/apps/tui/overlays/completion_dropdown_input.cpp	148	150	edited	Slash and path completion input; signature, state access, ownership or assembly rewritten in this destination
src/cli/main.cpp	2004	2010	src/apps/tui/overlays/completion_dropdown_input.cpp	150	156	copy	Byte-identical source lines
src/cli/main.cpp	2011	2011	src/apps/tui/overlays/completion_dropdown_input.cpp	156	159	edited	Slash and path completion input; signature, state access, ownership or assembly rewritten in this destination
src/cli/main.cpp	2012	2026	src/apps/tui/overlays/completion_dropdown_input.cpp	159	173	copy	Byte-identical source lines
src/cli/main.cpp	2027	2029	src/apps/tui/app/tui_app.hpp	1	138	edited	Interactive application entry now owned by TuiApp; signature, state access, ownership or assembly rewritten in this destination
src/cli/main.cpp	2030	2030	src/apps/cli/process_environment.cpp	10	13	edited	Process console and environment setup; signature, state access, ownership or assembly rewritten in this destination
src/cli/main.cpp	2031	2040	src/apps/cli/process_environment.cpp	13	22	copy	Byte-identical source lines
src/cli/main.cpp	2041	2041	src/base/platform/utf8_command_line.cpp	13	16	edited	Rebuild UTF-8 argv tail; signature, state access, ownership or assembly rewritten in this destination
src/cli/main.cpp	2042	2048	src/base/platform/utf8_command_line.cpp	16	22	copy	Byte-identical source lines
src/cli/main.cpp	2049	2052	src/apps/cli/command_dispatch.cpp	25	28	copy	Byte-identical source lines
src/cli/main.cpp	2053	2053	src/apps/cli/command_dispatch.cpp	28	30	edited	Executable and top-level help/version helpers; signature, state access, ownership or assembly rewritten in this destination
src/cli/main.cpp	2054	2057	src/apps/cli/command_dispatch.cpp	30	33	copy	Byte-identical source lines
src/cli/main.cpp	2058	2058	src/apps/cli/command_dispatch.cpp	33	35	edited	Executable and top-level help/version helpers; signature, state access, ownership or assembly rewritten in this destination
src/cli/main.cpp	2059	2095	src/apps/cli/command_dispatch.cpp	35	71	copy	Byte-identical source lines
src/cli/main.cpp	2096	2096	src/apps/cli/command_dispatch.cpp	70	73	edited	Preserve non-TUI dispatch order and exit codes; signature, state access, ownership or assembly rewritten in this destination
src/cli/main.cpp	2097	2100	src/apps/cli/command_dispatch.cpp	73	76	copy	Byte-identical source lines
src/cli/main.cpp	2101	2101	src/apps/cli/command_dispatch.cpp	76	78	edited	Preserve non-TUI dispatch order and exit codes; signature, state access, ownership or assembly rewritten in this destination
src/cli/main.cpp	2102	2117	src/apps/cli/command_dispatch.cpp	78	93	copy	Byte-identical source lines
src/cli/main.cpp	2118	2118	src/adapters/upgrade/upgrade_cli_args.cpp	8	8	edited	Preserve non-TUI dispatch order and exit codes
src/cli/main.cpp	2119	2119	src/adapters/upgrade/upgrade_cli_args.cpp	9	9	edited	Preserve non-TUI dispatch order and exit codes
src/cli/main.cpp	2120	2120	src/adapters/upgrade/upgrade_cli_args.cpp	10	10	edited	Preserve non-TUI dispatch order and exit codes
src/cli/main.cpp	2121	2121	src/adapters/upgrade/upgrade_cli_args.cpp	11	11	edited	Preserve non-TUI dispatch order and exit codes
src/cli/main.cpp	2122	2122	src/adapters/upgrade/upgrade_cli_args.cpp	12	12	edited	Preserve non-TUI dispatch order and exit codes
src/cli/main.cpp	2123	2123	src/adapters/upgrade/upgrade_cli_args.cpp	13	13	edited	Preserve non-TUI dispatch order and exit codes
src/cli/main.cpp	2124	2124	src/adapters/upgrade/upgrade_cli_args.cpp	14	14	edited	Preserve non-TUI dispatch order and exit codes
src/cli/main.cpp	2125	2125	src/adapters/upgrade/upgrade_cli_args.cpp	15	15	edited	Preserve non-TUI dispatch order and exit codes
src/cli/main.cpp	2126	2126	src/adapters/upgrade/upgrade_cli_args.cpp	16	16	edited	Preserve non-TUI dispatch order and exit codes
src/cli/main.cpp	2127	2127	src/adapters/upgrade/upgrade_cli_args.cpp	17	17	edited	Preserve non-TUI dispatch order and exit codes
src/cli/main.cpp	2128	2128	src/adapters/upgrade/upgrade_cli_args.cpp	18	18	edited	Preserve non-TUI dispatch order and exit codes
src/cli/main.cpp	2129	2129	src/adapters/upgrade/upgrade_cli_args.cpp	19	19	edited	Preserve non-TUI dispatch order and exit codes
src/cli/main.cpp	2130	2130	src/adapters/upgrade/upgrade_cli_args.cpp	19	21	edited	Preserve non-TUI dispatch order and exit codes; signature, state access, ownership or assembly rewritten in this destination
src/cli/main.cpp	2131	2131	src/adapters/upgrade/upgrade_cli_args.cpp	21	21	edited	Preserve non-TUI dispatch order and exit codes
src/cli/main.cpp	2132	2132	src/adapters/upgrade/upgrade_cli_args.cpp	22	22	edited	Preserve non-TUI dispatch order and exit codes
src/cli/main.cpp	2133	2133	src/adapters/upgrade/upgrade_cli_args.cpp	23	23	edited	Preserve non-TUI dispatch order and exit codes
src/cli/main.cpp	2134	2134	src/adapters/upgrade/upgrade_cli_args.cpp	24	24	edited	Preserve non-TUI dispatch order and exit codes
src/cli/main.cpp	2135	2135	src/adapters/upgrade/upgrade_cli_args.cpp	24	26	edited	Preserve non-TUI dispatch order and exit codes; signature, state access, ownership or assembly rewritten in this destination
src/cli/main.cpp	2136	2136	src/adapters/upgrade/upgrade_cli_args.cpp	26	26	edited	Preserve non-TUI dispatch order and exit codes
src/cli/main.cpp	2137	2137	src/adapters/upgrade/upgrade_cli_args.cpp	27	27	edited	Preserve non-TUI dispatch order and exit codes
src/cli/main.cpp	2138	2138	src/adapters/upgrade/upgrade_cli_args.cpp	28	28	edited	Preserve non-TUI dispatch order and exit codes
src/cli/main.cpp	2139	2164	src/apps/cli/command_dispatch.cpp	97	122	copy	Byte-identical source lines
src/cli/main.cpp	2165	2165	src/apps/cli/command_dispatch.cpp	122	124	edited	Preserve non-TUI dispatch order and exit codes; signature, state access, ownership or assembly rewritten in this destination
src/cli/main.cpp	2166	2169	src/apps/cli/command_dispatch.cpp	124	127	copy	Byte-identical source lines
src/cli/main.cpp	2170	2170	src/apps/cli/command_dispatch.cpp	127	129	edited	Preserve non-TUI dispatch order and exit codes; signature, state access, ownership or assembly rewritten in this destination
src/cli/main.cpp	2171	2174	src/apps/cli/command_dispatch.cpp	129	132	copy	Byte-identical source lines
src/cli/main.cpp	2175	2175	src/apps/cli/command_dispatch.cpp	132	134	edited	Preserve non-TUI dispatch order and exit codes; signature, state access, ownership or assembly rewritten in this destination
src/cli/main.cpp	2176	2199	src/apps/cli/command_dispatch.cpp	134	157	copy	Byte-identical source lines
src/cli/main.cpp	2200	2200	src/base/platform/utf8_command_line.cpp	25	25	edited	Preserve non-TUI dispatch order and exit codes
src/cli/main.cpp	2201	2201	src/base/platform/utf8_command_line.cpp	26	26	copy	Byte-identical source lines
src/cli/main.cpp	2202	2202	src/base/platform/utf8_command_line.cpp	27	27	edited	Preserve non-TUI dispatch order and exit codes
src/cli/main.cpp	2203	2203	src/base/platform/utf8_command_line.cpp	27	29	edited	Preserve non-TUI dispatch order and exit codes; signature, state access, ownership or assembly rewritten in this destination
src/cli/main.cpp	2204	2204	src/base/platform/utf8_command_line.cpp	29	29	edited	Preserve non-TUI dispatch order and exit codes
src/cli/main.cpp	2205	2205	src/base/platform/utf8_command_line.cpp	30	30	edited	Preserve non-TUI dispatch order and exit codes
src/cli/main.cpp	2206	2206	src/base/platform/utf8_command_line.cpp	31	31	edited	Preserve non-TUI dispatch order and exit codes
src/cli/main.cpp	2207	2207	src/base/platform/utf8_command_line.cpp	32	32	edited	Preserve non-TUI dispatch order and exit codes
src/cli/main.cpp	2208	2208	src/base/platform/utf8_command_line.cpp	33	33	edited	Preserve non-TUI dispatch order and exit codes
src/cli/main.cpp	2209	2209	src/base/platform/utf8_command_line.cpp	34	34	edited	Preserve non-TUI dispatch order and exit codes
src/cli/main.cpp	2210	2210	src/base/platform/utf8_command_line.cpp	35	35	edited	Preserve non-TUI dispatch order and exit codes
src/cli/main.cpp	2211	2211	src/base/platform/utf8_command_line.cpp	36	36	edited	Preserve non-TUI dispatch order and exit codes
src/cli/main.cpp	2212	2212	src/base/platform/utf8_command_line.cpp	37	37	copy	Byte-identical source lines
src/cli/main.cpp	2213	2213	src/base/platform/utf8_command_line.cpp	39	39	edited	Preserve non-TUI dispatch order and exit codes
src/cli/main.cpp	2214	2214	src/base/platform/utf8_command_line.cpp	40	40	copy	Byte-identical source lines
src/cli/main.cpp	2215	2251	src/apps/cli/command_dispatch.cpp	159	195	copy	Byte-identical source lines
src/cli/main.cpp	2252	2252	src/apps/cli/pre_tui_commands.cpp	9	12	edited	Pre-TUI model catalog and configuration commands; signature, state access, ownership or assembly rewritten in this destination
src/cli/main.cpp	2253	2285	src/apps/cli/pre_tui_commands.cpp	12	44	copy	Byte-identical source lines
src/cli/main.cpp	2286	2286	src/apps/cli/pre_tui_commands.cpp	44	46	edited	Pre-TUI model catalog and configuration commands; signature, state access, ownership or assembly rewritten in this destination
src/cli/main.cpp	2287	2301	src/apps/cli/pre_tui_commands.cpp	46	60	copy	Byte-identical source lines
src/cli/main.cpp	2302	2302	src/apps/tui/app/startup_environment.cpp	39	39	copy	Byte-identical source lines
src/cli/main.cpp	2303	2303	src/apps/tui/app/startup_environment.cpp	39	41	edited	Terminal availability, title and log initialization; signature, state access, ownership or assembly rewritten in this destination
src/cli/main.cpp	2304	2342	src/apps/tui/app/startup_environment.cpp	41	79	copy	Byte-identical source lines
src/cli/main.cpp	2343	2372	src/apps/tui/app/tui_runtime_init.cpp	41	70	copy	Byte-identical source lines
src/cli/main.cpp	2373	2375	src/apps/tui/app/tui_runtime_init.cpp	70	72	edited	Initialize proxy, catalog and web-search runtime with owned background work; signature, state access, ownership or assembly rewritten in this destination
src/cli/main.cpp	2376	2390	src/apps/tui/app/tui_runtime_init.cpp	72	86	copy	Byte-identical source lines
src/cli/main.cpp	2391	2397	src/apps/tui/app/tui_runtime_init.cpp	86	93	edited	Initialize proxy, catalog and web-search runtime with owned background work; signature, state access, ownership or assembly rewritten in this destination
src/cli/main.cpp	2398	2401	src/apps/tui/app/update_check_task.cpp	6	10	edited	Owned startup update task; signature, state access, ownership or assembly rewritten in this destination
src/cli/main.cpp	2402	2402	src/apps/tui/app/update_check_task.cpp	10	10	edited	Owned startup update task
src/cli/main.cpp	2403	2403	src/apps/tui/app/update_check_task.cpp	11	11	edited	Owned startup update task
src/cli/main.cpp	2404	2404	src/apps/tui/app/update_check_task.cpp	12	12	edited	Owned startup update task
src/cli/main.cpp	2405	2405	src/apps/tui/app/update_check_task.cpp	13	13	edited	Owned startup update task
src/cli/main.cpp	2406	2406	src/apps/tui/app/update_check_task.cpp	14	14	edited	Owned startup update task
src/cli/main.cpp	2407	2407	src/apps/tui/app/update_check_task.cpp	15	15	edited	Owned startup update task
src/cli/main.cpp	2408	2408	src/apps/tui/app/update_check_task.cpp	15	17	edited	Owned startup update task; signature, state access, ownership or assembly rewritten in this destination
src/cli/main.cpp	2409	2409	src/apps/tui/app/update_check_task.cpp	17	17	edited	Owned startup update task
src/cli/main.cpp	2410	2410	src/apps/tui/app/update_check_task.cpp	18	18	edited	Owned startup update task
src/cli/main.cpp	2411	2411	src/apps/tui/app/update_check_task.cpp	19	19	edited	Owned startup update task
src/cli/main.cpp	2412	2412	src/apps/tui/app/update_check_task.cpp	20	20	edited	Owned startup update task
src/cli/main.cpp	2413	2413	src/apps/tui/app/update_check_task.cpp	21	21	edited	Owned startup update task
src/cli/main.cpp	2414	2414	src/apps/tui/app/update_check_task.cpp	22	22	edited	Owned startup update task
src/cli/main.cpp	2415	2415	src/apps/tui/app/update_check_task.cpp	23	23	edited	Owned startup update task
src/cli/main.cpp	2416	2416	src/apps/tui/app/update_check_task.cpp	24	24	edited	Owned startup update task
src/cli/main.cpp	2417	2417	src/apps/tui/app/update_check_task.cpp	25	25	edited	Owned startup update task
src/cli/main.cpp	2418	2418	src/apps/tui/app/update_check_task.cpp	26	26	edited	Owned startup update task
src/cli/main.cpp	2419	2425	src/apps/tui/app/update_check_task.cpp	26	28	edited	Owned startup update task; signature, state access, ownership or assembly rewritten in this destination
src/cli/main.cpp	2426	2454	src/apps/tui/app/tui_runtime_init.cpp	91	119	copy	Byte-identical source lines
src/cli/main.cpp	2455	2499	src/apps/tui/model/initial_state.cpp	14	58	copy	Byte-identical source lines
src/cli/main.cpp	2500	2523	src/apps/tui/model/initial_state.cpp	58	60	edited	Restore history and startup status; signature, state access, ownership or assembly rewritten in this destination
src/cli/main.cpp	2524	2545	src/apps/tui/model/initial_state.cpp	60	81	copy	Byte-identical source lines
src/cli/main.cpp	2546	2546	src/domain/permissions/default_rules.cpp	4	7	edited	Apply default permission rules; signature, state access, ownership or assembly rewritten in this destination
src/cli/main.cpp	2547	2550	src/domain/permissions/default_rules.cpp	7	10	copy	Byte-identical source lines
src/cli/main.cpp	2551	2551	src/domain/permissions/default_rules.cpp	10	12	edited	Apply default permission rules; signature, state access, ownership or assembly rewritten in this destination
src/cli/main.cpp	2552	2553	src/domain/permissions/default_rules.cpp	12	13	copy	Byte-identical source lines
src/cli/main.cpp	2554	2554	src/domain/permissions/default_rules.cpp	13	15	edited	Apply default permission rules; signature, state access, ownership or assembly rewritten in this destination
src/cli/main.cpp	2555	2569	src/domain/permissions/default_rules.cpp	15	29	copy	Byte-identical source lines
src/cli/main.cpp	2570	2570	src/apps/tui/commands/command_bootstrap.cpp	8	11	edited	Register slash commands; signature, state access, ownership or assembly rewritten in this destination
src/cli/main.cpp	2571	2587	src/apps/tui/commands/command_bootstrap.cpp	11	27	copy	Byte-identical source lines
src/cli/main.cpp	2588	2607	src/apps/tui/app/tui_screen_host.cpp	1	36	edited	Run screen with scoped terminal and console registrations; signature, state access, ownership or assembly rewritten in this destination
src/cli/main.cpp	2608	2684	src/apps/tui/app/tui_app_shutdown.cpp	1	119	edited	Ordered shutdown stops producers, workers and dependent services; signature, state access, ownership or assembly rewritten in this destination
src/cli/main.cpp	2685	2718	src/apps/tui/app/startup_worktree.cpp	83	116	copy	Byte-identical source lines
src/cli/main.cpp	2719	2737	src/apps/tui/app/tui_app_shutdown.cpp	1	119	edited	Finalize history, clear process registration and print resume hint; signature, state access, ownership or assembly rewritten in this destination
src/cli/main.cpp	2738	2738	src/apps/tui/app/startup_worktree.cpp	14	17	edited	Bootstrap a startup worktree; signature, state access, ownership or assembly rewritten in this destination
src/cli/main.cpp	2739	2803	src/apps/tui/app/startup_worktree.cpp	17	81	copy	Byte-identical source lines
src/cli/main.cpp	2804	2805	src/apps/tui/app/startup_worktree.cpp	81	84	edited	Bootstrap a startup worktree; signature, state access, ownership or assembly rewritten in this destination
src/cli/main.cpp	2806	2806	src/apps/tui/app/startup_environment.cpp	78	81	edited	Prepare terminal, cwd, logging and workspace index; signature, state access, ownership or assembly rewritten in this destination
src/cli/main.cpp	2807	2826	src/apps/tui/app/startup_environment.cpp	81	100	copy	Byte-identical source lines
src/cli/main.cpp	2827	2827	src/apps/tui/app/startup_environment.cpp	100	102	edited	Prepare terminal, cwd, logging and workspace index; signature, state access, ownership or assembly rewritten in this destination
src/cli/main.cpp	2828	2828	src/apps/tui/app/tui_runtime_init.cpp	118	121	edited	Load configuration, provider and tool registries; signature, state access, ownership or assembly rewritten in this destination
src/cli/main.cpp	2829	2836	src/apps/tui/app/tui_runtime_init.cpp	121	128	copy	Byte-identical source lines
src/cli/main.cpp	2837	2838	src/apps/tui/app/tui_runtime_init.cpp	128	130	edited	Load configuration, provider and tool registries; signature, state access, ownership or assembly rewritten in this destination
src/cli/main.cpp	2839	2862	src/apps/tui/app/tui_runtime_init.cpp	130	153	copy	Byte-identical source lines
src/cli/main.cpp	2863	2864	src/apps/tui/app/tui_runtime_init.cpp	153	155	edited	Load configuration, provider and tool registries; signature, state access, ownership or assembly rewritten in this destination
src/cli/main.cpp	2865	2912	src/apps/tui/app/tui_runtime_init.cpp	155	202	copy	Byte-identical source lines
src/cli/main.cpp	2913	2914	src/apps/tui/app/tui_runtime_init.cpp	202	204	edited	Load configuration, provider and tool registries; signature, state access, ownership or assembly rewritten in this destination
src/cli/main.cpp	2915	2940	src/apps/tui/app/tui_runtime_init.cpp	204	229	copy	Byte-identical source lines
src/cli/main.cpp	2941	2941	src/apps/tui/app/tui_runtime_init.cpp	229	232	edited	Load configuration, provider and tool registries; signature, state access, ownership or assembly rewritten in this destination
src/cli/main.cpp	2942	2942	src/apps/tui/model/initial_state.cpp	80	83	edited	Initialize visible TUI state before screen creation; signature, state access, ownership or assembly rewritten in this destination
src/cli/main.cpp	2943	2959	src/apps/tui/model/initial_state.cpp	83	99	copy	Byte-identical source lines
src/cli/main.cpp	2960	2960	src/apps/tui/model/initial_state.cpp	99	101	edited	Initialize visible TUI state before screen creation; signature, state access, ownership or assembly rewritten in this destination
src/cli/main.cpp	2961	2961	src/apps/tui/app/tui_runtime_init.cpp	228	231	edited	Initialize theme and select terminal render mode; signature, state access, ownership or assembly rewritten in this destination
src/cli/main.cpp	2962	2986	src/apps/tui/app/tui_runtime_init.cpp	231	255	copy	Byte-identical source lines
src/cli/main.cpp	2987	3029	src/apps/tui/render/frame_renderer.hpp	1	37	edited	Renderer dependencies and geometry replace the local reference bundle; signature, state access, ownership or assembly rewritten in this destination
src/cli/main.cpp	3030	3031	src/apps/tui/render/link_hover_tooltip.cpp	24	27	edited	Render hyperlink tooltip; signature, state access, ownership or assembly rewritten in this destination
src/cli/main.cpp	3032	3033	src/apps/tui/render/link_hover_tooltip.cpp	27	28	copy	Byte-identical source lines
src/cli/main.cpp	3034	3035	src/apps/tui/render/link_hover_tooltip.cpp	28	31	edited	Render hyperlink tooltip; signature, state access, ownership or assembly rewritten in this destination
src/cli/main.cpp	3036	3039	src/apps/tui/render/link_hover_tooltip.cpp	31	34	copy	Byte-identical source lines
src/cli/main.cpp	3040	3040	src/apps/tui/render/link_hover_tooltip.cpp	34	36	edited	Render hyperlink tooltip; signature, state access, ownership or assembly rewritten in this destination
src/cli/main.cpp	3041	3043	src/apps/tui/render/link_hover_tooltip.cpp	36	38	copy	Byte-identical source lines
src/cli/main.cpp	3044	3044	src/apps/tui/render/link_hover_tooltip.cpp	38	40	edited	Render hyperlink tooltip; signature, state access, ownership or assembly rewritten in this destination
src/cli/main.cpp	3045	3049	src/apps/tui/render/link_hover_tooltip.cpp	40	44	copy	Byte-identical source lines
src/cli/main.cpp	3050	3053	src/apps/tui/render/link_hover_tooltip.cpp	44	49	edited	Render hyperlink tooltip; signature, state access, ownership or assembly rewritten in this destination
src/cli/main.cpp	3054	3057	src/apps/tui/render/link_hover_tooltip.cpp	49	52	copy	Byte-identical source lines
src/cli/main.cpp	3058	3059	src/apps/tui/render/link_hover_tooltip.cpp	52	64	edited	Render hyperlink tooltip; signature, state access, ownership or assembly rewritten in this destination
src/cli/main.cpp	3060	3076	src/apps/tui/render/link_hover_tooltip.cpp	64	80	copy	Byte-identical source lines
src/cli/main.cpp	3077	3077	src/apps/tui/render/link_hover_tooltip.cpp	80	81	edited	Render hyperlink tooltip; signature, state access, ownership or assembly rewritten in this destination
src/cli/main.cpp	3078	3109	src/apps/tui/render/frame_renderer.cpp	42	74	edited	Frame assembly and injected terminal dimensions; signature, state access, ownership or assembly rewritten in this destination
src/cli/main.cpp	3110	3110	src/apps/tui/render/frame_renderer.cpp	74	74	copy	Byte-identical source lines
src/cli/main.cpp	3111	3115	src/apps/tui/render/frame_renderer.cpp	74	78	edited	Frame assembly and injected terminal dimensions; signature, state access, ownership or assembly rewritten in this destination
src/cli/main.cpp	3116	3124	src/apps/tui/render/frame_renderer.cpp	78	86	copy	Byte-identical source lines
src/cli/main.cpp	3125	3127	src/apps/tui/render/frame_renderer.cpp	86	89	edited	Frame assembly and injected terminal dimensions; signature, state access, ownership or assembly rewritten in this destination
src/cli/main.cpp	3128	3128	src/apps/tui/render/frame_layout.cpp	5	8	edited	Prepare geometry, selection compensation and measured viewport; signature, state access, ownership or assembly rewritten in this destination
src/cli/main.cpp	3129	3129	src/apps/tui/render/frame_layout.cpp	8	8	copy	Byte-identical source lines
src/cli/main.cpp	3130	3131	src/apps/tui/render/prepare_frame.cpp	23	94	edited	Prepare geometry, selection compensation and measured viewport; signature, state access, ownership or assembly rewritten in this destination
src/cli/main.cpp	3132	3148	src/apps/tui/render/prepare_frame.cpp	25	41	copy	Byte-identical source lines
src/cli/main.cpp	3149	3150	src/apps/tui/render/prepare_frame.cpp	23	94	edited	Prepare geometry, selection compensation and measured viewport; signature, state access, ownership or assembly rewritten in this destination
src/cli/main.cpp	3151	3153	src/apps/tui/render/frame_layout.cpp	10	12	copy	Byte-identical source lines
src/cli/main.cpp	3154	3158	src/apps/tui/render/prepare_frame.cpp	23	94	edited	Prepare geometry, selection compensation and measured viewport; signature, state access, ownership or assembly rewritten in this destination
src/cli/main.cpp	3159	3179	src/apps/tui/render/prepare_frame.cpp	46	66	copy	Byte-identical source lines
src/cli/main.cpp	3180	3180	src/apps/tui/render/prepare_frame.cpp	66	68	edited	Prepare geometry, selection compensation and measured viewport; signature, state access, ownership or assembly rewritten in this destination
src/cli/main.cpp	3181	3186	src/apps/tui/render/prepare_frame.cpp	68	73	copy	Byte-identical source lines
src/cli/main.cpp	3187	3188	src/apps/tui/render/prepare_frame.cpp	73	76	edited	Prepare geometry, selection compensation and measured viewport; signature, state access, ownership or assembly rewritten in this destination
src/cli/main.cpp	3189	3205	src/apps/tui/render/prepare_frame.cpp	76	92	copy	Byte-identical source lines
src/cli/main.cpp	3206	3251	src/apps/tui/render/header_view.cpp	26	71	copy	Byte-identical source lines
src/cli/main.cpp	3252	3288	src/apps/tui/render/transcript_view.cpp	49	85	copy	Byte-identical source lines
src/cli/main.cpp	3289	3289	src/apps/tui/render/transcript_view.cpp	85	87	edited	Transcript measurement, caching and focus; signature, state access, ownership or assembly rewritten in this destination
src/cli/main.cpp	3290	3324	src/apps/tui/render/transcript_view.cpp	87	121	copy	Byte-identical source lines
src/cli/main.cpp	3325	3325	src/apps/tui/render/transcript_view.cpp	87	121	edited	Transcript measurement, caching and focus; signature, state access, ownership or assembly rewritten in this destination
src/cli/main.cpp	3326	3326	src/apps/tui/render/transcript_view.cpp	87	87	edited	Transcript measurement, caching and focus
src/cli/main.cpp	3327	3328	src/apps/tui/render/transcript_view.cpp	87	125	edited	Transcript measurement, caching and focus; signature, state access, ownership or assembly rewritten in this destination
src/cli/main.cpp	3329	3364	src/apps/tui/render/transcript_view.cpp	125	160	copy	Byte-identical source lines
src/cli/main.cpp	3365	3367	src/apps/tui/render/transcript_view.cpp	160	163	edited	Transcript measurement, caching and focus; signature, state access, ownership or assembly rewritten in this destination
src/cli/main.cpp	3368	3368	src/apps/tui/render/message_row_views.cpp	21	21	edited	Render user and assistant message rows
src/cli/main.cpp	3369	3369	src/apps/tui/render/message_row_views.cpp	22	22	edited	Render user and assistant message rows
src/cli/main.cpp	3370	3370	src/apps/tui/render/message_row_views.cpp	23	23	edited	Render user and assistant message rows
src/cli/main.cpp	3371	3371	src/apps/tui/render/message_row_views.cpp	24	24	edited	Render user and assistant message rows
src/cli/main.cpp	3372	3372	src/apps/tui/render/message_row_views.cpp	25	25	edited	Render user and assistant message rows
src/cli/main.cpp	3373	3373	src/apps/tui/render/message_row_views.cpp	26	26	edited	Render user and assistant message rows
src/cli/main.cpp	3374	3374	src/apps/tui/render/message_row_views.cpp	27	27	edited	Render user and assistant message rows
src/cli/main.cpp	3375	3375	src/apps/tui/render/message_row_views.cpp	28	28	edited	Render user and assistant message rows
src/cli/main.cpp	3376	3376	src/apps/tui/render/message_row_views.cpp	29	29	edited	Render user and assistant message rows
src/cli/main.cpp	3377	3377	src/apps/tui/render/message_row_views.cpp	30	30	edited	Render user and assistant message rows
src/cli/main.cpp	3378	3378	src/apps/tui/render/message_row_views.cpp	31	31	edited	Render user and assistant message rows
src/cli/main.cpp	3379	3379	src/apps/tui/render/message_row_views.cpp	32	32	edited	Render user and assistant message rows
src/cli/main.cpp	3380	3381	src/apps/tui/render/message_row_views.cpp	19	48	edited	Render user and assistant message rows; signature, state access, ownership or assembly rewritten in this destination
src/cli/main.cpp	3382	3382	src/apps/tui/render/transcript_view.cpp	164	164	copy	Byte-identical source lines
src/cli/main.cpp	3383	3383	src/apps/tui/render/message_row_views.cpp	36	36	edited	Render user and assistant message rows
src/cli/main.cpp	3384	3384	src/apps/tui/render/message_row_views.cpp	37	37	edited	Render user and assistant message rows
src/cli/main.cpp	3385	3385	src/apps/tui/render/message_row_views.cpp	38	38	edited	Render user and assistant message rows
src/cli/main.cpp	3386	3386	src/apps/tui/render/message_row_views.cpp	39	39	edited	Render user and assistant message rows
src/cli/main.cpp	3387	3388	src/apps/tui/render/message_row_views.cpp	39	40	edited	Render user and assistant message rows; signature, state access, ownership or assembly rewritten in this destination
src/cli/main.cpp	3389	3389	src/apps/tui/render/message_row_views.cpp	40	40	edited	Render user and assistant message rows
src/cli/main.cpp	3390	3390	src/apps/tui/render/message_row_views.cpp	41	41	edited	Render user and assistant message rows
src/cli/main.cpp	3391	3391	src/apps/tui/render/message_row_views.cpp	42	42	edited	Render user and assistant message rows
src/cli/main.cpp	3392	3392	src/apps/tui/render/message_row_views.cpp	43	43	edited	Render user and assistant message rows
src/cli/main.cpp	3393	3393	src/apps/tui/render/message_row_views.cpp	44	44	edited	Render user and assistant message rows
src/cli/main.cpp	3394	3394	src/apps/tui/render/message_row_views.cpp	45	45	edited	Render user and assistant message rows
src/cli/main.cpp	3395	3395	src/apps/tui/render/message_row_views.cpp	46	46	edited	Render user and assistant message rows
src/cli/main.cpp	3396	3397	src/apps/tui/render/message_row_views.cpp	19	48	edited	Render user and assistant message rows; signature, state access, ownership or assembly rewritten in this destination
src/cli/main.cpp	3398	3398	src/apps/tui/render/transcript_view.cpp	168	168	copy	Byte-identical source lines
src/cli/main.cpp	3399	3399	src/apps/tui/render/tool_row_view.cpp	95	95	edited	Render tool call rows
src/cli/main.cpp	3400	3400	src/apps/tui/render/tool_row_view.cpp	96	96	edited	Render tool call rows
src/cli/main.cpp	3401	3401	src/apps/tui/render/tool_row_view.cpp	97	97	edited	Render tool call rows
src/cli/main.cpp	3402	3402	src/apps/tui/render/tool_row_view.cpp	98	98	edited	Render tool call rows
src/cli/main.cpp	3403	3403	src/apps/tui/render/tool_row_view.cpp	99	99	edited	Render tool call rows
src/cli/main.cpp	3404	3404	src/apps/tui/render/tool_row_view.cpp	100	100	edited	Render tool call rows
src/cli/main.cpp	3405	3405	src/apps/tui/render/tool_row_view.cpp	101	101	edited	Render tool call rows
src/cli/main.cpp	3406	3406	src/apps/tui/render/tool_row_view.cpp	102	102	edited	Render tool call rows
src/cli/main.cpp	3407	3407	src/apps/tui/render/tool_row_view.cpp	102	104	edited	Render tool call rows; signature, state access, ownership or assembly rewritten in this destination
src/cli/main.cpp	3408	3408	src/apps/tui/render/tool_row_view.cpp	104	104	edited	Render tool call rows
src/cli/main.cpp	3409	3409	src/apps/tui/render/tool_row_view.cpp	104	105	edited	Render tool call rows; signature, state access, ownership or assembly rewritten in this destination
src/cli/main.cpp	3410	3410	src/apps/tui/render/tool_row_view.cpp	105	105	edited	Render tool call rows
src/cli/main.cpp	3411	3411	src/apps/tui/render/tool_row_view.cpp	106	106	edited	Render tool call rows
src/cli/main.cpp	3412	3412	src/apps/tui/render/tool_row_view.cpp	107	107	edited	Render tool call rows
src/cli/main.cpp	3413	3413	src/apps/tui/render/tool_row_view.cpp	108	108	edited	Render tool call rows
src/cli/main.cpp	3414	3414	src/apps/tui/render/tool_row_view.cpp	109	109	edited	Render tool call rows
src/cli/main.cpp	3415	3415	src/apps/tui/render/tool_row_view.cpp	110	110	edited	Render tool call rows
src/cli/main.cpp	3416	3416	src/apps/tui/render/tool_row_view.cpp	111	111	edited	Render tool call rows
src/cli/main.cpp	3417	3417	src/apps/tui/render/tool_row_view.cpp	112	112	edited	Render tool call rows
src/cli/main.cpp	3418	3418	src/apps/tui/render/tool_row_view.cpp	113	113	edited	Render tool call rows
src/cli/main.cpp	3419	3419	src/apps/tui/render/tool_row_view.cpp	114	114	edited	Render tool call rows
src/cli/main.cpp	3420	3420	src/apps/tui/render/tool_row_view.cpp	115	115	edited	Render tool call rows
src/cli/main.cpp	3421	3421	src/apps/tui/render/tool_row_view.cpp	116	116	edited	Render tool call rows
src/cli/main.cpp	3422	3422	src/apps/tui/render/tool_row_view.cpp	117	117	edited	Render tool call rows
src/cli/main.cpp	3423	3423	src/apps/tui/render/tool_row_view.cpp	118	118	edited	Render tool call rows
src/cli/main.cpp	3424	3424	src/apps/tui/render/tool_row_view.cpp	119	119	edited	Render tool call rows
src/cli/main.cpp	3425	3425	src/apps/tui/render/tool_row_view.cpp	120	120	edited	Render tool call rows
src/cli/main.cpp	3426	3426	src/apps/tui/render/tool_row_view.cpp	121	121	edited	Render tool call rows
src/cli/main.cpp	3427	3427	src/apps/tui/render/tool_row_view.cpp	122	122	edited	Render tool call rows
src/cli/main.cpp	3428	3428	src/apps/tui/render/tool_row_view.cpp	123	123	edited	Render tool call rows
src/cli/main.cpp	3429	3429	src/apps/tui/render/tool_row_view.cpp	124	124	edited	Render tool call rows
src/cli/main.cpp	3430	3430	src/apps/tui/render/tool_row_view.cpp	125	125	edited	Render tool call rows
src/cli/main.cpp	3431	3431	src/apps/tui/render/tool_row_view.cpp	126	126	edited	Render tool call rows
src/cli/main.cpp	3432	3432	src/apps/tui/render/tool_row_view.cpp	127	127	edited	Render tool call rows
src/cli/main.cpp	3433	3433	src/apps/tui/render/tool_row_view.cpp	128	128	edited	Render tool call rows
src/cli/main.cpp	3434	3434	src/apps/tui/render/tool_row_view.cpp	129	129	edited	Render tool call rows
src/cli/main.cpp	3435	3435	src/apps/tui/render/tool_row_view.cpp	130	130	edited	Render tool call rows
src/cli/main.cpp	3436	3436	src/apps/tui/render/tool_row_view.cpp	131	131	edited	Render tool call rows
src/cli/main.cpp	3437	3437	src/apps/tui/render/tool_row_view.cpp	132	132	edited	Render tool call rows
src/cli/main.cpp	3438	3438	src/apps/tui/render/tool_row_view.cpp	133	133	edited	Render tool call rows
src/cli/main.cpp	3439	3439	src/apps/tui/render/tool_row_view.cpp	134	134	edited	Render tool call rows
src/cli/main.cpp	3440	3440	src/apps/tui/render/tool_row_view.cpp	135	135	edited	Render tool call rows
src/cli/main.cpp	3441	3441	src/apps/tui/render/tool_row_view.cpp	136	136	edited	Render tool call rows
src/cli/main.cpp	3442	3443	src/apps/tui/render/tool_row_view.cpp	93	138	edited	Render tool call rows; signature, state access, ownership or assembly rewritten in this destination
src/cli/main.cpp	3444	3444	src/apps/tui/render/transcript_view.cpp	171	171	copy	Byte-identical source lines
src/cli/main.cpp	3445	3451	src/apps/tui/render/message_row_views.cpp	36	43	edited	Render full shell, task-complete and question output; signature, state access, ownership or assembly rewritten in this destination
src/cli/main.cpp	3452	3452	src/apps/tui/render/message_row_views.cpp	43	43	edited	Render full shell, task-complete and question output
src/cli/main.cpp	3453	3453	src/apps/tui/render/message_row_views.cpp	44	44	edited	Render full shell, task-complete and question output
src/cli/main.cpp	3454	3454	src/apps/tui/render/message_row_views.cpp	45	45	edited	Render full shell, task-complete and question output
src/cli/main.cpp	3455	3455	src/apps/tui/render/message_row_views.cpp	46	46	edited	Render full shell, task-complete and question output
src/cli/main.cpp	3456	3457	src/apps/tui/render/message_row_views.cpp	41	86	edited	Render full shell, task-complete and question output; signature, state access, ownership or assembly rewritten in this destination
src/cli/main.cpp	3458	3458	src/apps/tui/render/transcript_view.cpp	174	174	copy	Byte-identical source lines
src/cli/main.cpp	3459	3469	src/apps/tui/render/message_row_views.cpp	41	86	edited	Render full shell, task-complete and question output; signature, state access, ownership or assembly rewritten in this destination
src/cli/main.cpp	3470	3470	src/apps/tui/render/message_row_views.cpp	72	72	edited	Render full shell, task-complete and question output
src/cli/main.cpp	3471	3471	src/apps/tui/render/message_row_views.cpp	73	73	edited	Render full shell, task-complete and question output
src/cli/main.cpp	3472	3472	src/apps/tui/render/message_row_views.cpp	74	74	edited	Render full shell, task-complete and question output
src/cli/main.cpp	3473	3473	src/apps/tui/render/message_row_views.cpp	75	75	edited	Render full shell, task-complete and question output
src/cli/main.cpp	3474	3485	src/apps/tui/render/message_row_views.cpp	75	81	edited	Render full shell, task-complete and question output; signature, state access, ownership or assembly rewritten in this destination
src/cli/main.cpp	3486	3486	src/apps/tui/render/message_row_views.cpp	81	81	edited	Render full shell, task-complete and question output
src/cli/main.cpp	3487	3487	src/apps/tui/render/message_row_views.cpp	82	82	edited	Render full shell, task-complete and question output
src/cli/main.cpp	3488	3488	src/apps/tui/render/message_row_views.cpp	83	83	edited	Render full shell, task-complete and question output
src/cli/main.cpp	3489	3489	src/apps/tui/render/message_row_views.cpp	84	84	edited	Render full shell, task-complete and question output
src/cli/main.cpp	3490	3491	src/apps/tui/render/message_row_views.cpp	41	86	edited	Render full shell, task-complete and question output; signature, state access, ownership or assembly rewritten in this destination
src/cli/main.cpp	3492	3492	src/apps/tui/render/transcript_view.cpp	180	180	copy	Byte-identical source lines
src/cli/main.cpp	3493	3493	src/apps/tui/render/tool_row_view.cpp	141	141	edited	Render tool results with summary, diff and fold precedence
src/cli/main.cpp	3494	3494	src/apps/tui/render/tool_row_view.cpp	142	142	edited	Render tool results with summary, diff and fold precedence
src/cli/main.cpp	3495	3495	src/apps/tui/render/tool_row_view.cpp	143	143	edited	Render tool results with summary, diff and fold precedence
src/cli/main.cpp	3496	3496	src/apps/tui/render/tool_row_view.cpp	143	145	edited	Render tool results with summary, diff and fold precedence; signature, state access, ownership or assembly rewritten in this destination
src/cli/main.cpp	3497	3497	src/apps/tui/render/tool_row_view.cpp	145	145	edited	Render tool results with summary, diff and fold precedence
src/cli/main.cpp	3498	3498	src/apps/tui/render/tool_row_view.cpp	146	146	edited	Render tool results with summary, diff and fold precedence
src/cli/main.cpp	3499	3499	src/apps/tui/render/tool_row_view.cpp	147	147	edited	Render tool results with summary, diff and fold precedence
src/cli/main.cpp	3500	3500	src/apps/tui/render/tool_row_view.cpp	148	148	edited	Render tool results with summary, diff and fold precedence
src/cli/main.cpp	3501	3501	src/apps/tui/render/tool_row_view.cpp	149	149	edited	Render tool results with summary, diff and fold precedence
src/cli/main.cpp	3502	3502	src/apps/tui/render/tool_row_view.cpp	150	150	edited	Render tool results with summary, diff and fold precedence
src/cli/main.cpp	3503	3503	src/apps/tui/render/tool_row_view.cpp	151	151	edited	Render tool results with summary, diff and fold precedence
src/cli/main.cpp	3504	3504	src/apps/tui/render/tool_row_view.cpp	152	152	edited	Render tool results with summary, diff and fold precedence
src/cli/main.cpp	3505	3505	src/apps/tui/render/tool_row_view.cpp	153	153	edited	Render tool results with summary, diff and fold precedence
src/cli/main.cpp	3506	3506	src/apps/tui/render/tool_row_view.cpp	154	154	edited	Render tool results with summary, diff and fold precedence
src/cli/main.cpp	3507	3507	src/apps/tui/render/tool_row_view.cpp	155	155	edited	Render tool results with summary, diff and fold precedence
src/cli/main.cpp	3508	3508	src/apps/tui/render/tool_row_view.cpp	156	156	edited	Render tool results with summary, diff and fold precedence
src/cli/main.cpp	3509	3509	src/apps/tui/render/tool_row_view.cpp	157	157	edited	Render tool results with summary, diff and fold precedence
src/cli/main.cpp	3510	3510	src/apps/tui/render/tool_row_view.cpp	158	158	edited	Render tool results with summary, diff and fold precedence
src/cli/main.cpp	3511	3511	src/apps/tui/render/tool_row_view.cpp	159	159	edited	Render tool results with summary, diff and fold precedence
src/cli/main.cpp	3512	3512	src/apps/tui/render/tool_row_view.cpp	160	160	edited	Render tool results with summary, diff and fold precedence
src/cli/main.cpp	3513	3513	src/apps/tui/render/tool_row_view.cpp	161	161	edited	Render tool results with summary, diff and fold precedence
src/cli/main.cpp	3514	3514	src/apps/tui/render/tool_row_view.cpp	162	162	edited	Render tool results with summary, diff and fold precedence
src/cli/main.cpp	3515	3515	src/apps/tui/render/tool_row_view.cpp	163	163	edited	Render tool results with summary, diff and fold precedence
src/cli/main.cpp	3516	3516	src/apps/tui/render/tool_row_view.cpp	164	164	edited	Render tool results with summary, diff and fold precedence
src/cli/main.cpp	3517	3517	src/apps/tui/render/tool_row_view.cpp	165	165	edited	Render tool results with summary, diff and fold precedence
src/cli/main.cpp	3518	3518	src/apps/tui/render/tool_row_view.cpp	166	166	edited	Render tool results with summary, diff and fold precedence
src/cli/main.cpp	3519	3519	src/apps/tui/render/tool_row_view.cpp	167	167	edited	Render tool results with summary, diff and fold precedence
src/cli/main.cpp	3520	3520	src/apps/tui/render/tool_row_view.cpp	168	168	edited	Render tool results with summary, diff and fold precedence
src/cli/main.cpp	3521	3521	src/apps/tui/render/tool_row_view.cpp	169	169	edited	Render tool results with summary, diff and fold precedence
src/cli/main.cpp	3522	3522	src/apps/tui/render/tool_row_view.cpp	170	170	edited	Render tool results with summary, diff and fold precedence
src/cli/main.cpp	3523	3523	src/apps/tui/render/tool_row_view.cpp	171	171	edited	Render tool results with summary, diff and fold precedence
src/cli/main.cpp	3524	3524	src/apps/tui/render/tool_row_view.cpp	172	172	edited	Render tool results with summary, diff and fold precedence
src/cli/main.cpp	3525	3525	src/apps/tui/render/tool_row_view.cpp	173	173	edited	Render tool results with summary, diff and fold precedence
src/cli/main.cpp	3526	3526	src/apps/tui/render/tool_row_view.cpp	174	174	edited	Render tool results with summary, diff and fold precedence
src/cli/main.cpp	3527	3527	src/apps/tui/render/tool_row_view.cpp	175	175	edited	Render tool results with summary, diff and fold precedence
src/cli/main.cpp	3528	3528	src/apps/tui/render/tool_row_view.cpp	176	176	edited	Render tool results with summary, diff and fold precedence
src/cli/main.cpp	3529	3529	src/apps/tui/render/tool_row_view.cpp	177	177	edited	Render tool results with summary, diff and fold precedence
src/cli/main.cpp	3530	3530	src/apps/tui/render/tool_row_view.cpp	178	178	edited	Render tool results with summary, diff and fold precedence
src/cli/main.cpp	3531	3531	src/apps/tui/render/tool_row_view.cpp	179	179	copy	Byte-identical source lines
src/cli/main.cpp	3532	3532	src/apps/tui/render/tool_row_view.cpp	180	180	edited	Render tool results with summary, diff and fold precedence
src/cli/main.cpp	3533	3533	src/apps/tui/render/tool_row_view.cpp	181	181	edited	Render tool results with summary, diff and fold precedence
src/cli/main.cpp	3534	3534	src/apps/tui/render/tool_row_view.cpp	182	182	edited	Render tool results with summary, diff and fold precedence
src/cli/main.cpp	3535	3535	src/apps/tui/render/tool_row_view.cpp	183	183	edited	Render tool results with summary, diff and fold precedence
src/cli/main.cpp	3536	3536	src/apps/tui/render/tool_row_view.cpp	184	184	edited	Render tool results with summary, diff and fold precedence
src/cli/main.cpp	3537	3537	src/apps/tui/render/tool_row_view.cpp	185	185	edited	Render tool results with summary, diff and fold precedence
src/cli/main.cpp	3538	3538	src/apps/tui/render/tool_row_view.cpp	186	186	edited	Render tool results with summary, diff and fold precedence
src/cli/main.cpp	3539	3539	src/apps/tui/render/tool_row_view.cpp	187	187	edited	Render tool results with summary, diff and fold precedence
src/cli/main.cpp	3540	3540	src/apps/tui/render/tool_row_view.cpp	188	188	edited	Render tool results with summary, diff and fold precedence
src/cli/main.cpp	3541	3541	src/apps/tui/render/tool_row_view.cpp	189	189	edited	Render tool results with summary, diff and fold precedence
src/cli/main.cpp	3542	3542	src/apps/tui/render/tool_row_view.cpp	190	190	edited	Render tool results with summary, diff and fold precedence
src/cli/main.cpp	3543	3543	src/apps/tui/render/tool_row_view.cpp	191	191	edited	Render tool results with summary, diff and fold precedence
src/cli/main.cpp	3544	3544	src/apps/tui/render/tool_row_view.cpp	192	192	edited	Render tool results with summary, diff and fold precedence
src/cli/main.cpp	3545	3545	src/apps/tui/render/tool_row_view.cpp	193	193	edited	Render tool results with summary, diff and fold precedence
src/cli/main.cpp	3546	3546	src/apps/tui/render/tool_row_view.cpp	194	194	edited	Render tool results with summary, diff and fold precedence
src/cli/main.cpp	3547	3547	src/apps/tui/render/tool_row_view.cpp	195	195	edited	Render tool results with summary, diff and fold precedence
src/cli/main.cpp	3548	3548	src/apps/tui/render/tool_row_view.cpp	196	196	edited	Render tool results with summary, diff and fold precedence
src/cli/main.cpp	3549	3549	src/apps/tui/render/tool_row_view.cpp	197	197	edited	Render tool results with summary, diff and fold precedence
src/cli/main.cpp	3550	3550	src/apps/tui/render/tool_row_view.cpp	198	198	edited	Render tool results with summary, diff and fold precedence
src/cli/main.cpp	3551	3551	src/apps/tui/render/tool_row_view.cpp	199	199	copy	Byte-identical source lines
src/cli/main.cpp	3552	3552	src/apps/tui/render/tool_row_view.cpp	200	200	edited	Render tool results with summary, diff and fold precedence
src/cli/main.cpp	3553	3553	src/apps/tui/render/tool_row_view.cpp	201	201	edited	Render tool results with summary, diff and fold precedence
src/cli/main.cpp	3554	3554	src/apps/tui/render/tool_row_view.cpp	202	202	edited	Render tool results with summary, diff and fold precedence
src/cli/main.cpp	3555	3555	src/apps/tui/render/tool_row_view.cpp	203	203	edited	Render tool results with summary, diff and fold precedence
src/cli/main.cpp	3556	3556	src/apps/tui/render/tool_row_view.cpp	204	204	edited	Render tool results with summary, diff and fold precedence
src/cli/main.cpp	3557	3557	src/apps/tui/render/tool_row_view.cpp	205	205	edited	Render tool results with summary, diff and fold precedence
src/cli/main.cpp	3558	3558	src/apps/tui/render/tool_row_view.cpp	206	206	edited	Render tool results with summary, diff and fold precedence
src/cli/main.cpp	3559	3559	src/apps/tui/render/tool_row_view.cpp	207	207	edited	Render tool results with summary, diff and fold precedence
src/cli/main.cpp	3560	3560	src/apps/tui/render/tool_row_view.cpp	208	208	edited	Render tool results with summary, diff and fold precedence
src/cli/main.cpp	3561	3561	src/apps/tui/render/tool_row_view.cpp	209	209	edited	Render tool results with summary, diff and fold precedence
src/cli/main.cpp	3562	3562	src/apps/tui/render/tool_row_view.cpp	210	210	edited	Render tool results with summary, diff and fold precedence
src/cli/main.cpp	3563	3563	src/apps/tui/render/tool_row_view.cpp	211	211	copy	Byte-identical source lines
src/cli/main.cpp	3564	3564	src/apps/tui/render/tool_row_view.cpp	212	212	edited	Render tool results with summary, diff and fold precedence
src/cli/main.cpp	3565	3565	src/apps/tui/render/tool_row_view.cpp	213	213	edited	Render tool results with summary, diff and fold precedence
src/cli/main.cpp	3566	3566	src/apps/tui/render/tool_row_view.cpp	214	214	edited	Render tool results with summary, diff and fold precedence
src/cli/main.cpp	3567	3567	src/apps/tui/render/tool_row_view.cpp	215	215	edited	Render tool results with summary, diff and fold precedence
src/cli/main.cpp	3568	3569	src/apps/tui/render/tool_row_view.cpp	215	217	edited	Render tool results with summary, diff and fold precedence; signature, state access, ownership or assembly rewritten in this destination
src/cli/main.cpp	3570	3570	src/apps/tui/render/tool_row_view.cpp	217	217	edited	Render tool results with summary, diff and fold precedence
src/cli/main.cpp	3571	3571	src/apps/tui/render/tool_row_view.cpp	218	218	edited	Render tool results with summary, diff and fold precedence
src/cli/main.cpp	3572	3572	src/apps/tui/render/tool_row_view.cpp	219	219	edited	Render tool results with summary, diff and fold precedence
src/cli/main.cpp	3573	3573	src/apps/tui/render/tool_row_view.cpp	220	220	edited	Render tool results with summary, diff and fold precedence
src/cli/main.cpp	3574	3574	src/apps/tui/render/tool_row_view.cpp	221	221	edited	Render tool results with summary, diff and fold precedence
src/cli/main.cpp	3575	3575	src/apps/tui/render/tool_row_view.cpp	222	222	copy	Byte-identical source lines
src/cli/main.cpp	3576	3576	src/apps/tui/render/tool_row_view.cpp	223	223	edited	Render tool results with summary, diff and fold precedence
src/cli/main.cpp	3577	3577	src/apps/tui/render/tool_row_view.cpp	224	224	edited	Render tool results with summary, diff and fold precedence
src/cli/main.cpp	3578	3578	src/apps/tui/render/tool_row_view.cpp	225	225	edited	Render tool results with summary, diff and fold precedence
src/cli/main.cpp	3579	3579	src/apps/tui/render/tool_row_view.cpp	226	226	edited	Render tool results with summary, diff and fold precedence
src/cli/main.cpp	3580	3580	src/apps/tui/render/tool_row_view.cpp	227	227	edited	Render tool results with summary, diff and fold precedence
src/cli/main.cpp	3581	3581	src/apps/tui/render/tool_row_view.cpp	228	228	edited	Render tool results with summary, diff and fold precedence
src/cli/main.cpp	3582	3582	src/apps/tui/render/tool_row_view.cpp	229	229	edited	Render tool results with summary, diff and fold precedence
src/cli/main.cpp	3583	3583	src/apps/tui/render/tool_row_view.cpp	230	230	edited	Render tool results with summary, diff and fold precedence
src/cli/main.cpp	3584	3584	src/apps/tui/render/tool_row_view.cpp	231	231	edited	Render tool results with summary, diff and fold precedence
src/cli/main.cpp	3585	3585	src/apps/tui/render/tool_row_view.cpp	232	232	edited	Render tool results with summary, diff and fold precedence
src/cli/main.cpp	3586	3586	src/apps/tui/render/tool_row_view.cpp	233	233	edited	Render tool results with summary, diff and fold precedence
src/cli/main.cpp	3587	3587	src/apps/tui/render/tool_row_view.cpp	234	234	edited	Render tool results with summary, diff and fold precedence
src/cli/main.cpp	3588	3588	src/apps/tui/render/tool_row_view.cpp	235	235	edited	Render tool results with summary, diff and fold precedence
src/cli/main.cpp	3589	3589	src/apps/tui/render/tool_row_view.cpp	236	236	edited	Render tool results with summary, diff and fold precedence
src/cli/main.cpp	3590	3590	src/apps/tui/render/tool_row_view.cpp	237	237	edited	Render tool results with summary, diff and fold precedence
src/cli/main.cpp	3591	3591	src/apps/tui/render/tool_row_view.cpp	238	238	edited	Render tool results with summary, diff and fold precedence
src/cli/main.cpp	3592	3592	src/apps/tui/render/tool_row_view.cpp	239	239	edited	Render tool results with summary, diff and fold precedence
src/cli/main.cpp	3593	3593	src/apps/tui/render/tool_row_view.cpp	240	240	edited	Render tool results with summary, diff and fold precedence
src/cli/main.cpp	3594	3594	src/apps/tui/render/tool_row_view.cpp	241	241	edited	Render tool results with summary, diff and fold precedence
src/cli/main.cpp	3595	3595	src/apps/tui/render/tool_row_view.cpp	242	242	edited	Render tool results with summary, diff and fold precedence
src/cli/main.cpp	3596	3596	src/apps/tui/render/tool_row_view.cpp	243	243	edited	Render tool results with summary, diff and fold precedence
src/cli/main.cpp	3597	3597	src/apps/tui/render/tool_row_view.cpp	244	244	edited	Render tool results with summary, diff and fold precedence
src/cli/main.cpp	3598	3598	src/apps/tui/render/tool_row_view.cpp	245	245	edited	Render tool results with summary, diff and fold precedence
src/cli/main.cpp	3599	3599	src/apps/tui/render/tool_row_view.cpp	246	246	edited	Render tool results with summary, diff and fold precedence
src/cli/main.cpp	3600	3600	src/apps/tui/render/tool_row_view.cpp	247	247	edited	Render tool results with summary, diff and fold precedence
src/cli/main.cpp	3601	3601	src/apps/tui/render/tool_row_view.cpp	248	248	edited	Render tool results with summary, diff and fold precedence
src/cli/main.cpp	3602	3602	src/apps/tui/render/tool_row_view.cpp	249	249	edited	Render tool results with summary, diff and fold precedence
src/cli/main.cpp	3603	3603	src/apps/tui/render/tool_row_view.cpp	250	250	edited	Render tool results with summary, diff and fold precedence
src/cli/main.cpp	3604	3604	src/apps/tui/render/tool_row_view.cpp	251	251	copy	Byte-identical source lines
src/cli/main.cpp	3605	3605	src/apps/tui/render/tool_row_view.cpp	252	252	edited	Render tool results with summary, diff and fold precedence
src/cli/main.cpp	3606	3606	src/apps/tui/render/tool_row_view.cpp	253	253	edited	Render tool results with summary, diff and fold precedence
src/cli/main.cpp	3607	3607	src/apps/tui/render/tool_row_view.cpp	254	254	edited	Render tool results with summary, diff and fold precedence
src/cli/main.cpp	3608	3608	src/apps/tui/render/tool_row_view.cpp	255	255	edited	Render tool results with summary, diff and fold precedence
src/cli/main.cpp	3609	3609	src/apps/tui/render/tool_row_view.cpp	256	256	copy	Byte-identical source lines
src/cli/main.cpp	3610	3610	src/apps/tui/render/tool_row_view.cpp	257	257	edited	Render tool results with summary, diff and fold precedence
src/cli/main.cpp	3611	3611	src/apps/tui/render/tool_row_view.cpp	258	258	edited	Render tool results with summary, diff and fold precedence
src/cli/main.cpp	3612	3612	src/apps/tui/render/tool_row_view.cpp	259	259	edited	Render tool results with summary, diff and fold precedence
src/cli/main.cpp	3613	3613	src/apps/tui/render/tool_row_view.cpp	260	260	edited	Render tool results with summary, diff and fold precedence
src/cli/main.cpp	3614	3614	src/apps/tui/render/tool_row_view.cpp	261	261	edited	Render tool results with summary, diff and fold precedence
src/cli/main.cpp	3615	3615	src/apps/tui/render/tool_row_view.cpp	262	262	copy	Byte-identical source lines
src/cli/main.cpp	3616	3616	src/apps/tui/render/tool_row_view.cpp	263	263	edited	Render tool results with summary, diff and fold precedence
src/cli/main.cpp	3617	3617	src/apps/tui/render/tool_row_view.cpp	264	264	edited	Render tool results with summary, diff and fold precedence
src/cli/main.cpp	3618	3618	src/apps/tui/render/tool_row_view.cpp	265	265	edited	Render tool results with summary, diff and fold precedence
src/cli/main.cpp	3619	3619	src/apps/tui/render/tool_row_view.cpp	266	266	edited	Render tool results with summary, diff and fold precedence
src/cli/main.cpp	3620	3620	src/apps/tui/render/tool_row_view.cpp	267	267	edited	Render tool results with summary, diff and fold precedence
src/cli/main.cpp	3621	3621	src/apps/tui/render/tool_row_view.cpp	268	268	edited	Render tool results with summary, diff and fold precedence
src/cli/main.cpp	3622	3622	src/apps/tui/render/tool_row_view.cpp	269	269	edited	Render tool results with summary, diff and fold precedence
src/cli/main.cpp	3623	3623	src/apps/tui/render/tool_row_view.cpp	270	270	edited	Render tool results with summary, diff and fold precedence
src/cli/main.cpp	3624	3624	src/apps/tui/render/tool_row_view.cpp	271	271	edited	Render tool results with summary, diff and fold precedence
src/cli/main.cpp	3625	3625	src/apps/tui/render/tool_row_view.cpp	272	272	edited	Render tool results with summary, diff and fold precedence
src/cli/main.cpp	3626	3626	src/apps/tui/render/tool_row_view.cpp	273	273	edited	Render tool results with summary, diff and fold precedence
src/cli/main.cpp	3627	3627	src/apps/tui/render/tool_row_view.cpp	274	274	edited	Render tool results with summary, diff and fold precedence
src/cli/main.cpp	3628	3628	src/apps/tui/render/tool_row_view.cpp	275	275	edited	Render tool results with summary, diff and fold precedence
src/cli/main.cpp	3629	3629	src/apps/tui/render/tool_row_view.cpp	276	276	edited	Render tool results with summary, diff and fold precedence
src/cli/main.cpp	3630	3630	src/apps/tui/render/tool_row_view.cpp	277	277	edited	Render tool results with summary, diff and fold precedence
src/cli/main.cpp	3631	3631	src/apps/tui/render/tool_row_view.cpp	278	278	edited	Render tool results with summary, diff and fold precedence
src/cli/main.cpp	3632	3632	src/apps/tui/render/tool_row_view.cpp	279	279	edited	Render tool results with summary, diff and fold precedence
src/cli/main.cpp	3633	3633	src/apps/tui/render/tool_row_view.cpp	280	280	edited	Render tool results with summary, diff and fold precedence
src/cli/main.cpp	3634	3634	src/apps/tui/render/tool_row_view.cpp	281	281	edited	Render tool results with summary, diff and fold precedence
src/cli/main.cpp	3635	3635	src/apps/tui/render/tool_row_view.cpp	282	282	copy	Byte-identical source lines
src/cli/main.cpp	3636	3636	src/apps/tui/render/tool_row_view.cpp	283	283	edited	Render tool results with summary, diff and fold precedence
src/cli/main.cpp	3637	3637	src/apps/tui/render/tool_row_view.cpp	284	284	edited	Render tool results with summary, diff and fold precedence
src/cli/main.cpp	3638	3638	src/apps/tui/render/tool_row_view.cpp	285	285	edited	Render tool results with summary, diff and fold precedence
src/cli/main.cpp	3639	3639	src/apps/tui/render/tool_row_view.cpp	286	286	edited	Render tool results with summary, diff and fold precedence
src/cli/main.cpp	3640	3641	src/apps/tui/render/tool_row_view.cpp	286	288	edited	Render tool results with summary, diff and fold precedence; signature, state access, ownership or assembly rewritten in this destination
src/cli/main.cpp	3642	3642	src/apps/tui/render/tool_row_view.cpp	288	288	edited	Render tool results with summary, diff and fold precedence
src/cli/main.cpp	3643	3643	src/apps/tui/render/tool_row_view.cpp	289	289	edited	Render tool results with summary, diff and fold precedence
src/cli/main.cpp	3644	3644	src/apps/tui/render/tool_row_view.cpp	290	290	edited	Render tool results with summary, diff and fold precedence
src/cli/main.cpp	3645	3645	src/apps/tui/render/tool_row_view.cpp	291	291	edited	Render tool results with summary, diff and fold precedence
src/cli/main.cpp	3646	3646	src/apps/tui/render/tool_row_view.cpp	292	292	edited	Render tool results with summary, diff and fold precedence
src/cli/main.cpp	3647	3647	src/apps/tui/render/tool_row_view.cpp	293	293	edited	Render tool results with summary, diff and fold precedence
src/cli/main.cpp	3648	3648	src/apps/tui/render/tool_row_view.cpp	294	294	edited	Render tool results with summary, diff and fold precedence
src/cli/main.cpp	3649	3649	src/apps/tui/render/tool_row_view.cpp	295	295	edited	Render tool results with summary, diff and fold precedence
src/cli/main.cpp	3650	3650	src/apps/tui/render/tool_row_view.cpp	296	296	edited	Render tool results with summary, diff and fold precedence
src/cli/main.cpp	3651	3651	src/apps/tui/render/tool_row_view.cpp	297	297	edited	Render tool results with summary, diff and fold precedence
src/cli/main.cpp	3652	3652	src/apps/tui/render/tool_row_view.cpp	298	298	edited	Render tool results with summary, diff and fold precedence
src/cli/main.cpp	3653	3653	src/apps/tui/render/tool_row_view.cpp	299	299	edited	Render tool results with summary, diff and fold precedence
src/cli/main.cpp	3654	3654	src/apps/tui/render/tool_row_view.cpp	300	300	edited	Render tool results with summary, diff and fold precedence
src/cli/main.cpp	3655	3655	src/apps/tui/render/tool_row_view.cpp	301	301	edited	Render tool results with summary, diff and fold precedence
src/cli/main.cpp	3656	3656	src/apps/tui/render/tool_row_view.cpp	302	302	edited	Render tool results with summary, diff and fold precedence
src/cli/main.cpp	3657	3657	src/apps/tui/render/tool_row_view.cpp	303	303	edited	Render tool results with summary, diff and fold precedence
src/cli/main.cpp	3658	3658	src/apps/tui/render/tool_row_view.cpp	304	304	edited	Render tool results with summary, diff and fold precedence
src/cli/main.cpp	3659	3659	src/apps/tui/render/tool_row_view.cpp	305	305	edited	Render tool results with summary, diff and fold precedence
src/cli/main.cpp	3660	3660	src/apps/tui/render/tool_row_view.cpp	306	306	edited	Render tool results with summary, diff and fold precedence
src/cli/main.cpp	3661	3661	src/apps/tui/render/tool_row_view.cpp	307	307	edited	Render tool results with summary, diff and fold precedence
src/cli/main.cpp	3662	3662	src/apps/tui/render/tool_row_view.cpp	308	308	edited	Render tool results with summary, diff and fold precedence
src/cli/main.cpp	3663	3663	src/apps/tui/render/tool_row_view.cpp	309	309	edited	Render tool results with summary, diff and fold precedence
src/cli/main.cpp	3664	3664	src/apps/tui/render/tool_row_view.cpp	310	310	edited	Render tool results with summary, diff and fold precedence
src/cli/main.cpp	3665	3665	src/apps/tui/render/tool_row_view.cpp	311	311	edited	Render tool results with summary, diff and fold precedence
src/cli/main.cpp	3666	3666	src/apps/tui/render/tool_row_view.cpp	312	312	edited	Render tool results with summary, diff and fold precedence
src/cli/main.cpp	3667	3667	src/apps/tui/render/tool_row_view.cpp	313	313	edited	Render tool results with summary, diff and fold precedence
src/cli/main.cpp	3668	3668	src/apps/tui/render/tool_row_view.cpp	314	314	edited	Render tool results with summary, diff and fold precedence
src/cli/main.cpp	3669	3669	src/apps/tui/render/tool_row_view.cpp	315	315	copy	Byte-identical source lines
src/cli/main.cpp	3670	3670	src/apps/tui/render/tool_row_view.cpp	316	316	edited	Render tool results with summary, diff and fold precedence
src/cli/main.cpp	3671	3671	src/apps/tui/render/tool_row_view.cpp	317	317	edited	Render tool results with summary, diff and fold precedence
src/cli/main.cpp	3672	3672	src/apps/tui/render/tool_row_view.cpp	318	318	edited	Render tool results with summary, diff and fold precedence
src/cli/main.cpp	3673	3673	src/apps/tui/render/tool_row_view.cpp	319	319	edited	Render tool results with summary, diff and fold precedence
src/cli/main.cpp	3674	3674	src/apps/tui/render/tool_row_view.cpp	320	320	edited	Render tool results with summary, diff and fold precedence
src/cli/main.cpp	3675	3675	src/apps/tui/render/tool_row_view.cpp	321	321	edited	Render tool results with summary, diff and fold precedence
src/cli/main.cpp	3676	3676	src/apps/tui/render/tool_row_view.cpp	322	322	edited	Render tool results with summary, diff and fold precedence
src/cli/main.cpp	3677	3677	src/apps/tui/render/tool_row_view.cpp	323	323	edited	Render tool results with summary, diff and fold precedence
src/cli/main.cpp	3678	3678	src/apps/tui/render/tool_row_view.cpp	324	324	edited	Render tool results with summary, diff and fold precedence
src/cli/main.cpp	3679	3679	src/apps/tui/render/tool_row_view.cpp	325	325	edited	Render tool results with summary, diff and fold precedence
src/cli/main.cpp	3680	3680	src/apps/tui/render/tool_row_view.cpp	326	326	edited	Render tool results with summary, diff and fold precedence
src/cli/main.cpp	3681	3681	src/apps/tui/render/tool_row_view.cpp	327	327	edited	Render tool results with summary, diff and fold precedence
src/cli/main.cpp	3682	3682	src/apps/tui/render/tool_row_view.cpp	328	328	edited	Render tool results with summary, diff and fold precedence
src/cli/main.cpp	3683	3683	src/apps/tui/render/tool_row_view.cpp	329	329	edited	Render tool results with summary, diff and fold precedence
src/cli/main.cpp	3684	3684	src/apps/tui/render/tool_row_view.cpp	330	330	edited	Render tool results with summary, diff and fold precedence
src/cli/main.cpp	3685	3685	src/apps/tui/render/tool_row_view.cpp	331	331	edited	Render tool results with summary, diff and fold precedence
src/cli/main.cpp	3686	3686	src/apps/tui/render/tool_row_view.cpp	332	332	edited	Render tool results with summary, diff and fold precedence
src/cli/main.cpp	3687	3687	src/apps/tui/render/tool_row_view.cpp	333	333	copy	Byte-identical source lines
src/cli/main.cpp	3688	3688	src/apps/tui/render/tool_row_view.cpp	334	334	edited	Render tool results with summary, diff and fold precedence
src/cli/main.cpp	3689	3689	src/apps/tui/render/tool_row_view.cpp	335	335	edited	Render tool results with summary, diff and fold precedence
src/cli/main.cpp	3690	3690	src/apps/tui/render/tool_row_view.cpp	336	336	edited	Render tool results with summary, diff and fold precedence
src/cli/main.cpp	3691	3691	src/apps/tui/render/tool_row_view.cpp	337	337	edited	Render tool results with summary, diff and fold precedence
src/cli/main.cpp	3692	3692	src/apps/tui/render/tool_row_view.cpp	338	338	edited	Render tool results with summary, diff and fold precedence
src/cli/main.cpp	3693	3693	src/apps/tui/render/tool_row_view.cpp	339	339	edited	Render tool results with summary, diff and fold precedence
src/cli/main.cpp	3694	3694	src/apps/tui/render/tool_row_view.cpp	340	340	edited	Render tool results with summary, diff and fold precedence
src/cli/main.cpp	3695	3697	src/apps/tui/render/tool_row_view.cpp	340	343	edited	Render tool results with summary, diff and fold precedence; signature, state access, ownership or assembly rewritten in this destination
src/cli/main.cpp	3698	3698	src/apps/tui/render/message_row_views.cpp	57	60	edited	Render compact and system message rows; signature, state access, ownership or assembly rewritten in this destination
src/cli/main.cpp	3699	3699	src/apps/tui/render/message_row_views.cpp	60	60	edited	Render compact and system message rows
src/cli/main.cpp	3700	3700	src/apps/tui/render/message_row_views.cpp	60	62	edited	Render compact and system message rows; signature, state access, ownership or assembly rewritten in this destination
src/cli/main.cpp	3701	3701	src/apps/tui/render/message_row_views.cpp	62	62	edited	Render compact and system message rows
src/cli/main.cpp	3702	3702	src/apps/tui/render/message_row_views.cpp	63	63	edited	Render compact and system message rows
src/cli/main.cpp	3703	3703	src/apps/tui/render/message_row_views.cpp	64	64	edited	Render compact and system message rows
src/cli/main.cpp	3704	3704	src/apps/tui/render/message_row_views.cpp	65	65	edited	Render compact and system message rows
src/cli/main.cpp	3705	3705	src/apps/tui/render/message_row_views.cpp	66	66	edited	Render compact and system message rows
src/cli/main.cpp	3706	3706	src/apps/tui/render/message_row_views.cpp	67	67	edited	Render compact and system message rows
src/cli/main.cpp	3707	3707	src/apps/tui/render/message_row_views.cpp	68	68	edited	Render compact and system message rows
src/cli/main.cpp	3708	3708	src/apps/tui/render/message_row_views.cpp	69	69	edited	Render compact and system message rows
src/cli/main.cpp	3709	3709	src/apps/tui/render/message_row_views.cpp	70	70	edited	Render compact and system message rows
src/cli/main.cpp	3710	3710	src/apps/tui/render/message_row_views.cpp	71	71	edited	Render compact and system message rows
src/cli/main.cpp	3711	3711	src/apps/tui/render/message_row_views.cpp	72	72	edited	Render compact and system message rows
src/cli/main.cpp	3712	3712	src/apps/tui/render/message_row_views.cpp	73	73	edited	Render compact and system message rows
src/cli/main.cpp	3713	3713	src/apps/tui/render/message_row_views.cpp	74	74	edited	Render compact and system message rows
src/cli/main.cpp	3714	3714	src/apps/tui/render/message_row_views.cpp	75	75	edited	Render compact and system message rows
src/cli/main.cpp	3715	3716	src/apps/tui/render/message_row_views.cpp	75	77	edited	Render compact and system message rows; signature, state access, ownership or assembly rewritten in this destination
src/cli/main.cpp	3717	3717	src/apps/tui/render/message_row_views.cpp	77	77	edited	Render compact and system message rows
src/cli/main.cpp	3718	3718	src/apps/tui/render/message_row_views.cpp	78	78	edited	Render compact and system message rows
src/cli/main.cpp	3719	3719	src/apps/tui/render/message_row_views.cpp	79	79	edited	Render compact and system message rows
src/cli/main.cpp	3720	3720	src/apps/tui/render/message_row_views.cpp	80	80	edited	Render compact and system message rows
src/cli/main.cpp	3721	3721	src/apps/tui/render/message_row_views.cpp	81	81	edited	Render compact and system message rows
src/cli/main.cpp	3722	3722	src/apps/tui/render/message_row_views.cpp	82	82	edited	Render compact and system message rows
src/cli/main.cpp	3723	3723	src/apps/tui/render/message_row_views.cpp	83	83	edited	Render compact and system message rows
src/cli/main.cpp	3724	3724	src/apps/tui/render/message_row_views.cpp	84	84	edited	Render compact and system message rows
src/cli/main.cpp	3725	3726	src/apps/tui/render/message_row_views.cpp	84	86	edited	Render compact and system message rows; signature, state access, ownership or assembly rewritten in this destination
src/cli/main.cpp	3727	3727	src/apps/tui/render/message_row_views.cpp	86	86	edited	Render compact and system message rows
src/cli/main.cpp	3728	3728	src/apps/tui/render/message_row_views.cpp	87	87	edited	Render compact and system message rows
src/cli/main.cpp	3729	3729	src/apps/tui/render/message_row_views.cpp	88	88	edited	Render compact and system message rows
src/cli/main.cpp	3730	3730	src/apps/tui/render/message_row_views.cpp	89	89	edited	Render compact and system message rows
src/cli/main.cpp	3731	3731	src/apps/tui/render/message_row_views.cpp	90	90	edited	Render compact and system message rows
src/cli/main.cpp	3732	3732	src/apps/tui/render/message_row_views.cpp	91	91	edited	Render compact and system message rows
src/cli/main.cpp	3733	3733	src/apps/tui/render/message_row_views.cpp	92	92	edited	Render compact and system message rows
src/cli/main.cpp	3734	3734	src/apps/tui/render/message_row_views.cpp	93	93	edited	Render compact and system message rows
src/cli/main.cpp	3735	3735	src/apps/tui/render/message_row_views.cpp	94	94	edited	Render compact and system message rows
src/cli/main.cpp	3736	3736	src/apps/tui/render/message_row_views.cpp	95	95	edited	Render compact and system message rows
src/cli/main.cpp	3737	3737	src/apps/tui/render/message_row_views.cpp	96	96	edited	Render compact and system message rows
src/cli/main.cpp	3738	3739	src/apps/tui/render/message_row_views.cpp	96	98	edited	Render compact and system message rows; signature, state access, ownership or assembly rewritten in this destination
src/cli/main.cpp	3740	3740	src/apps/tui/render/message_row_views.cpp	98	98	edited	Render compact and system message rows
src/cli/main.cpp	3741	3741	src/apps/tui/render/message_row_views.cpp	99	99	edited	Render compact and system message rows
src/cli/main.cpp	3742	3742	src/apps/tui/render/message_row_views.cpp	100	100	edited	Render compact and system message rows
src/cli/main.cpp	3743	3743	src/apps/tui/render/message_row_views.cpp	101	101	edited	Render compact and system message rows
src/cli/main.cpp	3744	3744	src/apps/tui/render/message_row_views.cpp	102	102	edited	Render compact and system message rows
src/cli/main.cpp	3745	3745	src/apps/tui/render/message_row_views.cpp	103	103	edited	Render compact and system message rows
src/cli/main.cpp	3746	3746	src/apps/tui/render/message_row_views.cpp	104	104	edited	Render compact and system message rows
src/cli/main.cpp	3747	3747	src/apps/tui/render/message_row_views.cpp	105	105	edited	Render compact and system message rows
src/cli/main.cpp	3748	3750	src/apps/tui/render/message_row_views.cpp	105	108	edited	Render compact and system message rows; signature, state access, ownership or assembly rewritten in this destination
src/cli/main.cpp	3751	3765	src/apps/tui/render/transcript_view.cpp	186	200	copy	Byte-identical source lines
src/cli/main.cpp	3766	3766	src/apps/tui/render/transcript_view.cpp	200	202	edited	Compose transcript scroll frame; signature, state access, ownership or assembly rewritten in this destination
src/cli/main.cpp	3767	3790	src/apps/tui/render/transcript_view.cpp	202	225	copy	Byte-identical source lines
src/cli/main.cpp	3791	3885	src/apps/tui/render/activity_indicator_view.cpp	28	122	copy	Byte-identical source lines
src/cli/main.cpp	3886	3891	src/apps/tui/render/activity_indicator_view.cpp	122	128	edited	Busy, compact and MCP activity indicators; signature, state access, ownership or assembly rewritten in this destination
src/cli/main.cpp	3892	4105	src/apps/tui/render/picker_views.cpp	24	237	copy	Byte-identical source lines
src/cli/main.cpp	4106	4111	src/apps/tui/render/picker_views.cpp	237	242	edited	Model and session picker rendering; signature, state access, ownership or assembly rewritten in this destination
src/cli/main.cpp	4112	4134	src/apps/tui/render/overlay_views.cpp	27	49	copy	Byte-identical source lines
src/cli/main.cpp	4135	4135	src/apps/tui/render/overlay_views.cpp	49	51	edited	Confirmation and question overlay rendering; signature, state access, ownership or assembly rewritten in this destination
src/cli/main.cpp	4136	4147	src/apps/tui/render/overlay_views.cpp	51	62	copy	Byte-identical source lines
src/cli/main.cpp	4148	4148	src/apps/tui/render/overlay_views.cpp	62	64	edited	Confirmation and question overlay rendering; signature, state access, ownership or assembly rewritten in this destination
src/cli/main.cpp	4149	4169	src/apps/tui/render/overlay_views.cpp	64	84	copy	Byte-identical source lines
src/cli/main.cpp	4170	4170	src/apps/tui/render/overlay_views.cpp	84	86	edited	Confirmation and question overlay rendering; signature, state access, ownership or assembly rewritten in this destination
src/cli/main.cpp	4171	4180	src/apps/tui/render/overlay_views.cpp	86	95	copy	Byte-identical source lines
src/cli/main.cpp	4181	4181	src/apps/tui/render/overlay_views.cpp	95	97	edited	Confirmation and question overlay rendering; signature, state access, ownership or assembly rewritten in this destination
src/cli/main.cpp	4182	4250	src/apps/tui/render/overlay_views.cpp	97	165	copy	Byte-identical source lines
src/cli/main.cpp	4251	4282	src/apps/tui/render/prompt_status_view.cpp	33	64	copy	Byte-identical source lines
src/cli/main.cpp	4283	4283	src/apps/tui/render/prompt_status_view.cpp	64	66	edited	Prompt, status and editor region rendering; signature, state access, ownership or assembly rewritten in this destination
src/cli/main.cpp	4284	4303	src/apps/tui/render/prompt_status_view.cpp	66	85	copy	Byte-identical source lines
src/cli/main.cpp	4304	4304	src/apps/tui/render/prompt_status_view.cpp	85	87	edited	Prompt, status and editor region rendering; signature, state access, ownership or assembly rewritten in this destination
src/cli/main.cpp	4305	4415	src/apps/tui/render/prompt_status_view.cpp	87	197	copy	Byte-identical source lines
src/cli/main.cpp	4416	4502	src/apps/tui/render/frame_renderer.cpp	132	218	copy	Byte-identical source lines
src/cli/main.cpp	4503	4510	src/apps/tui/render/frame_renderer.cpp	218	226	edited	Compose terminal layout variants and hover overlay; signature, state access, ownership or assembly rewritten in this destination
src/cli/main.cpp	4511	4511	src/apps/cli/main.cpp	9	9	copy	Byte-identical source lines
src/cli/main.cpp	4512	4528	src/apps/cli/main.cpp	9	17	edited	Minimal CLI entry and application dispatch; signature, state access, ownership or assembly rewritten in this destination
src/cli/main.cpp	4529	4531	src/apps/cli/main.cpp	17	19	copy	Byte-identical source lines
src/cli/main.cpp	4532	4532	src/apps/cli/main.cpp	19	19	edited	Minimal CLI entry and application dispatch; signature, state access, ownership or assembly rewritten in this destination
src/cli/main.cpp	4533	4548	src/apps/tui/app/tui_app.cpp	1	190	edited	Move local launch state into TuiApp and its environment stage; signature, state access, ownership or assembly rewritten in this destination
src/cli/main.cpp	4549	4560	src/apps/tui/app/tui_services.cpp	19	31	edited	Construct configuration, hook, provider, tool and workspace services; signature, state access, ownership or assembly rewritten in this destination
src/cli/main.cpp	4561	4562	src/apps/tui/app/tui_services.cpp	31	32	copy	Byte-identical source lines
src/cli/main.cpp	4563	4563	src/apps/tui/app/tui_services.cpp	32	34	edited	Construct configuration, hook, provider, tool and workspace services; signature, state access, ownership or assembly rewritten in this destination
src/cli/main.cpp	4564	4568	src/apps/tui/app/tui_services.cpp	34	38	copy	Byte-identical source lines
src/cli/main.cpp	4569	4570	src/apps/tui/app/tui_services.cpp	29	44	edited	Construct configuration, hook, provider, tool and workspace services; signature, state access, ownership or assembly rewritten in this destination
src/cli/main.cpp	4571	4571	src/apps/tui/app/tui_services.hpp	24	24	copy	Byte-identical source lines
src/cli/main.cpp	4572	4579	src/apps/tui/app/tui_services.cpp	29	44	edited	Construct configuration, hook, provider, tool and workspace services; signature, state access, ownership or assembly rewritten in this destination
src/cli/main.cpp	4580	4580	src/apps/tui/app/tui_services.cpp	41	41	copy	Byte-identical source lines
src/cli/main.cpp	4581	4582	src/apps/tui/app/tui_services.cpp	41	42	edited	Construct configuration, hook, provider, tool and workspace services; signature, state access, ownership or assembly rewritten in this destination
src/cli/main.cpp	4583	4583	src/apps/tui/app/tui_services.cpp	42	42	copy	Byte-identical source lines
src/cli/main.cpp	4584	4604	src/apps/tui/app/tui_services.cpp	42	59	edited	Construct configuration, hook, provider, tool and workspace services; signature, state access, ownership or assembly rewritten in this destination
src/cli/main.cpp	4605	4617	src/apps/tui/app/tui_app.cpp	1	190	edited	Initialize visible state and version text; signature, state access, ownership or assembly rewritten in this destination
src/cli/main.cpp	4618	4648	src/apps/tui/chat/chat_viewport.hpp	1	26	edited	Own animation counters, geometry and chat caches in the application; signature, state access, ownership or assembly rewritten in this destination
src/cli/main.cpp	4649	4651	src/apps/tui/chat/chat_viewport.hpp	26	28	copy	Byte-identical source lines
src/cli/main.cpp	4652	4652	src/apps/tui/chat/chat_viewport.hpp	28	30	edited	Own animation counters, geometry and chat caches in the application; signature, state access, ownership or assembly rewritten in this destination
src/cli/main.cpp	4653	4655	src/apps/tui/chat/chat_viewport.hpp	30	32	copy	Byte-identical source lines
src/cli/main.cpp	4656	4656	src/apps/tui/chat/chat_viewport.hpp	32	35	edited	Own animation counters, geometry and chat caches in the application; signature, state access, ownership or assembly rewritten in this destination
src/cli/main.cpp	4657	4698	src/apps/tui/app/tui_screen_host.cpp	1	36	edited	Own screen setup, redraw pacing and active screen registration; signature, state access, ownership or assembly rewritten in this destination
src/cli/main.cpp	4699	4703	src/apps/tui/app/tui_app.cpp	1	190	edited	Create the owned update worker; signature, state access, ownership or assembly rewritten in this destination
src/cli/main.cpp	4704	4708	src/apps/tui/app/tui_app.cpp	1	190	edited	Register question tool and MCP status subscription; signature, state access, ownership or assembly rewritten in this destination
src/cli/main.cpp	4709	4722	src/apps/tui/app/tui_submitter.cpp	1	94	edited	Coordinate MCP readiness before the first turn; signature, state access, ownership or assembly rewritten in this destination
src/cli/main.cpp	4723	4765	src/apps/tui/chat/chat_viewport.hpp	1	37	edited	Bind chat measurement and scrolling to the application-owned viewport; signature, state access, ownership or assembly rewritten in this destination
src/cli/main.cpp	4766	4766	src/apps/tui/app/copilot_auth_task.cpp	6	9	edited	Own Copilot auth worker and waiting-state publication; signature, state access, ownership or assembly rewritten in this destination
src/cli/main.cpp	4767	4767	src/apps/tui/app/copilot_auth_task.cpp	9	9	edited	Own Copilot auth worker and waiting-state publication
src/cli/main.cpp	4768	4768	src/apps/tui/app/copilot_auth_task.cpp	9	11	edited	Own Copilot auth worker and waiting-state publication; signature, state access, ownership or assembly rewritten in this destination
src/cli/main.cpp	4769	4769	src/apps/tui/app/copilot_auth_task.cpp	11	11	edited	Own Copilot auth worker and waiting-state publication
src/cli/main.cpp	4770	4776	src/apps/tui/app/copilot_auth_task.cpp	7	68	edited	Own Copilot auth worker and waiting-state publication; signature, state access, ownership or assembly rewritten in this destination
src/cli/main.cpp	4777	4777	src/apps/tui/model/user_turn_state.cpp	7	7	edited	Own Copilot auth worker and waiting-state publication
src/cli/main.cpp	4778	4778	src/apps/tui/model/user_turn_state.cpp	8	8	edited	Own Copilot auth worker and waiting-state publication
src/cli/main.cpp	4779	4779	src/apps/tui/model/user_turn_state.cpp	9	9	edited	Own Copilot auth worker and waiting-state publication
src/cli/main.cpp	4780	4780	src/apps/tui/app/copilot_auth_task.cpp	7	68	edited	Own Copilot auth worker and waiting-state publication; signature, state access, ownership or assembly rewritten in this destination
src/cli/main.cpp	4781	4781	src/apps/tui/app/copilot_auth_task.cpp	16	16	edited	Own Copilot auth worker and waiting-state publication
src/cli/main.cpp	4782	4782	src/apps/tui/app/copilot_auth_task.cpp	17	17	edited	Own Copilot auth worker and waiting-state publication
src/cli/main.cpp	4783	4786	src/apps/tui/app/copilot_auth_task.cpp	17	25	edited	Own Copilot auth worker and waiting-state publication; signature, state access, ownership or assembly rewritten in this destination
src/cli/main.cpp	4787	4787	src/apps/tui/app/copilot_auth_task.cpp	25	25	edited	Own Copilot auth worker and waiting-state publication
src/cli/main.cpp	4788	4788	src/apps/tui/app/copilot_auth_task.cpp	26	26	edited	Own Copilot auth worker and waiting-state publication
src/cli/main.cpp	4789	4789	src/apps/tui/app/copilot_auth_task.cpp	27	27	edited	Own Copilot auth worker and waiting-state publication
src/cli/main.cpp	4790	4790	src/apps/tui/app/copilot_auth_task.cpp	28	28	edited	Own Copilot auth worker and waiting-state publication
src/cli/main.cpp	4791	4791	src/apps/tui/app/copilot_auth_task.cpp	29	29	edited	Own Copilot auth worker and waiting-state publication
src/cli/main.cpp	4792	4792	src/apps/tui/app/copilot_auth_task.cpp	30	30	edited	Own Copilot auth worker and waiting-state publication
src/cli/main.cpp	4793	4793	src/apps/tui/app/copilot_auth_task.cpp	31	31	edited	Own Copilot auth worker and waiting-state publication
src/cli/main.cpp	4794	4794	src/apps/tui/app/copilot_auth_task.cpp	32	32	edited	Own Copilot auth worker and waiting-state publication
src/cli/main.cpp	4795	4795	src/apps/tui/app/copilot_auth_task.cpp	32	34	edited	Own Copilot auth worker and waiting-state publication; signature, state access, ownership or assembly rewritten in this destination
src/cli/main.cpp	4796	4796	src/apps/tui/app/copilot_auth_task.cpp	34	34	edited	Own Copilot auth worker and waiting-state publication
src/cli/main.cpp	4797	4797	src/apps/tui/app/copilot_auth_task.cpp	35	35	edited	Own Copilot auth worker and waiting-state publication
src/cli/main.cpp	4798	4798	src/apps/tui/app/copilot_auth_task.cpp	36	36	copy	Byte-identical source lines
src/cli/main.cpp	4799	4799	src/apps/tui/app/copilot_auth_task.cpp	37	37	edited	Own Copilot auth worker and waiting-state publication
src/cli/main.cpp	4800	4800	src/apps/tui/app/copilot_auth_task.cpp	38	38	edited	Own Copilot auth worker and waiting-state publication
src/cli/main.cpp	4801	4801	src/apps/tui/app/copilot_auth_task.cpp	39	39	edited	Own Copilot auth worker and waiting-state publication
src/cli/main.cpp	4802	4802	src/apps/tui/app/copilot_auth_task.cpp	40	40	edited	Own Copilot auth worker and waiting-state publication
src/cli/main.cpp	4803	4803	src/apps/tui/app/copilot_auth_task.cpp	41	41	edited	Own Copilot auth worker and waiting-state publication
src/cli/main.cpp	4804	4804	src/apps/tui/app/copilot_auth_task.cpp	42	42	edited	Own Copilot auth worker and waiting-state publication
src/cli/main.cpp	4805	4805	src/apps/tui/app/copilot_auth_task.cpp	43	43	edited	Own Copilot auth worker and waiting-state publication
src/cli/main.cpp	4806	4811	src/apps/tui/app/copilot_auth_task.cpp	43	52	edited	Own Copilot auth worker and waiting-state publication; signature, state access, ownership or assembly rewritten in this destination
src/cli/main.cpp	4812	4812	src/apps/tui/app/copilot_auth_task.cpp	52	52	edited	Own Copilot auth worker and waiting-state publication
src/cli/main.cpp	4813	4813	src/apps/tui/app/copilot_auth_task.cpp	53	53	copy	Byte-identical source lines
src/cli/main.cpp	4814	4814	src/apps/tui/app/copilot_auth_task.cpp	54	54	edited	Own Copilot auth worker and waiting-state publication
src/cli/main.cpp	4815	4815	src/apps/tui/app/copilot_auth_task.cpp	55	55	edited	Own Copilot auth worker and waiting-state publication
src/cli/main.cpp	4816	4816	src/apps/tui/app/copilot_auth_task.cpp	56	56	edited	Own Copilot auth worker and waiting-state publication
src/cli/main.cpp	4817	4817	src/apps/tui/app/copilot_auth_task.cpp	57	57	edited	Own Copilot auth worker and waiting-state publication
src/cli/main.cpp	4818	4818	src/apps/tui/app/copilot_auth_task.cpp	58	58	edited	Own Copilot auth worker and waiting-state publication
src/cli/main.cpp	4819	4819	src/apps/tui/app/copilot_auth_task.cpp	59	59	edited	Own Copilot auth worker and waiting-state publication
src/cli/main.cpp	4820	4820	src/apps/tui/app/copilot_auth_task.cpp	60	60	edited	Own Copilot auth worker and waiting-state publication
src/cli/main.cpp	4821	4821	src/apps/tui/app/copilot_auth_task.cpp	61	61	edited	Own Copilot auth worker and waiting-state publication
src/cli/main.cpp	4822	4822	src/apps/tui/app/copilot_auth_task.cpp	62	62	edited	Own Copilot auth worker and waiting-state publication
src/cli/main.cpp	4823	4823	src/apps/tui/app/copilot_auth_task.cpp	63	63	edited	Own Copilot auth worker and waiting-state publication
src/cli/main.cpp	4824	4824	src/apps/tui/app/copilot_auth_task.cpp	64	64	edited	Own Copilot auth worker and waiting-state publication
src/cli/main.cpp	4825	4825	src/apps/tui/app/copilot_auth_task.cpp	65	65	edited	Own Copilot auth worker and waiting-state publication
src/cli/main.cpp	4826	4826	src/apps/tui/app/copilot_auth_task.cpp	66	66	edited	Own Copilot auth worker and waiting-state publication
src/cli/main.cpp	4827	4832	src/apps/tui/app/copilot_auth_task.cpp	66	69	edited	Own Copilot auth worker and waiting-state publication; signature, state access, ownership or assembly rewritten in this destination
src/cli/main.cpp	4833	4838	src/apps/tui/app/tui_app.cpp	1	190	edited	Create token tracking and publish initial usage status; signature, state access, ownership or assembly rewritten in this destination
src/cli/main.cpp	4839	4850	src/apps/tui/app/tui_agent_bridge.cpp	36	48	edited	Guarded agent callbacks project transcript and busy state into the TUI; signature, state access, ownership or assembly rewritten in this destination
src/cli/main.cpp	4851	4851	src/apps/tui/app/tui_agent_bridge.cpp	48	48	edited	Guarded agent callbacks project transcript and busy state into the TUI
src/cli/main.cpp	4852	4852	src/apps/tui/app/tui_agent_bridge.cpp	49	49	edited	Guarded agent callbacks project transcript and busy state into the TUI
src/cli/main.cpp	4853	4853	src/apps/tui/app/tui_agent_bridge.cpp	50	50	edited	Guarded agent callbacks project transcript and busy state into the TUI
src/cli/main.cpp	4854	4854	src/apps/tui/app/tui_agent_bridge.cpp	51	51	edited	Guarded agent callbacks project transcript and busy state into the TUI
src/cli/main.cpp	4855	4855	src/apps/tui/app/tui_agent_bridge.cpp	51	53	edited	Guarded agent callbacks project transcript and busy state into the TUI; signature, state access, ownership or assembly rewritten in this destination
src/cli/main.cpp	4856	4856	src/apps/tui/app/tui_agent_bridge.cpp	53	53	edited	Guarded agent callbacks project transcript and busy state into the TUI
src/cli/main.cpp	4857	4857	src/apps/tui/app/tui_agent_bridge.cpp	54	54	edited	Guarded agent callbacks project transcript and busy state into the TUI
src/cli/main.cpp	4858	4858	src/apps/tui/app/tui_agent_bridge.cpp	55	55	edited	Guarded agent callbacks project transcript and busy state into the TUI
src/cli/main.cpp	4859	4859	src/apps/tui/app/tui_agent_bridge.cpp	56	56	edited	Guarded agent callbacks project transcript and busy state into the TUI
src/cli/main.cpp	4860	4860	src/apps/tui/app/tui_agent_bridge.cpp	56	58	edited	Guarded agent callbacks project transcript and busy state into the TUI; signature, state access, ownership or assembly rewritten in this destination
src/cli/main.cpp	4861	4861	src/apps/tui/app/tui_agent_bridge.cpp	58	58	edited	Guarded agent callbacks project transcript and busy state into the TUI
src/cli/main.cpp	4862	4862	src/apps/tui/app/tui_agent_bridge.cpp	59	59	edited	Guarded agent callbacks project transcript and busy state into the TUI
src/cli/main.cpp	4863	4863	src/apps/tui/app/tui_agent_bridge.cpp	60	60	edited	Guarded agent callbacks project transcript and busy state into the TUI
src/cli/main.cpp	4864	4864	src/apps/tui/app/tui_agent_bridge.cpp	61	61	edited	Guarded agent callbacks project transcript and busy state into the TUI
src/cli/main.cpp	4865	4865	src/apps/tui/app/tui_agent_bridge.cpp	62	62	edited	Guarded agent callbacks project transcript and busy state into the TUI
src/cli/main.cpp	4866	4866	src/apps/tui/app/tui_agent_bridge.cpp	63	63	edited	Guarded agent callbacks project transcript and busy state into the TUI
src/cli/main.cpp	4867	4867	src/apps/tui/app/tui_agent_bridge.cpp	64	64	edited	Guarded agent callbacks project transcript and busy state into the TUI
src/cli/main.cpp	4868	4868	src/apps/tui/app/tui_agent_bridge.cpp	65	65	edited	Guarded agent callbacks project transcript and busy state into the TUI
src/cli/main.cpp	4869	4869	src/apps/tui/app/tui_agent_bridge.cpp	66	66	edited	Guarded agent callbacks project transcript and busy state into the TUI
src/cli/main.cpp	4870	4870	src/apps/tui/app/tui_agent_bridge.cpp	67	67	edited	Guarded agent callbacks project transcript and busy state into the TUI
src/cli/main.cpp	4871	4871	src/apps/tui/app/tui_agent_bridge.cpp	68	68	edited	Guarded agent callbacks project transcript and busy state into the TUI
src/cli/main.cpp	4872	4872	src/apps/tui/app/tui_agent_bridge.cpp	69	69	edited	Guarded agent callbacks project transcript and busy state into the TUI
src/cli/main.cpp	4873	4873	src/apps/tui/app/tui_agent_bridge.cpp	70	70	edited	Guarded agent callbacks project transcript and busy state into the TUI
src/cli/main.cpp	4874	4874	src/apps/tui/app/tui_agent_bridge.cpp	71	71	edited	Guarded agent callbacks project transcript and busy state into the TUI
src/cli/main.cpp	4875	4875	src/apps/tui/app/tui_agent_bridge.cpp	72	72	edited	Guarded agent callbacks project transcript and busy state into the TUI
src/cli/main.cpp	4876	4876	src/apps/tui/app/tui_agent_bridge.cpp	73	73	edited	Guarded agent callbacks project transcript and busy state into the TUI
src/cli/main.cpp	4877	4877	src/apps/tui/app/tui_agent_bridge.cpp	74	74	edited	Guarded agent callbacks project transcript and busy state into the TUI
src/cli/main.cpp	4878	4878	src/apps/tui/app/tui_agent_bridge.cpp	75	75	edited	Guarded agent callbacks project transcript and busy state into the TUI
src/cli/main.cpp	4879	4879	src/apps/tui/app/tui_agent_bridge.cpp	76	76	edited	Guarded agent callbacks project transcript and busy state into the TUI
src/cli/main.cpp	4880	4880	src/apps/tui/app/tui_agent_bridge.cpp	77	77	edited	Guarded agent callbacks project transcript and busy state into the TUI
src/cli/main.cpp	4881	4881	src/apps/tui/app/tui_agent_bridge.cpp	78	78	edited	Guarded agent callbacks project transcript and busy state into the TUI
src/cli/main.cpp	4882	4887	src/apps/tui/app/tui_agent_bridge.cpp	78	83	edited	Guarded agent callbacks project transcript and busy state into the TUI; signature, state access, ownership or assembly rewritten in this destination
src/cli/main.cpp	4888	4888	src/apps/tui/app/tui_agent_bridge.cpp	83	83	edited	Guarded agent callbacks project transcript and busy state into the TUI
src/cli/main.cpp	4889	4889	src/apps/tui/app/tui_agent_bridge.cpp	84	84	edited	Guarded agent callbacks project transcript and busy state into the TUI
src/cli/main.cpp	4890	4890	src/apps/tui/app/tui_agent_bridge.cpp	85	85	edited	Guarded agent callbacks project transcript and busy state into the TUI
src/cli/main.cpp	4891	4891	src/apps/tui/app/tui_agent_bridge.cpp	86	86	edited	Guarded agent callbacks project transcript and busy state into the TUI
src/cli/main.cpp	4892	4892	src/apps/tui/app/tui_agent_bridge.cpp	87	87	edited	Guarded agent callbacks project transcript and busy state into the TUI
src/cli/main.cpp	4893	4893	src/apps/tui/app/tui_agent_bridge.cpp	88	88	edited	Guarded agent callbacks project transcript and busy state into the TUI
src/cli/main.cpp	4894	4894	src/apps/tui/app/tui_agent_bridge.cpp	89	89	edited	Guarded agent callbacks project transcript and busy state into the TUI
src/cli/main.cpp	4895	4895	src/apps/tui/app/tui_agent_bridge.cpp	90	90	copy	Byte-identical source lines
src/cli/main.cpp	4896	4896	src/apps/tui/app/tui_agent_bridge.cpp	91	91	edited	Guarded agent callbacks project transcript and busy state into the TUI
src/cli/main.cpp	4897	4897	src/apps/tui/app/tui_agent_bridge.cpp	92	92	edited	Guarded agent callbacks project transcript and busy state into the TUI
src/cli/main.cpp	4898	4898	src/apps/tui/app/tui_agent_bridge.cpp	93	93	edited	Guarded agent callbacks project transcript and busy state into the TUI
src/cli/main.cpp	4899	4899	src/apps/tui/app/tui_agent_bridge.cpp	94	94	edited	Guarded agent callbacks project transcript and busy state into the TUI
src/cli/main.cpp	4900	4900	src/apps/tui/app/tui_agent_bridge.cpp	95	95	edited	Guarded agent callbacks project transcript and busy state into the TUI
src/cli/main.cpp	4901	4901	src/apps/tui/app/tui_agent_bridge.cpp	96	96	edited	Guarded agent callbacks project transcript and busy state into the TUI
src/cli/main.cpp	4902	4902	src/apps/tui/app/tui_agent_bridge.cpp	97	97	edited	Guarded agent callbacks project transcript and busy state into the TUI
src/cli/main.cpp	4903	4903	src/apps/tui/app/tui_agent_bridge.cpp	98	98	edited	Guarded agent callbacks project transcript and busy state into the TUI
src/cli/main.cpp	4904	4904	src/apps/tui/app/tui_agent_bridge.cpp	99	99	copy	Byte-identical source lines
src/cli/main.cpp	4905	4911	src/apps/tui/app/tui_agent_bridge.cpp	99	107	edited	Guarded agent callbacks project transcript and busy state into the TUI; signature, state access, ownership or assembly rewritten in this destination
src/cli/main.cpp	4912	4912	src/apps/tui/app/tui_agent_bridge.cpp	107	107	edited	Guarded agent callbacks project transcript and busy state into the TUI
src/cli/main.cpp	4913	4913	src/apps/tui/app/tui_agent_bridge.cpp	108	108	edited	Guarded agent callbacks project transcript and busy state into the TUI
src/cli/main.cpp	4914	4914	src/apps/tui/app/tui_agent_bridge.cpp	46	114	edited	Guarded agent callbacks project transcript and busy state into the TUI; signature, state access, ownership or assembly rewritten in this destination
src/cli/main.cpp	4915	4915	src/apps/tui/model/user_turn_state.cpp	7	7	edited	Guarded agent callbacks project transcript and busy state into the TUI
src/cli/main.cpp	4916	4916	src/apps/tui/model/user_turn_state.cpp	8	8	edited	Guarded agent callbacks project transcript and busy state into the TUI
src/cli/main.cpp	4917	4917	src/apps/tui/model/user_turn_state.cpp	9	9	edited	Guarded agent callbacks project transcript and busy state into the TUI
src/cli/main.cpp	4918	4918	src/apps/tui/app/tui_agent_bridge.cpp	110	110	edited	Guarded agent callbacks project transcript and busy state into the TUI
src/cli/main.cpp	4919	4919	src/apps/tui/app/tui_agent_bridge.cpp	111	111	edited	Guarded agent callbacks project transcript and busy state into the TUI
src/cli/main.cpp	4920	4920	src/apps/tui/app/tui_agent_bridge.cpp	112	112	edited	Guarded agent callbacks project transcript and busy state into the TUI
src/cli/main.cpp	4921	4922	src/apps/tui/app/tui_agent_bridge.cpp	112	115	edited	Guarded agent callbacks project transcript and busy state into the TUI; signature, state access, ownership or assembly rewritten in this destination
src/cli/main.cpp	4923	4923	src/apps/tui/app/tui_overlay_gate.cpp	12	15	edited	Wait for user permission through the overlay gate; signature, state access, ownership or assembly rewritten in this destination
src/cli/main.cpp	4924	4924	src/apps/tui/app/tui_overlay_gate.cpp	15	15	edited	Wait for user permission through the overlay gate
src/cli/main.cpp	4925	4925	src/apps/tui/app/tui_overlay_gate.cpp	16	16	edited	Wait for user permission through the overlay gate
src/cli/main.cpp	4926	4926	src/apps/tui/app/tui_overlay_gate.cpp	17	17	edited	Wait for user permission through the overlay gate
src/cli/main.cpp	4927	4927	src/apps/tui/app/tui_overlay_gate.cpp	18	18	edited	Wait for user permission through the overlay gate
src/cli/main.cpp	4928	4928	src/apps/tui/app/tui_overlay_gate.cpp	19	19	edited	Wait for user permission through the overlay gate
src/cli/main.cpp	4929	4929	src/apps/tui/app/tui_overlay_gate.cpp	20	20	edited	Wait for user permission through the overlay gate
src/cli/main.cpp	4930	4930	src/apps/tui/app/tui_overlay_gate.cpp	21	21	edited	Wait for user permission through the overlay gate
src/cli/main.cpp	4931	4931	src/apps/tui/app/tui_overlay_gate.cpp	22	22	edited	Wait for user permission through the overlay gate
src/cli/main.cpp	4932	4932	src/apps/tui/app/tui_overlay_gate.cpp	23	23	edited	Wait for user permission through the overlay gate
src/cli/main.cpp	4933	4933	src/apps/tui/app/tui_overlay_gate.cpp	24	24	edited	Wait for user permission through the overlay gate
src/cli/main.cpp	4934	4934	src/apps/tui/app/tui_overlay_gate.cpp	25	25	edited	Wait for user permission through the overlay gate
src/cli/main.cpp	4935	4935	src/apps/tui/app/tui_overlay_gate.cpp	26	26	edited	Wait for user permission through the overlay gate
src/cli/main.cpp	4936	4936	src/apps/tui/app/tui_overlay_gate.cpp	27	27	edited	Wait for user permission through the overlay gate
src/cli/main.cpp	4937	4937	src/apps/tui/app/tui_overlay_gate.cpp	28	28	edited	Wait for user permission through the overlay gate
src/cli/main.cpp	4938	4938	src/apps/tui/app/tui_overlay_gate.cpp	29	29	edited	Wait for user permission through the overlay gate
src/cli/main.cpp	4939	4939	src/apps/tui/app/tui_overlay_gate.cpp	30	30	edited	Wait for user permission through the overlay gate
src/cli/main.cpp	4940	4940	src/apps/tui/app/tui_overlay_gate.cpp	31	31	edited	Wait for user permission through the overlay gate
src/cli/main.cpp	4941	4941	src/apps/tui/app/tui_overlay_gate.cpp	32	32	edited	Wait for user permission through the overlay gate
src/cli/main.cpp	4942	4942	src/apps/tui/app/tui_overlay_gate.cpp	33	33	edited	Wait for user permission through the overlay gate
src/cli/main.cpp	4943	4943	src/apps/tui/app/tui_overlay_gate.cpp	34	34	edited	Wait for user permission through the overlay gate
src/cli/main.cpp	4944	4944	src/apps/tui/app/tui_overlay_gate.cpp	34	36	edited	Wait for user permission through the overlay gate; signature, state access, ownership or assembly rewritten in this destination
src/cli/main.cpp	4945	4945	src/apps/tui/app/tui_overlay_gate.cpp	36	36	copy	Byte-identical source lines
src/cli/main.cpp	4946	4946	src/apps/tui/app/tui_overlay_gate.cpp	37	37	edited	Wait for user permission through the overlay gate
src/cli/main.cpp	4947	4947	src/apps/tui/app/tui_overlay_gate.cpp	38	38	edited	Wait for user permission through the overlay gate
src/cli/main.cpp	4948	4948	src/apps/tui/app/tui_overlay_gate.cpp	38	40	edited	Wait for user permission through the overlay gate; signature, state access, ownership or assembly rewritten in this destination
src/cli/main.cpp	4949	4949	src/apps/tui/app/tui_overlay_gate.cpp	40	40	edited	Wait for user permission through the overlay gate
src/cli/main.cpp	4950	4950	src/apps/tui/app/tui_overlay_gate.cpp	41	41	edited	Wait for user permission through the overlay gate
src/cli/main.cpp	4951	4951	src/apps/tui/app/tui_overlay_gate.cpp	42	42	edited	Wait for user permission through the overlay gate
src/cli/main.cpp	4952	4952	src/apps/tui/app/tui_overlay_gate.cpp	43	43	edited	Wait for user permission through the overlay gate
src/cli/main.cpp	4953	4953	src/apps/tui/app/tui_overlay_gate.cpp	43	45	edited	Wait for user permission through the overlay gate; signature, state access, ownership or assembly rewritten in this destination
src/cli/main.cpp	4954	4957	src/apps/tui/app/tui_agent_bridge.cpp	112	116	edited	Guarded streaming and model progress callbacks; signature, state access, ownership or assembly rewritten in this destination
src/cli/main.cpp	4958	4958	src/apps/tui/app/tui_agent_bridge.cpp	116	116	edited	Guarded streaming and model progress callbacks
src/cli/main.cpp	4959	4959	src/apps/tui/app/tui_agent_bridge.cpp	117	117	edited	Guarded streaming and model progress callbacks
src/cli/main.cpp	4960	4960	src/apps/tui/app/tui_agent_bridge.cpp	118	118	edited	Guarded streaming and model progress callbacks
src/cli/main.cpp	4961	4961	src/apps/tui/app/tui_agent_bridge.cpp	119	119	edited	Guarded streaming and model progress callbacks
src/cli/main.cpp	4962	4962	src/apps/tui/app/tui_agent_bridge.cpp	120	120	edited	Guarded streaming and model progress callbacks
src/cli/main.cpp	4963	4963	src/apps/tui/app/tui_agent_bridge.cpp	121	121	edited	Guarded streaming and model progress callbacks
src/cli/main.cpp	4964	4964	src/apps/tui/app/tui_agent_bridge.cpp	122	122	edited	Guarded streaming and model progress callbacks
src/cli/main.cpp	4965	4965	src/apps/tui/app/tui_agent_bridge.cpp	123	123	edited	Guarded streaming and model progress callbacks
src/cli/main.cpp	4966	4966	src/apps/tui/app/tui_agent_bridge.cpp	124	124	edited	Guarded streaming and model progress callbacks
src/cli/main.cpp	4967	4967	src/apps/tui/app/tui_agent_bridge.cpp	125	125	edited	Guarded streaming and model progress callbacks
src/cli/main.cpp	4968	4970	src/apps/tui/app/tui_agent_bridge.cpp	125	129	edited	Guarded streaming and model progress callbacks; signature, state access, ownership or assembly rewritten in this destination
src/cli/main.cpp	4971	4971	src/apps/tui/app/tui_agent_bridge.cpp	129	129	edited	Guarded streaming and model progress callbacks
src/cli/main.cpp	4972	4972	src/apps/tui/app/tui_agent_bridge.cpp	130	130	edited	Guarded streaming and model progress callbacks
src/cli/main.cpp	4973	4973	src/apps/tui/app/tui_agent_bridge.cpp	131	131	edited	Guarded streaming and model progress callbacks
src/cli/main.cpp	4974	4975	src/apps/tui/app/tui_agent_bridge.cpp	131	134	edited	Guarded streaming and model progress callbacks; signature, state access, ownership or assembly rewritten in this destination
src/cli/main.cpp	4976	4976	src/apps/tui/app/tui_agent_bridge.cpp	134	134	edited	Guarded streaming and model progress callbacks
src/cli/main.cpp	4977	4977	src/apps/tui/app/tui_agent_bridge.cpp	135	135	edited	Guarded streaming and model progress callbacks
src/cli/main.cpp	4978	4986	src/apps/tui/app/tui_agent_bridge.cpp	135	139	edited	Guarded streaming and model progress callbacks; signature, state access, ownership or assembly rewritten in this destination
src/cli/main.cpp	4987	4987	src/apps/tui/app/tui_agent_bridge.cpp	139	139	edited	Guarded streaming and model progress callbacks
src/cli/main.cpp	4988	4988	src/apps/tui/app/tui_agent_bridge.cpp	140	140	edited	Guarded streaming and model progress callbacks
src/cli/main.cpp	4989	4989	src/apps/tui/app/tui_agent_bridge.cpp	141	141	edited	Guarded streaming and model progress callbacks
src/cli/main.cpp	4990	4990	src/apps/tui/app/tui_agent_bridge.cpp	142	142	edited	Guarded streaming and model progress callbacks
src/cli/main.cpp	4991	4991	src/apps/tui/app/tui_agent_bridge.cpp	143	143	edited	Guarded streaming and model progress callbacks
src/cli/main.cpp	4992	4992	src/apps/tui/app/tui_agent_bridge.cpp	144	144	edited	Guarded streaming and model progress callbacks
src/cli/main.cpp	4993	4993	src/apps/tui/app/tui_agent_bridge.cpp	145	145	edited	Guarded streaming and model progress callbacks
src/cli/main.cpp	4994	4994	src/apps/tui/app/tui_agent_bridge.cpp	146	146	edited	Guarded streaming and model progress callbacks
src/cli/main.cpp	4995	4995	src/apps/tui/app/tui_agent_bridge.cpp	147	147	edited	Guarded streaming and model progress callbacks
src/cli/main.cpp	4996	4996	src/apps/tui/app/tui_agent_bridge.cpp	148	148	edited	Guarded streaming and model progress callbacks
src/cli/main.cpp	4997	4997	src/apps/tui/app/tui_agent_bridge.cpp	149	149	edited	Guarded streaming and model progress callbacks
src/cli/main.cpp	4998	4998	src/apps/tui/app/tui_agent_bridge.cpp	150	150	edited	Guarded streaming and model progress callbacks
src/cli/main.cpp	4999	4999	src/apps/tui/app/tui_agent_bridge.cpp	151	151	edited	Guarded streaming and model progress callbacks
src/cli/main.cpp	5000	5000	src/apps/tui/app/tui_agent_bridge.cpp	152	152	edited	Guarded streaming and model progress callbacks
src/cli/main.cpp	5001	5001	src/apps/tui/app/tui_agent_bridge.cpp	152	154	edited	Guarded streaming and model progress callbacks; signature, state access, ownership or assembly rewritten in this destination
src/cli/main.cpp	5002	5002	src/apps/tui/app/tui_agent_bridge.cpp	154	154	edited	Guarded streaming and model progress callbacks
src/cli/main.cpp	5003	5003	src/apps/tui/app/tui_agent_bridge.cpp	155	155	edited	Guarded streaming and model progress callbacks
src/cli/main.cpp	5004	5004	src/apps/tui/app/tui_agent_bridge.cpp	156	156	edited	Guarded streaming and model progress callbacks
src/cli/main.cpp	5005	5005	src/apps/tui/app/tui_agent_bridge.cpp	157	157	edited	Guarded streaming and model progress callbacks
src/cli/main.cpp	5006	5006	src/apps/tui/app/tui_agent_bridge.cpp	158	158	edited	Guarded streaming and model progress callbacks
src/cli/main.cpp	5007	5007	src/apps/tui/app/tui_agent_bridge.cpp	159	159	edited	Guarded streaming and model progress callbacks
src/cli/main.cpp	5008	5008	src/apps/tui/app/tui_agent_bridge.cpp	160	160	edited	Guarded streaming and model progress callbacks
src/cli/main.cpp	5009	5009	src/apps/tui/app/tui_agent_bridge.cpp	161	161	edited	Guarded streaming and model progress callbacks
src/cli/main.cpp	5010	5010	src/apps/tui/app/tui_agent_bridge.cpp	162	162	edited	Guarded streaming and model progress callbacks
src/cli/main.cpp	5011	5011	src/apps/tui/app/tui_agent_bridge.cpp	163	163	edited	Guarded streaming and model progress callbacks
src/cli/main.cpp	5012	5012	src/apps/tui/app/tui_agent_bridge.cpp	164	164	edited	Guarded streaming and model progress callbacks
src/cli/main.cpp	5013	5015	src/apps/tui/app/tui_agent_bridge.cpp	164	168	edited	Guarded streaming and model progress callbacks; signature, state access, ownership or assembly rewritten in this destination
src/cli/main.cpp	5016	5016	src/apps/tui/app/tui_agent_bridge.cpp	168	168	edited	Guarded streaming and model progress callbacks
src/cli/main.cpp	5017	5017	src/apps/tui/app/tui_agent_bridge.cpp	169	169	edited	Guarded streaming and model progress callbacks
src/cli/main.cpp	5018	5018	src/apps/tui/app/tui_agent_bridge.cpp	170	170	edited	Guarded streaming and model progress callbacks
src/cli/main.cpp	5019	5019	src/apps/tui/app/tui_agent_bridge.cpp	171	171	edited	Guarded streaming and model progress callbacks
src/cli/main.cpp	5020	5020	src/apps/tui/app/tui_agent_bridge.cpp	172	172	edited	Guarded streaming and model progress callbacks
src/cli/main.cpp	5021	5021	src/apps/tui/app/tui_agent_bridge.cpp	173	173	edited	Guarded streaming and model progress callbacks
src/cli/main.cpp	5022	5022	src/apps/tui/app/tui_agent_bridge.cpp	174	174	edited	Guarded streaming and model progress callbacks
src/cli/main.cpp	5023	5023	src/apps/tui/app/tui_agent_bridge.cpp	175	175	edited	Guarded streaming and model progress callbacks
src/cli/main.cpp	5024	5024	src/apps/tui/app/tui_agent_bridge.cpp	176	176	edited	Guarded streaming and model progress callbacks
src/cli/main.cpp	5025	5027	src/apps/tui/app/tui_agent_bridge.cpp	176	180	edited	Guarded streaming and model progress callbacks; signature, state access, ownership or assembly rewritten in this destination
src/cli/main.cpp	5028	5028	src/apps/tui/app/tui_agent_bridge.cpp	180	180	edited	Guarded streaming and model progress callbacks
src/cli/main.cpp	5029	5029	src/apps/tui/app/tui_agent_bridge.cpp	181	181	edited	Guarded streaming and model progress callbacks
src/cli/main.cpp	5030	5032	src/apps/tui/app/tui_agent_bridge.cpp	181	185	edited	Guarded streaming and model progress callbacks; signature, state access, ownership or assembly rewritten in this destination
src/cli/main.cpp	5033	5033	src/apps/tui/app/tui_agent_bridge.cpp	185	185	edited	Guarded streaming and model progress callbacks
src/cli/main.cpp	5034	5034	src/apps/tui/app/tui_agent_bridge.cpp	186	186	edited	Guarded streaming and model progress callbacks
src/cli/main.cpp	5035	5035	src/apps/tui/app/tui_agent_bridge.cpp	187	187	edited	Guarded streaming and model progress callbacks
src/cli/main.cpp	5036	5036	src/apps/tui/app/tui_agent_bridge.cpp	188	188	edited	Guarded streaming and model progress callbacks
src/cli/main.cpp	5037	5037	src/apps/tui/app/tui_agent_bridge.cpp	189	189	edited	Guarded streaming and model progress callbacks
src/cli/main.cpp	5038	5038	src/apps/tui/app/tui_agent_bridge.cpp	190	190	edited	Guarded streaming and model progress callbacks
src/cli/main.cpp	5039	5043	src/apps/tui/app/tui_agent_bridge.cpp	190	194	edited	Guarded streaming and model progress callbacks; signature, state access, ownership or assembly rewritten in this destination
src/cli/main.cpp	5044	5044	src/apps/tui/app/tui_agent_bridge.cpp	194	194	edited	Guarded streaming and model progress callbacks
src/cli/main.cpp	5045	5045	src/apps/tui/app/tui_agent_bridge.cpp	195	195	edited	Guarded streaming and model progress callbacks
src/cli/main.cpp	5046	5046	src/apps/tui/app/tui_agent_bridge.cpp	196	196	edited	Guarded streaming and model progress callbacks
src/cli/main.cpp	5047	5052	src/apps/tui/app/tui_agent_bridge.cpp	196	200	edited	Guarded streaming and model progress callbacks; signature, state access, ownership or assembly rewritten in this destination
src/cli/main.cpp	5053	5053	src/apps/tui/app/tui_agent_bridge.cpp	200	200	edited	Guarded streaming and model progress callbacks
src/cli/main.cpp	5054	5054	src/apps/tui/app/tui_agent_bridge.cpp	201	201	edited	Guarded streaming and model progress callbacks
src/cli/main.cpp	5055	5055	src/apps/tui/app/tui_agent_bridge.cpp	202	202	edited	Guarded streaming and model progress callbacks
src/cli/main.cpp	5056	5056	src/apps/tui/app/tui_agent_bridge.cpp	203	203	edited	Guarded streaming and model progress callbacks
src/cli/main.cpp	5057	5057	src/apps/tui/app/tui_agent_bridge.cpp	204	204	edited	Guarded streaming and model progress callbacks
src/cli/main.cpp	5058	5058	src/apps/tui/app/tui_agent_bridge.cpp	205	205	edited	Guarded streaming and model progress callbacks
src/cli/main.cpp	5059	5065	src/apps/tui/app/tui_agent_bridge.cpp	205	212	edited	Guarded streaming and model progress callbacks; signature, state access, ownership or assembly rewritten in this destination
src/cli/main.cpp	5066	5066	src/apps/tui/app/tui_agent_bridge.cpp	212	212	edited	Guarded streaming and model progress callbacks
src/cli/main.cpp	5067	5067	src/apps/tui/app/tui_agent_bridge.cpp	213	213	edited	Guarded streaming and model progress callbacks
src/cli/main.cpp	5068	5068	src/apps/tui/app/tui_agent_bridge.cpp	214	214	edited	Guarded streaming and model progress callbacks
src/cli/main.cpp	5069	5069	src/apps/tui/app/tui_agent_bridge.cpp	215	215	edited	Guarded streaming and model progress callbacks
src/cli/main.cpp	5070	5070	src/apps/tui/app/tui_agent_bridge.cpp	216	216	edited	Guarded streaming and model progress callbacks
src/cli/main.cpp	5071	5071	src/apps/tui/app/tui_agent_bridge.cpp	217	217	edited	Guarded streaming and model progress callbacks
src/cli/main.cpp	5072	5078	src/apps/tui/app/tui_agent_bridge.cpp	217	224	edited	Guarded streaming and model progress callbacks; signature, state access, ownership or assembly rewritten in this destination
src/cli/main.cpp	5079	5079	src/apps/tui/app/tui_agent_bridge.cpp	224	224	edited	Guarded streaming and model progress callbacks
src/cli/main.cpp	5080	5080	src/apps/tui/app/tui_agent_bridge.cpp	225	225	edited	Guarded streaming and model progress callbacks
src/cli/main.cpp	5081	5081	src/apps/tui/app/tui_agent_bridge.cpp	226	226	edited	Guarded streaming and model progress callbacks
src/cli/main.cpp	5082	5082	src/apps/tui/app/tui_agent_bridge.cpp	227	227	edited	Guarded streaming and model progress callbacks
src/cli/main.cpp	5083	5085	src/apps/tui/app/tui_agent_bridge.cpp	227	231	edited	Guarded streaming and model progress callbacks; signature, state access, ownership or assembly rewritten in this destination
src/cli/main.cpp	5086	5086	src/apps/tui/app/tui_agent_bridge.cpp	231	231	edited	Guarded streaming and model progress callbacks
src/cli/main.cpp	5087	5087	src/apps/tui/app/tui_agent_bridge.cpp	232	232	edited	Guarded streaming and model progress callbacks
src/cli/main.cpp	5088	5088	src/apps/tui/app/tui_agent_bridge.cpp	233	233	edited	Guarded streaming and model progress callbacks
src/cli/main.cpp	5089	5090	src/apps/tui/app/tui_agent_bridge.cpp	233	236	edited	Guarded streaming and model progress callbacks; signature, state access, ownership or assembly rewritten in this destination
src/cli/main.cpp	5091	5170	src/apps/tui/app/tui_app_session.cpp	1	361	edited	Construct fixed AgentLoop dependencies, owned prompters and model monitoring; signature, state access, ownership or assembly rewritten in this destination
src/cli/main.cpp	5171	5179	src/apps/tui/app/tui_app_session.cpp	81	89	copy	Byte-identical source lines
src/cli/main.cpp	5180	5193	src/apps/tui/app/tui_app_session.cpp	91	104	copy	Byte-identical source lines
src/cli/main.cpp	5194	5194	src/apps/tui/app/tui_app_session.cpp	104	107	edited	Start the main session before constructing fixed loop dependencies; signature, state access, ownership or assembly rewritten in this destination
src/cli/main.cpp	5195	5249	src/host/session_host/auto_title_runner.cpp	1	75	edited	Own auto-title workers and capture immutable configuration for attempts; signature, state access, ownership or assembly rewritten in this destination
src/cli/main.cpp	5250	5251	src/apps/tui/app/tui_turn_lifecycle.cpp	32	35	edited	Project applied title through a guarded TUI callback; signature, state access, ownership or assembly rewritten in this destination
src/cli/main.cpp	5252	5252	src/apps/tui/app/tui_turn_lifecycle.cpp	35	35	edited	Project applied title through a guarded TUI callback
src/cli/main.cpp	5253	5253	src/apps/tui/app/tui_turn_lifecycle.cpp	36	36	edited	Project applied title through a guarded TUI callback
src/cli/main.cpp	5254	5266	src/apps/tui/app/tui_turn_lifecycle.cpp	33	38	edited	Project applied title through a guarded TUI callback; signature, state access, ownership or assembly rewritten in this destination
src/cli/main.cpp	5267	5267	src/host/session_host/auto_title_runner.cpp	66	66	edited	Project applied title through a guarded TUI callback
src/cli/main.cpp	5268	5268	src/host/session_host/auto_title_runner.cpp	67	67	edited	Project applied title through a guarded TUI callback
src/cli/main.cpp	5269	5270	src/host/session_host/auto_title_runner.cpp	67	69	edited	Project applied title through a guarded TUI callback; signature, state access, ownership or assembly rewritten in this destination
src/cli/main.cpp	5271	5271	src/host/session_host/auto_title_runner.cpp	69	69	edited	Project applied title through a guarded TUI callback
src/cli/main.cpp	5272	5272	src/host/session_host/auto_title_runner.cpp	70	70	edited	Project applied title through a guarded TUI callback
src/cli/main.cpp	5273	5273	src/host/session_host/auto_title_runner.cpp	71	71	edited	Project applied title through a guarded TUI callback
src/cli/main.cpp	5274	5285	src/host/session_host/auto_title_runner.cpp	15	27	edited	Schedule auto-title retries and new title input; signature, state access, ownership or assembly rewritten in this destination
src/cli/main.cpp	5286	5286	src/host/session_host/auto_title_runner.cpp	27	27	edited	Schedule auto-title retries and new title input
src/cli/main.cpp	5287	5287	src/host/session_host/auto_title_runner.cpp	28	28	edited	Schedule auto-title retries and new title input
src/cli/main.cpp	5288	5289	src/host/session_host/auto_title_runner.cpp	28	30	edited	Schedule auto-title retries and new title input; signature, state access, ownership or assembly rewritten in this destination
src/cli/main.cpp	5290	5290	src/host/session_host/auto_title_runner.cpp	30	30	edited	Schedule auto-title retries and new title input
src/cli/main.cpp	5291	5297	src/host/session_host/auto_title_runner.cpp	30	37	edited	Schedule auto-title retries and new title input; signature, state access, ownership or assembly rewritten in this destination
src/cli/main.cpp	5298	5299	src/apps/tui/app/tui_turn_lifecycle.cpp	32	35	edited	Finalize title attempts at the turn boundary; signature, state access, ownership or assembly rewritten in this destination
src/cli/main.cpp	5300	5300	src/apps/tui/app/tui_turn_lifecycle.cpp	35	35	edited	Finalize title attempts at the turn boundary
src/cli/main.cpp	5301	5301	src/apps/tui/app/tui_turn_lifecycle.cpp	36	36	edited	Finalize title attempts at the turn boundary
src/cli/main.cpp	5302	5311	src/apps/tui/app/tui_turn_lifecycle.cpp	36	46	edited	Finalize title attempts at the turn boundary; signature, state access, ownership or assembly rewritten in this destination
src/cli/main.cpp	5312	5320	src/apps/tui/app/model_pool_monitor_subscription.cpp	1	46	edited	Own and drain model pool monitoring; signature, state access, ownership or assembly rewritten in this destination
src/cli/main.cpp	5321	5321	src/apps/tui/app/tui_submitter.cpp	35	35	edited	Refresh runtime settings, publish configuration and submit user input
src/cli/main.cpp	5322	5322	src/apps/tui/app/tui_submitter.cpp	36	36	edited	Refresh runtime settings, publish configuration and submit user input
src/cli/main.cpp	5323	5323	src/apps/tui/app/tui_submitter.cpp	37	37	edited	Refresh runtime settings, publish configuration and submit user input
src/cli/main.cpp	5324	5324	src/apps/tui/app/tui_submitter.cpp	38	38	edited	Refresh runtime settings, publish configuration and submit user input
src/cli/main.cpp	5325	5325	src/apps/tui/app/tui_submitter.cpp	39	39	edited	Refresh runtime settings, publish configuration and submit user input
src/cli/main.cpp	5326	5351	src/apps/tui/app/tui_submitter.cpp	39	53	edited	Refresh runtime settings, publish configuration and submit user input; signature, state access, ownership or assembly rewritten in this destination
src/cli/main.cpp	5352	5352	src/apps/tui/app/tui_submitter.cpp	53	53	edited	Refresh runtime settings, publish configuration and submit user input
src/cli/main.cpp	5353	5355	src/apps/tui/app/tui_submitter.cpp	53	65	edited	Refresh runtime settings, publish configuration and submit user input; signature, state access, ownership or assembly rewritten in this destination
src/cli/main.cpp	5356	5356	src/apps/tui/app/tui_submitter.cpp	65	65	edited	Refresh runtime settings, publish configuration and submit user input
src/cli/main.cpp	5357	5357	src/apps/tui/app/tui_submitter.cpp	66	66	edited	Refresh runtime settings, publish configuration and submit user input
src/cli/main.cpp	5358	5359	src/apps/tui/app/tui_submitter.cpp	66	68	edited	Refresh runtime settings, publish configuration and submit user input; signature, state access, ownership or assembly rewritten in this destination
src/cli/main.cpp	5360	5360	src/apps/tui/app/tui_submitter.cpp	68	68	edited	Refresh runtime settings, publish configuration and submit user input
src/cli/main.cpp	5361	5380	src/apps/tui/app/tui_submitter.cpp	68	88	edited	Refresh runtime settings, publish configuration and submit user input; signature, state access, ownership or assembly rewritten in this destination
src/cli/main.cpp	5381	5384	src/apps/tui/app/tui_app_session.cpp	113	117	edited	Construct subagent host and guarded parent callbacks; signature, state access, ownership or assembly rewritten in this destination
src/cli/main.cpp	5385	5391	src/apps/tui/app/tui_app_session.cpp	117	123	copy	Byte-identical source lines
src/cli/main.cpp	5392	5402	src/apps/tui/app/tui_app_session.cpp	125	135	copy	Byte-identical source lines
src/cli/main.cpp	5403	5407	src/apps/tui/app/tui_app_session.cpp	135	317	edited	Construct subagent host and guarded parent callbacks; signature, state access, ownership or assembly rewritten in this destination
src/cli/main.cpp	5408	5408	src/apps/tui/app/tui_app_session.cpp	317	317	edited	Construct subagent host and guarded parent callbacks
src/cli/main.cpp	5409	5409	src/apps/tui/app/tui_app_session.cpp	318	318	edited	Construct subagent host and guarded parent callbacks
src/cli/main.cpp	5410	5410	src/apps/tui/app/tui_app_session.cpp	319	319	edited	Construct subagent host and guarded parent callbacks
src/cli/main.cpp	5411	5411	src/apps/tui/app/tui_app_session.cpp	320	320	edited	Construct subagent host and guarded parent callbacks
src/cli/main.cpp	5412	5412	src/apps/tui/app/tui_app_session.cpp	321	321	edited	Construct subagent host and guarded parent callbacks
src/cli/main.cpp	5413	5413	src/apps/tui/app/tui_app_session.cpp	322	322	edited	Construct subagent host and guarded parent callbacks
src/cli/main.cpp	5414	5414	src/apps/tui/app/tui_app_session.cpp	323	323	edited	Construct subagent host and guarded parent callbacks
src/cli/main.cpp	5415	5415	src/apps/tui/app/tui_app_session.cpp	324	324	edited	Construct subagent host and guarded parent callbacks
src/cli/main.cpp	5416	5416	src/apps/tui/app/tui_app_session.cpp	325	325	edited	Construct subagent host and guarded parent callbacks
src/cli/main.cpp	5417	5422	src/apps/tui/app/tui_app_session.cpp	325	331	edited	Construct subagent host and guarded parent callbacks; signature, state access, ownership or assembly rewritten in this destination
src/cli/main.cpp	5423	5423	src/apps/tui/app/tui_app_session.cpp	331	331	edited	Construct subagent host and guarded parent callbacks
src/cli/main.cpp	5424	5424	src/apps/tui/app/tui_app_session.cpp	332	332	edited	Construct subagent host and guarded parent callbacks
src/cli/main.cpp	5425	5425	src/apps/tui/app/tui_app_session.cpp	333	333	edited	Construct subagent host and guarded parent callbacks
src/cli/main.cpp	5426	5426	src/apps/tui/app/tui_app_session.cpp	334	334	edited	Construct subagent host and guarded parent callbacks
src/cli/main.cpp	5427	5427	src/apps/tui/app/tui_app_session.cpp	335	335	edited	Construct subagent host and guarded parent callbacks
src/cli/main.cpp	5428	5428	src/apps/tui/app/tui_app_session.cpp	336	336	edited	Construct subagent host and guarded parent callbacks
src/cli/main.cpp	5429	5429	src/apps/tui/app/tui_app_session.cpp	337	337	edited	Construct subagent host and guarded parent callbacks
src/cli/main.cpp	5430	5430	src/apps/tui/app/tui_app_session.cpp	338	338	edited	Construct subagent host and guarded parent callbacks
src/cli/main.cpp	5431	5431	src/apps/tui/app/tui_app_session.cpp	339	339	edited	Construct subagent host and guarded parent callbacks
src/cli/main.cpp	5432	5432	src/apps/tui/app/tui_app_session.cpp	340	340	edited	Construct subagent host and guarded parent callbacks
src/cli/main.cpp	5433	5433	src/apps/tui/app/tui_app_session.cpp	341	341	edited	Construct subagent host and guarded parent callbacks
src/cli/main.cpp	5434	5434	src/apps/tui/app/tui_app_session.cpp	342	342	edited	Construct subagent host and guarded parent callbacks
src/cli/main.cpp	5435	5435	src/apps/tui/app/tui_app_session.cpp	343	343	edited	Construct subagent host and guarded parent callbacks
src/cli/main.cpp	5436	5436	src/apps/tui/app/tui_app_session.cpp	344	344	edited	Construct subagent host and guarded parent callbacks
src/cli/main.cpp	5437	5437	src/apps/tui/app/tui_app_session.cpp	345	345	edited	Construct subagent host and guarded parent callbacks
src/cli/main.cpp	5438	5438	src/apps/tui/app/tui_app_session.cpp	346	346	edited	Construct subagent host and guarded parent callbacks
src/cli/main.cpp	5439	5442	src/apps/tui/app/tui_app_session.cpp	142	346	edited	Construct subagent host and guarded parent callbacks; signature, state access, ownership or assembly rewritten in this destination
src/cli/main.cpp	5443	5447	src/apps/tui/app/tui_app_session.cpp	142	146	copy	Byte-identical source lines
src/cli/main.cpp	5448	5452	src/apps/tui/app/tui_app_session.cpp	146	148	edited	Construct subagent host and guarded parent callbacks; signature, state access, ownership or assembly rewritten in this destination
src/cli/main.cpp	5453	5456	src/apps/tui/app/tui_app_session.cpp	148	151	copy	Byte-identical source lines
src/cli/main.cpp	5457	5457	src/apps/tui/app/tui_app_session.cpp	151	153	edited	Construct subagent host and guarded parent callbacks; signature, state access, ownership or assembly rewritten in this destination
src/cli/main.cpp	5458	5459	src/apps/tui/app/tui_app_session.cpp	153	154	copy	Byte-identical source lines
src/cli/main.cpp	5460	5460	src/apps/tui/app/tui_app_session.cpp	154	157	edited	Construct subagent host and guarded parent callbacks; signature, state access, ownership or assembly rewritten in this destination
src/cli/main.cpp	5461	5464	src/apps/tui/app/process_guards.cpp	97	101	edited	Register session finalization and console handlers with RAII; signature, state access, ownership or assembly rewritten in this destination
src/cli/main.cpp	5465	5470	src/apps/tui/app/process_guards.cpp	101	106	copy	Byte-identical source lines
src/cli/main.cpp	5471	5472	src/apps/tui/app/tui_app_session.cpp	167	170	edited	Resume session state and synchronize provider, usage and worktree context; signature, state access, ownership or assembly rewritten in this destination
src/cli/main.cpp	5473	5565	src/apps/tui/app/tui_app_session.cpp	170	262	copy	Byte-identical source lines
src/cli/main.cpp	5566	5566	src/apps/tui/app/tui_app_session.cpp	262	264	edited	Resume session state and synchronize provider, usage and worktree context; signature, state access, ownership or assembly rewritten in this destination
src/cli/main.cpp	5567	5567	src/apps/tui/app/tui_app_session.cpp	264	264	copy	Byte-identical source lines
src/cli/main.cpp	5568	5568	src/apps/tui/app/tui_app_session.cpp	264	266	edited	Resume session state and synchronize provider, usage and worktree context; signature, state access, ownership or assembly rewritten in this destination
src/cli/main.cpp	5569	5615	src/apps/tui/app/tui_app_session.cpp	266	312	copy	Byte-identical source lines
src/cli/main.cpp	5616	5621	src/apps/tui/app/tui_app.cpp	1	190	edited	Construct and register slash commands; signature, state access, ownership or assembly rewritten in this destination
src/cli/main.cpp	5622	5641	src/apps/tui/app/tui_notification_binding.cpp	5	25	edited	Own notifications and guard activation callback lifetimes; signature, state access, ownership or assembly rewritten in this destination
src/cli/main.cpp	5642	5642	src/apps/tui/app/tui_notification_binding.cpp	25	25	edited	Own notifications and guard activation callback lifetimes
src/cli/main.cpp	5643	5674	src/apps/tui/app/tui_notification_binding.cpp	25	30	edited	Own notifications and guard activation callback lifetimes; signature, state access, ownership or assembly rewritten in this destination
src/cli/main.cpp	5675	5675	src/apps/tui/app/tui_notification_binding.cpp	30	30	edited	Own notifications and guard activation callback lifetimes
src/cli/main.cpp	5676	5676	src/apps/tui/app/tui_notification_binding.cpp	31	31	edited	Own notifications and guard activation callback lifetimes
src/cli/main.cpp	5677	5681	src/apps/tui/app/tui_notification_binding.cpp	32	36	copy	Byte-identical source lines
src/cli/main.cpp	5682	5706	src/apps/tui/app/tui_app.cpp	1	190	edited	Construct resume command context and open the initial picker; signature, state access, ownership or assembly rewritten in this destination
src/cli/main.cpp	5707	5707	src/apps/tui/app/tui_agent_bridge.cpp	241	241	edited	Install finalized tool progress callbacks
src/cli/main.cpp	5708	5708	src/apps/tui/app/tui_agent_bridge.cpp	242	242	edited	Install finalized tool progress callbacks
src/cli/main.cpp	5709	5709	src/apps/tui/app/tui_agent_bridge.cpp	243	243	edited	Install finalized tool progress callbacks
src/cli/main.cpp	5710	5710	src/apps/tui/app/tui_agent_bridge.cpp	244	244	edited	Install finalized tool progress callbacks
src/cli/main.cpp	5711	5711	src/apps/tui/app/tui_agent_bridge.cpp	245	245	edited	Install finalized tool progress callbacks
src/cli/main.cpp	5712	5712	src/apps/tui/app/tui_agent_bridge.cpp	246	246	edited	Install finalized tool progress callbacks
src/cli/main.cpp	5713	5713	src/apps/tui/app/tui_agent_bridge.cpp	247	247	edited	Install finalized tool progress callbacks
src/cli/main.cpp	5714	5714	src/apps/tui/app/tui_agent_bridge.cpp	248	248	edited	Install finalized tool progress callbacks
src/cli/main.cpp	5715	5715	src/apps/tui/app/tui_agent_bridge.cpp	249	249	edited	Install finalized tool progress callbacks
src/cli/main.cpp	5716	5716	src/apps/tui/app/tui_agent_bridge.cpp	250	250	edited	Install finalized tool progress callbacks
src/cli/main.cpp	5717	5723	src/apps/tui/app/tui_agent_bridge.cpp	250	254	edited	Install finalized tool progress callbacks; signature, state access, ownership or assembly rewritten in this destination
src/cli/main.cpp	5724	5724	src/apps/tui/app/tui_agent_bridge.cpp	254	254	edited	Install finalized tool progress callbacks
src/cli/main.cpp	5725	5725	src/apps/tui/app/tui_agent_bridge.cpp	255	255	edited	Install finalized tool progress callbacks
src/cli/main.cpp	5726	5726	src/apps/tui/app/tui_agent_bridge.cpp	256	256	edited	Install finalized tool progress callbacks
src/cli/main.cpp	5727	5727	src/apps/tui/app/tui_agent_bridge.cpp	257	257	edited	Install finalized tool progress callbacks
src/cli/main.cpp	5728	5728	src/apps/tui/app/tui_agent_bridge.cpp	258	258	edited	Install finalized tool progress callbacks
src/cli/main.cpp	5729	5729	src/apps/tui/app/tui_agent_bridge.cpp	259	259	edited	Install finalized tool progress callbacks
src/cli/main.cpp	5730	5730	src/apps/tui/app/tui_agent_bridge.cpp	260	260	edited	Install finalized tool progress callbacks
src/cli/main.cpp	5731	5731	src/apps/tui/app/tui_agent_bridge.cpp	261	261	edited	Install finalized tool progress callbacks
src/cli/main.cpp	5732	5732	src/apps/tui/app/tui_agent_bridge.cpp	262	262	edited	Install finalized tool progress callbacks
src/cli/main.cpp	5733	5733	src/apps/tui/app/tui_agent_bridge.cpp	263	263	edited	Install finalized tool progress callbacks
src/cli/main.cpp	5734	5734	src/apps/tui/app/tui_agent_bridge.cpp	264	264	edited	Install finalized tool progress callbacks
src/cli/main.cpp	5735	5735	src/apps/tui/app/tui_agent_bridge.cpp	265	265	edited	Install finalized tool progress callbacks
src/cli/main.cpp	5736	5736	src/apps/tui/app/tui_agent_bridge.cpp	266	266	edited	Install finalized tool progress callbacks
src/cli/main.cpp	5737	5740	src/apps/tui/app/tui_agent_bridge.cpp	266	270	edited	Install finalized tool progress callbacks; signature, state access, ownership or assembly rewritten in this destination
src/cli/main.cpp	5741	5741	src/apps/tui/app/tui_agent_bridge.cpp	270	270	edited	Install finalized tool progress callbacks
src/cli/main.cpp	5742	5742	src/apps/tui/app/tui_agent_bridge.cpp	271	271	edited	Install finalized tool progress callbacks
src/cli/main.cpp	5743	5743	src/apps/tui/app/tui_agent_bridge.cpp	272	272	edited	Install finalized tool progress callbacks
src/cli/main.cpp	5744	5744	src/apps/tui/app/tui_agent_bridge.cpp	273	273	edited	Install finalized tool progress callbacks
src/cli/main.cpp	5745	5745	src/apps/tui/app/tui_agent_bridge.cpp	274	274	edited	Install finalized tool progress callbacks
src/cli/main.cpp	5746	5746	src/apps/tui/app/tui_agent_bridge.cpp	275	275	edited	Install finalized tool progress callbacks
src/cli/main.cpp	5747	5750	src/apps/tui/app/tui_agent_bridge.cpp	275	278	edited	Install finalized tool progress callbacks; signature, state access, ownership or assembly rewritten in this destination
src/cli/main.cpp	5751	5758	src/apps/tui/app/tui_turn_lifecycle.cpp	39	47	edited	Turn completion notifications, pending-input drain and waiting-state transitions; signature, state access, ownership or assembly rewritten in this destination
src/cli/main.cpp	5759	5759	src/apps/tui/app/tui_turn_lifecycle.cpp	47	47	edited	Turn completion notifications, pending-input drain and waiting-state transitions
src/cli/main.cpp	5760	5760	src/apps/tui/app/tui_turn_lifecycle.cpp	48	48	edited	Turn completion notifications, pending-input drain and waiting-state transitions
src/cli/main.cpp	5761	5763	src/apps/tui/app/tui_turn_lifecycle.cpp	45	157	edited	Turn completion notifications, pending-input drain and waiting-state transitions; signature, state access, ownership or assembly rewritten in this destination
src/cli/main.cpp	5764	5764	src/apps/tui/model/user_turn_state.cpp	7	7	edited	Turn completion notifications, pending-input drain and waiting-state transitions
src/cli/main.cpp	5765	5765	src/apps/tui/model/user_turn_state.cpp	8	8	edited	Turn completion notifications, pending-input drain and waiting-state transitions
src/cli/main.cpp	5766	5766	src/apps/tui/model/user_turn_state.cpp	9	9	edited	Turn completion notifications, pending-input drain and waiting-state transitions
src/cli/main.cpp	5767	5767	src/apps/tui/app/tui_turn_lifecycle.cpp	52	52	edited	Turn completion notifications, pending-input drain and waiting-state transitions
src/cli/main.cpp	5768	5768	src/apps/tui/app/tui_turn_lifecycle.cpp	53	53	edited	Turn completion notifications, pending-input drain and waiting-state transitions
src/cli/main.cpp	5769	5769	src/apps/tui/app/tui_turn_lifecycle.cpp	54	54	edited	Turn completion notifications, pending-input drain and waiting-state transitions
src/cli/main.cpp	5770	5770	src/apps/tui/app/tui_turn_lifecycle.cpp	55	55	edited	Turn completion notifications, pending-input drain and waiting-state transitions
src/cli/main.cpp	5771	5771	src/apps/tui/app/tui_turn_lifecycle.cpp	56	56	edited	Turn completion notifications, pending-input drain and waiting-state transitions
src/cli/main.cpp	5772	5772	src/apps/tui/app/tui_turn_lifecycle.cpp	57	57	edited	Turn completion notifications, pending-input drain and waiting-state transitions
src/cli/main.cpp	5773	5773	src/apps/tui/app/tui_turn_lifecycle.cpp	58	58	edited	Turn completion notifications, pending-input drain and waiting-state transitions
src/cli/main.cpp	5774	5774	src/apps/tui/app/tui_turn_lifecycle.cpp	59	59	edited	Turn completion notifications, pending-input drain and waiting-state transitions
src/cli/main.cpp	5775	5775	src/apps/tui/app/tui_turn_lifecycle.cpp	60	60	edited	Turn completion notifications, pending-input drain and waiting-state transitions
src/cli/main.cpp	5776	5776	src/apps/tui/app/tui_turn_lifecycle.cpp	61	61	edited	Turn completion notifications, pending-input drain and waiting-state transitions
src/cli/main.cpp	5777	5777	src/apps/tui/app/tui_turn_lifecycle.cpp	62	62	edited	Turn completion notifications, pending-input drain and waiting-state transitions
src/cli/main.cpp	5778	5778	src/apps/tui/app/tui_turn_lifecycle.cpp	63	63	edited	Turn completion notifications, pending-input drain and waiting-state transitions
src/cli/main.cpp	5779	5779	src/apps/tui/app/tui_turn_lifecycle.cpp	64	64	edited	Turn completion notifications, pending-input drain and waiting-state transitions
src/cli/main.cpp	5780	5784	src/apps/tui/app/tui_turn_lifecycle.cpp	64	69	edited	Turn completion notifications, pending-input drain and waiting-state transitions; signature, state access, ownership or assembly rewritten in this destination
src/cli/main.cpp	5785	5785	src/apps/tui/app/tui_turn_lifecycle.cpp	69	69	edited	Turn completion notifications, pending-input drain and waiting-state transitions
src/cli/main.cpp	5786	5786	src/apps/tui/app/tui_turn_lifecycle.cpp	70	70	edited	Turn completion notifications, pending-input drain and waiting-state transitions
src/cli/main.cpp	5787	5787	src/apps/tui/app/tui_turn_lifecycle.cpp	71	71	edited	Turn completion notifications, pending-input drain and waiting-state transitions
src/cli/main.cpp	5788	5788	src/apps/tui/app/tui_turn_lifecycle.cpp	72	72	edited	Turn completion notifications, pending-input drain and waiting-state transitions
src/cli/main.cpp	5789	5789	src/apps/tui/app/tui_turn_lifecycle.cpp	73	73	edited	Turn completion notifications, pending-input drain and waiting-state transitions
src/cli/main.cpp	5790	5790	src/apps/tui/app/tui_turn_lifecycle.cpp	74	74	edited	Turn completion notifications, pending-input drain and waiting-state transitions
src/cli/main.cpp	5791	5791	src/apps/tui/app/tui_turn_lifecycle.cpp	75	75	edited	Turn completion notifications, pending-input drain and waiting-state transitions
src/cli/main.cpp	5792	5792	src/apps/tui/app/tui_turn_lifecycle.cpp	76	76	edited	Turn completion notifications, pending-input drain and waiting-state transitions
src/cli/main.cpp	5793	5793	src/apps/tui/app/tui_turn_lifecycle.cpp	77	77	edited	Turn completion notifications, pending-input drain and waiting-state transitions
src/cli/main.cpp	5794	5794	src/apps/tui/app/tui_turn_lifecycle.cpp	78	78	edited	Turn completion notifications, pending-input drain and waiting-state transitions
src/cli/main.cpp	5795	5795	src/apps/tui/app/tui_turn_lifecycle.cpp	79	79	edited	Turn completion notifications, pending-input drain and waiting-state transitions
src/cli/main.cpp	5796	5800	src/apps/tui/app/tui_turn_lifecycle.cpp	79	85	edited	Turn completion notifications, pending-input drain and waiting-state transitions; signature, state access, ownership or assembly rewritten in this destination
src/cli/main.cpp	5801	5801	src/apps/tui/app/tui_turn_lifecycle.cpp	85	85	edited	Turn completion notifications, pending-input drain and waiting-state transitions
src/cli/main.cpp	5802	5802	src/apps/tui/app/tui_turn_lifecycle.cpp	86	86	edited	Turn completion notifications, pending-input drain and waiting-state transitions
src/cli/main.cpp	5803	5807	src/apps/tui/app/tui_turn_lifecycle.cpp	86	90	edited	Turn completion notifications, pending-input drain and waiting-state transitions; signature, state access, ownership or assembly rewritten in this destination
src/cli/main.cpp	5808	5808	src/apps/tui/app/tui_turn_lifecycle.cpp	90	90	edited	Turn completion notifications, pending-input drain and waiting-state transitions
src/cli/main.cpp	5809	5809	src/apps/tui/app/tui_turn_lifecycle.cpp	90	92	edited	Turn completion notifications, pending-input drain and waiting-state transitions; signature, state access, ownership or assembly rewritten in this destination
src/cli/main.cpp	5810	5810	src/apps/tui/app/tui_turn_lifecycle.cpp	92	92	edited	Turn completion notifications, pending-input drain and waiting-state transitions
src/cli/main.cpp	5811	5811	src/apps/tui/app/tui_turn_lifecycle.cpp	93	93	edited	Turn completion notifications, pending-input drain and waiting-state transitions
src/cli/main.cpp	5812	5812	src/apps/tui/app/tui_turn_lifecycle.cpp	94	94	edited	Turn completion notifications, pending-input drain and waiting-state transitions
src/cli/main.cpp	5813	5813	src/apps/tui/app/tui_turn_lifecycle.cpp	95	95	edited	Turn completion notifications, pending-input drain and waiting-state transitions
src/cli/main.cpp	5814	5814	src/apps/tui/app/tui_turn_lifecycle.cpp	95	97	edited	Turn completion notifications, pending-input drain and waiting-state transitions; signature, state access, ownership or assembly rewritten in this destination
src/cli/main.cpp	5815	5815	src/apps/tui/app/tui_turn_lifecycle.cpp	97	97	edited	Turn completion notifications, pending-input drain and waiting-state transitions
src/cli/main.cpp	5816	5816	src/apps/tui/app/tui_turn_lifecycle.cpp	98	98	edited	Turn completion notifications, pending-input drain and waiting-state transitions
src/cli/main.cpp	5817	5817	src/apps/tui/app/tui_turn_lifecycle.cpp	99	99	edited	Turn completion notifications, pending-input drain and waiting-state transitions
src/cli/main.cpp	5818	5818	src/apps/tui/app/tui_turn_lifecycle.cpp	100	100	edited	Turn completion notifications, pending-input drain and waiting-state transitions
src/cli/main.cpp	5819	5819	src/apps/tui/app/tui_turn_lifecycle.cpp	101	101	edited	Turn completion notifications, pending-input drain and waiting-state transitions
src/cli/main.cpp	5820	5820	src/apps/tui/app/tui_turn_lifecycle.cpp	102	102	edited	Turn completion notifications, pending-input drain and waiting-state transitions
src/cli/main.cpp	5821	5821	src/apps/tui/app/tui_turn_lifecycle.cpp	103	103	edited	Turn completion notifications, pending-input drain and waiting-state transitions
src/cli/main.cpp	5822	5822	src/apps/tui/app/tui_turn_lifecycle.cpp	104	104	edited	Turn completion notifications, pending-input drain and waiting-state transitions
src/cli/main.cpp	5823	5823	src/apps/tui/app/tui_turn_lifecycle.cpp	105	105	edited	Turn completion notifications, pending-input drain and waiting-state transitions
src/cli/main.cpp	5824	5824	src/apps/tui/app/tui_turn_lifecycle.cpp	106	106	edited	Turn completion notifications, pending-input drain and waiting-state transitions
src/cli/main.cpp	5825	5825	src/apps/tui/app/tui_turn_lifecycle.cpp	107	107	edited	Turn completion notifications, pending-input drain and waiting-state transitions
src/cli/main.cpp	5826	5826	src/apps/tui/app/tui_turn_lifecycle.cpp	108	108	edited	Turn completion notifications, pending-input drain and waiting-state transitions
src/cli/main.cpp	5827	5827	src/apps/tui/app/tui_turn_lifecycle.cpp	109	109	edited	Turn completion notifications, pending-input drain and waiting-state transitions
src/cli/main.cpp	5828	5828	src/apps/tui/app/tui_turn_lifecycle.cpp	110	110	edited	Turn completion notifications, pending-input drain and waiting-state transitions
src/cli/main.cpp	5829	5829	src/apps/tui/app/tui_turn_lifecycle.cpp	111	111	edited	Turn completion notifications, pending-input drain and waiting-state transitions
src/cli/main.cpp	5830	5830	src/apps/tui/app/tui_turn_lifecycle.cpp	112	112	edited	Turn completion notifications, pending-input drain and waiting-state transitions
src/cli/main.cpp	5831	5831	src/apps/tui/app/tui_turn_lifecycle.cpp	113	113	edited	Turn completion notifications, pending-input drain and waiting-state transitions
src/cli/main.cpp	5832	5832	src/apps/tui/app/tui_turn_lifecycle.cpp	114	114	edited	Turn completion notifications, pending-input drain and waiting-state transitions
src/cli/main.cpp	5833	5833	src/apps/tui/app/tui_turn_lifecycle.cpp	115	115	edited	Turn completion notifications, pending-input drain and waiting-state transitions
src/cli/main.cpp	5834	5834	src/apps/tui/app/tui_turn_lifecycle.cpp	116	116	edited	Turn completion notifications, pending-input drain and waiting-state transitions
src/cli/main.cpp	5835	5835	src/apps/tui/app/tui_turn_lifecycle.cpp	117	117	edited	Turn completion notifications, pending-input drain and waiting-state transitions
src/cli/main.cpp	5836	5836	src/apps/tui/app/tui_turn_lifecycle.cpp	118	118	edited	Turn completion notifications, pending-input drain and waiting-state transitions
src/cli/main.cpp	5837	5837	src/apps/tui/app/tui_turn_lifecycle.cpp	119	119	edited	Turn completion notifications, pending-input drain and waiting-state transitions
src/cli/main.cpp	5838	5838	src/apps/tui/app/tui_turn_lifecycle.cpp	120	120	edited	Turn completion notifications, pending-input drain and waiting-state transitions
src/cli/main.cpp	5839	5839	src/apps/tui/app/tui_turn_lifecycle.cpp	121	121	edited	Turn completion notifications, pending-input drain and waiting-state transitions
src/cli/main.cpp	5840	5840	src/apps/tui/app/tui_turn_lifecycle.cpp	122	122	edited	Turn completion notifications, pending-input drain and waiting-state transitions
src/cli/main.cpp	5841	5841	src/apps/tui/app/tui_turn_lifecycle.cpp	123	123	edited	Turn completion notifications, pending-input drain and waiting-state transitions
src/cli/main.cpp	5842	5842	src/apps/tui/app/tui_turn_lifecycle.cpp	124	124	edited	Turn completion notifications, pending-input drain and waiting-state transitions
src/cli/main.cpp	5843	5843	src/apps/tui/app/tui_turn_lifecycle.cpp	125	125	edited	Turn completion notifications, pending-input drain and waiting-state transitions
src/cli/main.cpp	5844	5844	src/apps/tui/app/tui_turn_lifecycle.cpp	126	126	edited	Turn completion notifications, pending-input drain and waiting-state transitions
src/cli/main.cpp	5845	5845	src/apps/tui/app/tui_turn_lifecycle.cpp	127	127	edited	Turn completion notifications, pending-input drain and waiting-state transitions
src/cli/main.cpp	5846	5846	src/apps/tui/app/tui_turn_lifecycle.cpp	128	128	edited	Turn completion notifications, pending-input drain and waiting-state transitions
src/cli/main.cpp	5847	5847	src/apps/tui/app/tui_turn_lifecycle.cpp	129	129	edited	Turn completion notifications, pending-input drain and waiting-state transitions
src/cli/main.cpp	5848	5848	src/apps/tui/app/tui_turn_lifecycle.cpp	130	130	edited	Turn completion notifications, pending-input drain and waiting-state transitions
src/cli/main.cpp	5849	5849	src/apps/tui/app/tui_turn_lifecycle.cpp	131	131	edited	Turn completion notifications, pending-input drain and waiting-state transitions
src/cli/main.cpp	5850	5850	src/apps/tui/app/tui_turn_lifecycle.cpp	132	132	edited	Turn completion notifications, pending-input drain and waiting-state transitions
src/cli/main.cpp	5851	5851	src/apps/tui/app/tui_turn_lifecycle.cpp	133	133	edited	Turn completion notifications, pending-input drain and waiting-state transitions
src/cli/main.cpp	5852	5852	src/apps/tui/app/tui_turn_lifecycle.cpp	134	134	edited	Turn completion notifications, pending-input drain and waiting-state transitions
src/cli/main.cpp	5853	5853	src/apps/tui/app/tui_turn_lifecycle.cpp	135	135	edited	Turn completion notifications, pending-input drain and waiting-state transitions
src/cli/main.cpp	5854	5854	src/apps/tui/app/tui_turn_lifecycle.cpp	136	136	edited	Turn completion notifications, pending-input drain and waiting-state transitions
src/cli/main.cpp	5855	5855	src/apps/tui/app/tui_turn_lifecycle.cpp	137	137	edited	Turn completion notifications, pending-input drain and waiting-state transitions
src/cli/main.cpp	5856	5856	src/apps/tui/app/tui_turn_lifecycle.cpp	138	138	edited	Turn completion notifications, pending-input drain and waiting-state transitions
src/cli/main.cpp	5857	5858	src/apps/tui/app/tui_turn_lifecycle.cpp	45	157	edited	Turn completion notifications, pending-input drain and waiting-state transitions; signature, state access, ownership or assembly rewritten in this destination
src/cli/main.cpp	5859	5859	src/apps/tui/model/user_turn_state.cpp	7	7	edited	Turn completion notifications, pending-input drain and waiting-state transitions
src/cli/main.cpp	5860	5860	src/apps/tui/model/user_turn_state.cpp	8	8	edited	Turn completion notifications, pending-input drain and waiting-state transitions
src/cli/main.cpp	5861	5861	src/apps/tui/model/user_turn_state.cpp	9	9	edited	Turn completion notifications, pending-input drain and waiting-state transitions
src/cli/main.cpp	5862	5864	src/apps/tui/app/tui_turn_lifecycle.cpp	45	157	edited	Turn completion notifications, pending-input drain and waiting-state transitions; signature, state access, ownership or assembly rewritten in this destination
src/cli/main.cpp	5865	5865	src/apps/tui/app/tui_turn_lifecycle.cpp	143	143	edited	Turn completion notifications, pending-input drain and waiting-state transitions
src/cli/main.cpp	5866	5866	src/apps/tui/app/tui_turn_lifecycle.cpp	144	144	edited	Turn completion notifications, pending-input drain and waiting-state transitions
src/cli/main.cpp	5867	5869	src/apps/tui/app/tui_turn_lifecycle.cpp	144	148	edited	Turn completion notifications, pending-input drain and waiting-state transitions; signature, state access, ownership or assembly rewritten in this destination
src/cli/main.cpp	5870	5870	src/apps/tui/app/tui_turn_lifecycle.cpp	148	148	edited	Turn completion notifications, pending-input drain and waiting-state transitions
src/cli/main.cpp	5871	5871	src/apps/tui/app/tui_turn_lifecycle.cpp	149	149	edited	Turn completion notifications, pending-input drain and waiting-state transitions
src/cli/main.cpp	5872	5872	src/apps/tui/app/tui_turn_lifecycle.cpp	150	150	edited	Turn completion notifications, pending-input drain and waiting-state transitions
src/cli/main.cpp	5873	5873	src/apps/tui/app/tui_turn_lifecycle.cpp	151	151	edited	Turn completion notifications, pending-input drain and waiting-state transitions
src/cli/main.cpp	5874	5874	src/apps/tui/app/tui_turn_lifecycle.cpp	151	153	edited	Turn completion notifications, pending-input drain and waiting-state transitions; signature, state access, ownership or assembly rewritten in this destination
src/cli/main.cpp	5875	5875	src/apps/tui/app/tui_turn_lifecycle.cpp	153	153	edited	Turn completion notifications, pending-input drain and waiting-state transitions
src/cli/main.cpp	5876	5876	src/apps/tui/app/tui_turn_lifecycle.cpp	154	154	edited	Turn completion notifications, pending-input drain and waiting-state transitions
src/cli/main.cpp	5877	5877	src/apps/tui/app/tui_turn_lifecycle.cpp	155	155	edited	Turn completion notifications, pending-input drain and waiting-state transitions
src/cli/main.cpp	5878	5882	src/apps/tui/app/tui_turn_lifecycle.cpp	155	160	edited	Turn completion notifications, pending-input drain and waiting-state transitions; signature, state access, ownership or assembly rewritten in this destination
src/cli/main.cpp	5883	5911	src/apps/tui/app/inbound_submit_registration.cpp	1	39	edited	Own remote-control inbound submission registration; signature, state access, ownership or assembly rewritten in this destination
src/cli/main.cpp	5912	5954	src/apps/tui/app/animation_ticker.cpp	1	41	edited	Own animation worker and pacing context; signature, state access, ownership or assembly rewritten in this destination
src/cli/main.cpp	5955	5955	src/apps/tui/app/animation_tick.cpp	12	12	edited	Apply animation ticks and schedule redraw without escaping borrowed state
src/cli/main.cpp	5956	5956	src/apps/tui/app/animation_tick.cpp	13	13	edited	Apply animation ticks and schedule redraw without escaping borrowed state
src/cli/main.cpp	5957	5957	src/apps/tui/app/animation_tick.cpp	14	14	edited	Apply animation ticks and schedule redraw without escaping borrowed state
src/cli/main.cpp	5958	5958	src/apps/tui/app/animation_tick.cpp	15	15	edited	Apply animation ticks and schedule redraw without escaping borrowed state
src/cli/main.cpp	5959	5959	src/apps/tui/app/animation_tick.cpp	16	16	edited	Apply animation ticks and schedule redraw without escaping borrowed state
src/cli/main.cpp	5960	5960	src/apps/tui/app/animation_tick.cpp	17	17	edited	Apply animation ticks and schedule redraw without escaping borrowed state
src/cli/main.cpp	5961	5961	src/apps/tui/app/animation_tick.cpp	18	18	edited	Apply animation ticks and schedule redraw without escaping borrowed state
src/cli/main.cpp	5962	5962	src/apps/tui/app/animation_tick.cpp	19	19	edited	Apply animation ticks and schedule redraw without escaping borrowed state
src/cli/main.cpp	5963	5963	src/apps/tui/app/animation_tick.cpp	20	20	edited	Apply animation ticks and schedule redraw without escaping borrowed state
src/cli/main.cpp	5964	5966	src/apps/tui/app/animation_tick.cpp	20	24	edited	Apply animation ticks and schedule redraw without escaping borrowed state; signature, state access, ownership or assembly rewritten in this destination
src/cli/main.cpp	5967	5967	src/apps/tui/app/animation_tick.cpp	24	24	edited	Apply animation ticks and schedule redraw without escaping borrowed state
src/cli/main.cpp	5968	5968	src/apps/tui/app/animation_tick.cpp	25	25	edited	Apply animation ticks and schedule redraw without escaping borrowed state
src/cli/main.cpp	5969	5969	src/apps/tui/app/animation_tick.cpp	26	26	edited	Apply animation ticks and schedule redraw without escaping borrowed state
src/cli/main.cpp	5970	5972	src/apps/tui/app/animation_tick.cpp	26	27	edited	Apply animation ticks and schedule redraw without escaping borrowed state; signature, state access, ownership or assembly rewritten in this destination
src/cli/main.cpp	5973	5973	src/apps/tui/app/animation_tick.cpp	27	27	edited	Apply animation ticks and schedule redraw without escaping borrowed state
src/cli/main.cpp	5974	5974	src/apps/tui/app/animation_tick.cpp	28	28	edited	Apply animation ticks and schedule redraw without escaping borrowed state
src/cli/main.cpp	5975	5975	src/apps/tui/app/animation_tick.cpp	29	29	edited	Apply animation ticks and schedule redraw without escaping borrowed state
src/cli/main.cpp	5976	5976	src/apps/tui/app/animation_tick.cpp	29	31	edited	Apply animation ticks and schedule redraw without escaping borrowed state; signature, state access, ownership or assembly rewritten in this destination
src/cli/main.cpp	5977	5977	src/apps/tui/app/animation_tick.cpp	31	31	edited	Apply animation ticks and schedule redraw without escaping borrowed state
src/cli/main.cpp	5978	5978	src/apps/tui/app/animation_tick.cpp	32	32	edited	Apply animation ticks and schedule redraw without escaping borrowed state
src/cli/main.cpp	5979	5979	src/apps/tui/app/animation_tick.cpp	33	33	edited	Apply animation ticks and schedule redraw without escaping borrowed state
src/cli/main.cpp	5980	5980	src/apps/tui/app/animation_tick.cpp	34	34	edited	Apply animation ticks and schedule redraw without escaping borrowed state
src/cli/main.cpp	5981	5981	src/apps/tui/app/animation_tick.cpp	35	35	edited	Apply animation ticks and schedule redraw without escaping borrowed state
src/cli/main.cpp	5982	5982	src/apps/tui/app/animation_tick.cpp	36	36	edited	Apply animation ticks and schedule redraw without escaping borrowed state
src/cli/main.cpp	5983	5983	src/apps/tui/app/animation_tick.cpp	37	37	edited	Apply animation ticks and schedule redraw without escaping borrowed state
src/cli/main.cpp	5984	5984	src/apps/tui/app/animation_tick.cpp	38	38	edited	Apply animation ticks and schedule redraw without escaping borrowed state
src/cli/main.cpp	5985	5985	src/apps/tui/app/animation_tick.cpp	39	39	edited	Apply animation ticks and schedule redraw without escaping borrowed state
src/cli/main.cpp	5986	5986	src/apps/tui/app/animation_tick.cpp	40	40	edited	Apply animation ticks and schedule redraw without escaping borrowed state
src/cli/main.cpp	5987	5987	src/apps/tui/app/animation_tick.cpp	41	41	edited	Apply animation ticks and schedule redraw without escaping borrowed state
src/cli/main.cpp	5988	5988	src/apps/tui/app/animation_tick.cpp	42	42	edited	Apply animation ticks and schedule redraw without escaping borrowed state
src/cli/main.cpp	5989	5989	src/apps/tui/app/animation_tick.cpp	43	43	edited	Apply animation ticks and schedule redraw without escaping borrowed state
src/cli/main.cpp	5990	5990	src/apps/tui/app/animation_tick.cpp	44	44	edited	Apply animation ticks and schedule redraw without escaping borrowed state
src/cli/main.cpp	5991	5991	src/apps/tui/app/animation_tick.cpp	45	45	edited	Apply animation ticks and schedule redraw without escaping borrowed state
src/cli/main.cpp	5992	5992	src/apps/tui/app/animation_tick.cpp	46	46	edited	Apply animation ticks and schedule redraw without escaping borrowed state
src/cli/main.cpp	5993	5993	src/apps/tui/app/animation_tick.cpp	47	47	edited	Apply animation ticks and schedule redraw without escaping borrowed state
src/cli/main.cpp	5994	5994	src/apps/tui/app/animation_tick.cpp	48	48	edited	Apply animation ticks and schedule redraw without escaping borrowed state
src/cli/main.cpp	5995	5995	src/apps/tui/app/animation_tick.cpp	49	49	edited	Apply animation ticks and schedule redraw without escaping borrowed state
src/cli/main.cpp	5996	5996	src/apps/tui/app/animation_tick.cpp	50	50	edited	Apply animation ticks and schedule redraw without escaping borrowed state
src/cli/main.cpp	5997	5997	src/apps/tui/app/animation_tick.cpp	51	51	edited	Apply animation ticks and schedule redraw without escaping borrowed state
src/cli/main.cpp	5998	5998	src/apps/tui/app/animation_tick.cpp	52	52	edited	Apply animation ticks and schedule redraw without escaping borrowed state
src/cli/main.cpp	5999	5999	src/apps/tui/app/animation_tick.cpp	53	53	edited	Apply animation ticks and schedule redraw without escaping borrowed state
src/cli/main.cpp	6000	6000	src/apps/tui/app/animation_tick.cpp	54	54	edited	Apply animation ticks and schedule redraw without escaping borrowed state
src/cli/main.cpp	6001	6001	src/apps/tui/app/animation_tick.cpp	55	55	edited	Apply animation ticks and schedule redraw without escaping borrowed state
src/cli/main.cpp	6002	6002	src/apps/tui/app/animation_tick.cpp	56	56	edited	Apply animation ticks and schedule redraw without escaping borrowed state
src/cli/main.cpp	6003	6003	src/apps/tui/app/animation_tick.cpp	57	57	edited	Apply animation ticks and schedule redraw without escaping borrowed state
src/cli/main.cpp	6004	6004	src/apps/tui/app/animation_tick.cpp	58	58	edited	Apply animation ticks and schedule redraw without escaping borrowed state
src/cli/main.cpp	6005	6005	src/apps/tui/app/animation_tick.cpp	59	59	edited	Apply animation ticks and schedule redraw without escaping borrowed state
src/cli/main.cpp	6006	6006	src/apps/tui/app/animation_tick.cpp	60	60	edited	Apply animation ticks and schedule redraw without escaping borrowed state
src/cli/main.cpp	6007	6007	src/apps/tui/app/animation_tick.cpp	61	61	copy	Byte-identical source lines
src/cli/main.cpp	6008	6008	src/apps/tui/app/animation_tick.cpp	62	62	edited	Apply animation ticks and schedule redraw without escaping borrowed state
src/cli/main.cpp	6009	6009	src/apps/tui/app/animation_tick.cpp	63	63	edited	Apply animation ticks and schedule redraw without escaping borrowed state
src/cli/main.cpp	6010	6010	src/apps/tui/app/animation_tick.cpp	64	64	edited	Apply animation ticks and schedule redraw without escaping borrowed state
src/cli/main.cpp	6011	6011	src/apps/tui/app/animation_tick.cpp	65	65	edited	Apply animation ticks and schedule redraw without escaping borrowed state
src/cli/main.cpp	6012	6012	src/apps/tui/app/animation_tick.cpp	66	66	edited	Apply animation ticks and schedule redraw without escaping borrowed state
src/cli/main.cpp	6013	6013	src/apps/tui/app/animation_tick.cpp	67	67	edited	Apply animation ticks and schedule redraw without escaping borrowed state
src/cli/main.cpp	6014	6014	src/apps/tui/app/animation_tick.cpp	68	68	edited	Apply animation ticks and schedule redraw without escaping borrowed state
src/cli/main.cpp	6015	6015	src/apps/tui/app/animation_tick.cpp	69	69	edited	Apply animation ticks and schedule redraw without escaping borrowed state
src/cli/main.cpp	6016	6018	src/apps/tui/app/animation_tick.cpp	69	73	edited	Apply animation ticks and schedule redraw without escaping borrowed state; signature, state access, ownership or assembly rewritten in this destination
src/cli/main.cpp	6019	6019	src/apps/tui/app/animation_tick.cpp	73	73	edited	Apply animation ticks and schedule redraw without escaping borrowed state
src/cli/main.cpp	6020	6020	src/apps/tui/app/animation_tick.cpp	74	74	edited	Apply animation ticks and schedule redraw without escaping borrowed state
src/cli/main.cpp	6021	6021	src/apps/tui/app/animation_tick.cpp	75	75	edited	Apply animation ticks and schedule redraw without escaping borrowed state
src/cli/main.cpp	6022	6022	src/apps/tui/app/animation_tick.cpp	75	77	edited	Apply animation ticks and schedule redraw without escaping borrowed state; signature, state access, ownership or assembly rewritten in this destination
src/cli/main.cpp	6023	6023	src/apps/tui/app/animation_tick.cpp	77	77	edited	Apply animation ticks and schedule redraw without escaping borrowed state
src/cli/main.cpp	6024	6024	src/apps/tui/app/animation_tick.cpp	77	79	edited	Apply animation ticks and schedule redraw without escaping borrowed state; signature, state access, ownership or assembly rewritten in this destination
src/cli/main.cpp	6025	6025	src/apps/tui/app/animation_tick.cpp	79	79	edited	Apply animation ticks and schedule redraw without escaping borrowed state
src/cli/main.cpp	6026	6026	src/apps/tui/app/animation_tick.cpp	80	80	edited	Apply animation ticks and schedule redraw without escaping borrowed state
src/cli/main.cpp	6027	6027	src/apps/tui/app/animation_tick.cpp	81	81	edited	Apply animation ticks and schedule redraw without escaping borrowed state
src/cli/main.cpp	6028	6028	src/apps/tui/app/animation_tick.cpp	82	82	edited	Apply animation ticks and schedule redraw without escaping borrowed state
src/cli/main.cpp	6029	6029	src/apps/tui/app/animation_tick.cpp	83	83	edited	Apply animation ticks and schedule redraw without escaping borrowed state
src/cli/main.cpp	6030	6030	src/apps/tui/app/animation_tick.cpp	84	84	edited	Apply animation ticks and schedule redraw without escaping borrowed state
src/cli/main.cpp	6031	6031	src/apps/tui/app/animation_tick.cpp	85	85	edited	Apply animation ticks and schedule redraw without escaping borrowed state
src/cli/main.cpp	6032	6032	src/apps/tui/app/animation_tick.cpp	86	86	edited	Apply animation ticks and schedule redraw without escaping borrowed state
src/cli/main.cpp	6033	6033	src/apps/tui/app/animation_tick.cpp	87	87	edited	Apply animation ticks and schedule redraw without escaping borrowed state
src/cli/main.cpp	6034	6034	src/apps/tui/app/animation_tick.cpp	88	88	edited	Apply animation ticks and schedule redraw without escaping borrowed state
src/cli/main.cpp	6035	6035	src/apps/tui/app/animation_tick.cpp	89	89	edited	Apply animation ticks and schedule redraw without escaping borrowed state
src/cli/main.cpp	6036	6036	src/apps/tui/app/animation_tick.cpp	90	90	edited	Apply animation ticks and schedule redraw without escaping borrowed state
src/cli/main.cpp	6037	6037	src/apps/tui/app/animation_tick.cpp	91	91	edited	Apply animation ticks and schedule redraw without escaping borrowed state
src/cli/main.cpp	6038	6038	src/apps/tui/app/animation_tick.cpp	91	93	edited	Apply animation ticks and schedule redraw without escaping borrowed state; signature, state access, ownership or assembly rewritten in this destination
src/cli/main.cpp	6039	6039	src/apps/tui/app/animation_tick.cpp	93	93	edited	Apply animation ticks and schedule redraw without escaping borrowed state
src/cli/main.cpp	6040	6040	src/apps/tui/app/animation_tick.cpp	94	94	edited	Apply animation ticks and schedule redraw without escaping borrowed state
src/cli/main.cpp	6041	6041	src/apps/tui/app/animation_tick.cpp	95	95	edited	Apply animation ticks and schedule redraw without escaping borrowed state
src/cli/main.cpp	6042	6042	src/apps/tui/app/animation_tick.cpp	96	96	edited	Apply animation ticks and schedule redraw without escaping borrowed state
src/cli/main.cpp	6043	6043	src/apps/tui/app/animation_tick.cpp	97	97	copy	Byte-identical source lines
src/cli/main.cpp	6044	6044	src/apps/tui/app/animation_tick.cpp	98	98	edited	Apply animation ticks and schedule redraw without escaping borrowed state
src/cli/main.cpp	6045	6045	src/apps/tui/app/animation_tick.cpp	99	99	edited	Apply animation ticks and schedule redraw without escaping borrowed state
src/cli/main.cpp	6046	6046	src/apps/tui/app/animation_tick.cpp	100	100	edited	Apply animation ticks and schedule redraw without escaping borrowed state
src/cli/main.cpp	6047	6047	src/apps/tui/app/animation_tick.cpp	101	101	edited	Apply animation ticks and schedule redraw without escaping borrowed state
src/cli/main.cpp	6048	6048	src/apps/tui/app/animation_tick.cpp	102	102	edited	Apply animation ticks and schedule redraw without escaping borrowed state
src/cli/main.cpp	6049	6049	src/apps/tui/app/animation_tick.cpp	103	103	edited	Apply animation ticks and schedule redraw without escaping borrowed state
src/cli/main.cpp	6050	6050	src/apps/tui/app/animation_tick.cpp	104	104	edited	Apply animation ticks and schedule redraw without escaping borrowed state
src/cli/main.cpp	6051	6051	src/apps/tui/app/animation_tick.cpp	105	105	edited	Apply animation ticks and schedule redraw without escaping borrowed state
src/cli/main.cpp	6052	6052	src/apps/tui/app/animation_tick.cpp	106	106	edited	Apply animation ticks and schedule redraw without escaping borrowed state
src/cli/main.cpp	6053	6064	src/apps/tui/app/animation_tick.cpp	106	109	edited	Apply animation ticks and schedule redraw without escaping borrowed state; signature, state access, ownership or assembly rewritten in this destination
src/cli/main.cpp	6065	6072	src/apps/tui/composer/input_component.cpp	5	13	edited	Build the custom input component; signature, state access, ownership or assembly rewritten in this destination
src/cli/main.cpp	6073	6086	src/apps/tui/composer/input_component.cpp	13	26	copy	Byte-identical source lines
src/cli/main.cpp	6087	6088	src/apps/tui/composer/input_component.cpp	26	29	edited	Build the custom input component; signature, state access, ownership or assembly rewritten in this destination
src/cli/main.cpp	6089	6093	src/apps/tui/composer/paste.cpp	96	101	edited	Bind paste, attachment and exit-cancel actions to the component owners; signature, state access, ownership or assembly rewritten in this destination
src/cli/main.cpp	6094	6094	src/apps/tui/composer/paste.cpp	101	101	copy	Byte-identical source lines
src/cli/main.cpp	6095	6117	src/apps/tui/composer/paste.cpp	101	124	edited	Bind paste, attachment and exit-cancel actions to the component owners; signature, state access, ownership or assembly rewritten in this destination
src/cli/main.cpp	6118	6119	src/apps/tui/app/tui_event_router.cpp	1	81	edited	Route keyboard and mouse events through one ordered adapter; signature, state access, ownership or assembly rewritten in this destination
src/cli/main.cpp	6120	6120	src/apps/tui/input/event_prelude.cpp	19	19	edited	Account input timing and perform event normalization
src/cli/main.cpp	6121	6121	src/apps/tui/input/event_prelude.cpp	20	20	edited	Account input timing and perform event normalization
src/cli/main.cpp	6122	6122	src/apps/tui/input/event_prelude.cpp	21	21	edited	Account input timing and perform event normalization
src/cli/main.cpp	6123	6123	src/apps/tui/input/event_prelude.cpp	22	22	edited	Account input timing and perform event normalization
src/cli/main.cpp	6124	6127	src/apps/tui/input/event_prelude.cpp	22	27	edited	Account input timing and perform event normalization; signature, state access, ownership or assembly rewritten in this destination
src/cli/main.cpp	6128	6128	src/apps/tui/input/event_prelude.cpp	27	27	edited	Account input timing and perform event normalization
src/cli/main.cpp	6129	6129	src/apps/tui/input/event_prelude.cpp	28	28	edited	Account input timing and perform event normalization
src/cli/main.cpp	6130	6130	src/apps/tui/input/event_prelude.cpp	29	29	edited	Account input timing and perform event normalization
src/cli/main.cpp	6131	6131	src/apps/tui/input/event_prelude.cpp	30	30	edited	Account input timing and perform event normalization
src/cli/main.cpp	6132	6132	src/apps/tui/input/event_prelude.cpp	31	31	edited	Account input timing and perform event normalization
src/cli/main.cpp	6133	6133	src/apps/tui/input/event_prelude.cpp	32	32	edited	Account input timing and perform event normalization
src/cli/main.cpp	6134	6134	src/apps/tui/input/event_prelude.cpp	33	33	edited	Account input timing and perform event normalization
src/cli/main.cpp	6135	6135	src/apps/tui/input/event_prelude.cpp	34	34	edited	Account input timing and perform event normalization
src/cli/main.cpp	6136	6136	src/apps/tui/input/event_prelude.cpp	35	35	edited	Account input timing and perform event normalization
src/cli/main.cpp	6137	6137	src/apps/tui/input/event_prelude.cpp	36	36	edited	Account input timing and perform event normalization
src/cli/main.cpp	6138	6138	src/apps/tui/input/event_prelude.cpp	37	37	edited	Account input timing and perform event normalization
src/cli/main.cpp	6139	6139	src/apps/tui/input/event_prelude.cpp	38	38	edited	Account input timing and perform event normalization
src/cli/main.cpp	6140	6140	src/apps/tui/input/event_prelude.cpp	39	39	edited	Account input timing and perform event normalization
src/cli/main.cpp	6141	6141	src/apps/tui/input/event_prelude.cpp	40	40	edited	Account input timing and perform event normalization
src/cli/main.cpp	6142	6142	src/apps/tui/input/event_prelude.cpp	41	41	edited	Account input timing and perform event normalization
src/cli/main.cpp	6143	6143	src/apps/tui/input/event_prelude.cpp	42	42	edited	Account input timing and perform event normalization
src/cli/main.cpp	6144	6144	src/apps/tui/input/event_prelude.cpp	43	43	edited	Account input timing and perform event normalization
src/cli/main.cpp	6145	6145	src/apps/tui/input/event_prelude.cpp	44	44	edited	Account input timing and perform event normalization
src/cli/main.cpp	6146	6146	src/apps/tui/input/event_prelude.cpp	45	45	edited	Account input timing and perform event normalization
src/cli/main.cpp	6147	6154	src/apps/tui/input/event_prelude.cpp	45	54	edited	Account input timing and perform event normalization; signature, state access, ownership or assembly rewritten in this destination
src/cli/main.cpp	6155	6155	src/apps/tui/input/event_prelude.cpp	54	54	copy	Byte-identical source lines
src/cli/main.cpp	6156	6156	src/apps/tui/input/event_prelude.cpp	55	55	edited	Account input timing and perform event normalization
src/cli/main.cpp	6157	6157	src/apps/tui/input/event_prelude.cpp	56	56	edited	Account input timing and perform event normalization
src/cli/main.cpp	6158	6158	src/apps/tui/input/event_prelude.cpp	57	57	edited	Account input timing and perform event normalization
src/cli/main.cpp	6159	6159	src/apps/tui/input/event_prelude.cpp	58	58	edited	Account input timing and perform event normalization
src/cli/main.cpp	6160	6160	src/apps/tui/input/event_prelude.cpp	59	59	edited	Account input timing and perform event normalization
src/cli/main.cpp	6161	6161	src/apps/tui/input/event_prelude.cpp	60	60	edited	Account input timing and perform event normalization
src/cli/main.cpp	6162	6162	src/apps/tui/input/event_prelude.cpp	61	61	edited	Account input timing and perform event normalization
src/cli/main.cpp	6163	6163	src/apps/tui/input/event_prelude.cpp	62	62	edited	Account input timing and perform event normalization
src/cli/main.cpp	6164	6164	src/apps/tui/input/event_prelude.cpp	63	63	edited	Account input timing and perform event normalization
src/cli/main.cpp	6165	6165	src/apps/tui/input/event_prelude.cpp	64	64	edited	Account input timing and perform event normalization
src/cli/main.cpp	6166	6166	src/apps/tui/input/event_prelude.cpp	65	65	edited	Account input timing and perform event normalization
src/cli/main.cpp	6167	6167	src/apps/tui/input/event_prelude.cpp	65	67	edited	Account input timing and perform event normalization; signature, state access, ownership or assembly rewritten in this destination
src/cli/main.cpp	6168	6168	src/apps/tui/input/event_prelude.cpp	67	67	edited	Account input timing and perform event normalization
src/cli/main.cpp	6169	6169	src/apps/tui/input/event_prelude.cpp	68	68	edited	Account input timing and perform event normalization
src/cli/main.cpp	6170	6171	src/apps/tui/input/event_prelude.cpp	68	71	edited	Account input timing and perform event normalization; signature, state access, ownership or assembly rewritten in this destination
src/cli/main.cpp	6172	6172	src/apps/tui/input/event_prelude.cpp	71	71	edited	Account input timing and perform event normalization
src/cli/main.cpp	6173	6173	src/apps/tui/input/event_prelude.cpp	72	72	edited	Account input timing and perform event normalization
src/cli/main.cpp	6174	6174	src/apps/tui/input/event_prelude.cpp	73	73	edited	Account input timing and perform event normalization
src/cli/main.cpp	6175	6175	src/apps/tui/input/event_prelude.cpp	74	74	edited	Account input timing and perform event normalization
src/cli/main.cpp	6176	6176	src/apps/tui/input/event_prelude.cpp	75	75	edited	Account input timing and perform event normalization
src/cli/main.cpp	6177	6177	src/apps/tui/input/event_prelude.cpp	76	76	edited	Account input timing and perform event normalization
src/cli/main.cpp	6178	6178	src/apps/tui/input/event_prelude.cpp	77	77	edited	Account input timing and perform event normalization
src/cli/main.cpp	6179	6179	src/apps/tui/input/event_prelude.cpp	78	78	edited	Account input timing and perform event normalization
src/cli/main.cpp	6180	6180	src/apps/tui/input/event_prelude.cpp	79	79	edited	Account input timing and perform event normalization
src/cli/main.cpp	6181	6181	src/apps/tui/input/event_prelude.cpp	80	80	edited	Account input timing and perform event normalization
src/cli/main.cpp	6182	6183	src/apps/tui/input/event_prelude.cpp	80	83	edited	Account input timing and perform event normalization; signature, state access, ownership or assembly rewritten in this destination
src/cli/main.cpp	6184	6184	src/apps/tui/composer/paste.cpp	174	174	edited	Handle bracketed paste before ordinary input
src/cli/main.cpp	6185	6185	src/apps/tui/composer/paste.cpp	175	175	edited	Handle bracketed paste before ordinary input
src/cli/main.cpp	6186	6186	src/apps/tui/composer/paste.cpp	176	176	edited	Handle bracketed paste before ordinary input
src/cli/main.cpp	6187	6187	src/apps/tui/composer/paste.cpp	177	177	edited	Handle bracketed paste before ordinary input
src/cli/main.cpp	6188	6188	src/apps/tui/composer/paste.cpp	178	178	edited	Handle bracketed paste before ordinary input
src/cli/main.cpp	6189	6189	src/apps/tui/composer/paste.cpp	179	179	edited	Handle bracketed paste before ordinary input
src/cli/main.cpp	6190	6190	src/apps/tui/composer/paste.cpp	180	180	edited	Handle bracketed paste before ordinary input
src/cli/main.cpp	6191	6191	src/apps/tui/composer/paste.cpp	181	181	edited	Handle bracketed paste before ordinary input
src/cli/main.cpp	6192	6192	src/apps/tui/composer/paste.cpp	182	182	edited	Handle bracketed paste before ordinary input
src/cli/main.cpp	6193	6193	src/apps/tui/composer/paste.cpp	183	183	edited	Handle bracketed paste before ordinary input
src/cli/main.cpp	6194	6194	src/apps/tui/composer/paste.cpp	184	184	edited	Handle bracketed paste before ordinary input
src/cli/main.cpp	6195	6195	src/apps/tui/composer/paste.cpp	185	185	edited	Handle bracketed paste before ordinary input
src/cli/main.cpp	6196	6196	src/apps/tui/composer/paste.cpp	186	186	edited	Handle bracketed paste before ordinary input
src/cli/main.cpp	6197	6197	src/apps/tui/composer/paste.cpp	187	187	edited	Handle bracketed paste before ordinary input
src/cli/main.cpp	6198	6198	src/apps/tui/composer/paste.cpp	188	188	edited	Handle bracketed paste before ordinary input
src/cli/main.cpp	6199	6199	src/apps/tui/composer/paste.cpp	189	189	edited	Handle bracketed paste before ordinary input
src/cli/main.cpp	6200	6200	src/apps/tui/composer/paste.cpp	190	190	edited	Handle bracketed paste before ordinary input
src/cli/main.cpp	6201	6201	src/apps/tui/composer/paste.cpp	191	191	edited	Handle bracketed paste before ordinary input
src/cli/main.cpp	6202	6202	src/apps/tui/composer/paste.cpp	192	192	edited	Handle bracketed paste before ordinary input
src/cli/main.cpp	6203	6203	src/apps/tui/composer/paste.cpp	193	193	edited	Handle bracketed paste before ordinary input
src/cli/main.cpp	6204	6204	src/apps/tui/composer/paste.cpp	194	194	edited	Handle bracketed paste before ordinary input
src/cli/main.cpp	6205	6205	src/apps/tui/composer/paste.cpp	195	195	edited	Handle bracketed paste before ordinary input
src/cli/main.cpp	6206	6219	src/apps/tui/composer/paste.cpp	195	209	edited	Handle bracketed paste before ordinary input; signature, state access, ownership or assembly rewritten in this destination
src/cli/main.cpp	6220	6220	src/apps/tui/composer/clipboard_keys.cpp	11	11	edited	Paste clipboard image on its shortcut
src/cli/main.cpp	6221	6222	src/apps/tui/composer/clipboard_keys.cpp	11	18	edited	Paste clipboard image on its shortcut; signature, state access, ownership or assembly rewritten in this destination
src/cli/main.cpp	6223	6223	src/apps/tui/composer/clipboard_keys.cpp	18	18	edited	Paste clipboard image on its shortcut
src/cli/main.cpp	6224	6226	src/apps/tui/composer/clipboard_keys.cpp	18	21	edited	Paste clipboard image on its shortcut; signature, state access, ownership or assembly rewritten in this destination
src/cli/main.cpp	6227	6227	src/apps/tui/input/control_keys.cpp	27	27	edited	Handle Ctrl+C cancel and exit confirmation
src/cli/main.cpp	6228	6228	src/apps/tui/input/control_keys.cpp	28	28	edited	Handle Ctrl+C cancel and exit confirmation
src/cli/main.cpp	6229	6229	src/apps/tui/input/control_keys.cpp	29	29	edited	Handle Ctrl+C cancel and exit confirmation
src/cli/main.cpp	6230	6230	src/apps/tui/input/control_keys.cpp	30	30	edited	Handle Ctrl+C cancel and exit confirmation
src/cli/main.cpp	6231	6231	src/apps/tui/input/control_keys.cpp	31	31	edited	Handle Ctrl+C cancel and exit confirmation
src/cli/main.cpp	6232	6232	src/apps/tui/input/control_keys.cpp	32	32	edited	Handle Ctrl+C cancel and exit confirmation
src/cli/main.cpp	6233	6233	src/apps/tui/input/control_keys.cpp	32	34	edited	Handle Ctrl+C cancel and exit confirmation; signature, state access, ownership or assembly rewritten in this destination
src/cli/main.cpp	6234	6234	src/apps/tui/input/control_keys.cpp	34	34	edited	Handle Ctrl+C cancel and exit confirmation
src/cli/main.cpp	6235	6235	src/apps/tui/input/control_keys.cpp	35	35	edited	Handle Ctrl+C cancel and exit confirmation
src/cli/main.cpp	6236	6236	src/apps/tui/input/control_keys.cpp	36	36	edited	Handle Ctrl+C cancel and exit confirmation
src/cli/main.cpp	6237	6239	src/apps/tui/input/control_keys.cpp	36	40	edited	Handle Ctrl+C cancel and exit confirmation; signature, state access, ownership or assembly rewritten in this destination
src/cli/main.cpp	6240	6240	src/apps/tui/input/control_keys.cpp	40	40	edited	Handle Ctrl+C cancel and exit confirmation
src/cli/main.cpp	6241	6241	src/apps/tui/input/control_keys.cpp	41	41	edited	Handle Ctrl+C cancel and exit confirmation
src/cli/main.cpp	6242	6242	src/apps/tui/input/control_keys.cpp	42	42	edited	Handle Ctrl+C cancel and exit confirmation
src/cli/main.cpp	6243	6243	src/apps/tui/input/control_keys.cpp	42	44	edited	Handle Ctrl+C cancel and exit confirmation; signature, state access, ownership or assembly rewritten in this destination
src/cli/main.cpp	6244	6244	src/apps/tui/input/control_keys.cpp	44	44	edited	Handle Ctrl+C cancel and exit confirmation
src/cli/main.cpp	6245	6245	src/apps/tui/input/control_keys.cpp	45	45	edited	Handle Ctrl+C cancel and exit confirmation
src/cli/main.cpp	6246	6246	src/apps/tui/input/control_keys.cpp	46	46	edited	Handle Ctrl+C cancel and exit confirmation
src/cli/main.cpp	6247	6252	src/apps/tui/input/control_keys.cpp	46	53	edited	Handle Ctrl+C cancel and exit confirmation; signature, state access, ownership or assembly rewritten in this destination
src/cli/main.cpp	6253	6253	src/apps/tui/input/control_keys.cpp	53	53	edited	Handle Ctrl+C cancel and exit confirmation
src/cli/main.cpp	6254	6254	src/apps/tui/input/control_keys.cpp	54	54	edited	Handle Ctrl+C cancel and exit confirmation
src/cli/main.cpp	6255	6255	src/apps/tui/input/control_keys.cpp	55	55	edited	Handle Ctrl+C cancel and exit confirmation
src/cli/main.cpp	6256	6256	src/apps/tui/input/control_keys.cpp	56	56	edited	Handle Ctrl+C cancel and exit confirmation
src/cli/main.cpp	6257	6257	src/apps/tui/input/control_keys.cpp	57	57	edited	Handle Ctrl+C cancel and exit confirmation
src/cli/main.cpp	6258	6258	src/apps/tui/input/control_keys.cpp	58	58	edited	Handle Ctrl+C cancel and exit confirmation
src/cli/main.cpp	6259	6259	src/apps/tui/input/control_keys.cpp	59	59	edited	Handle Ctrl+C cancel and exit confirmation
src/cli/main.cpp	6260	6260	src/apps/tui/input/control_keys.cpp	60	60	edited	Handle Ctrl+C cancel and exit confirmation
src/cli/main.cpp	6261	6261	src/apps/tui/input/control_keys.cpp	61	61	edited	Handle Ctrl+C cancel and exit confirmation
src/cli/main.cpp	6262	6273	src/apps/tui/input/control_keys.cpp	61	73	edited	Handle Ctrl+C cancel and exit confirmation; signature, state access, ownership or assembly rewritten in this destination
src/cli/main.cpp	6274	6277	src/apps/tui/app/tui_event_router.cpp	1	81	edited	Give pending attachments their ordered event opportunity; signature, state access, ownership or assembly rewritten in this destination
src/cli/main.cpp	6278	6279	src/apps/tui/input/composer_pointer.cpp	15	18	edited	Composer pointer and paste handling; signature, state access, ownership or assembly rewritten in this destination
src/cli/main.cpp	6280	6280	src/apps/tui/input/composer_pointer.cpp	18	18	edited	Composer pointer and paste handling
src/cli/main.cpp	6281	6281	src/apps/tui/input/composer_pointer.cpp	19	19	edited	Composer pointer and paste handling
src/cli/main.cpp	6282	6282	src/apps/tui/input/composer_pointer.cpp	20	20	edited	Composer pointer and paste handling
src/cli/main.cpp	6283	6283	src/apps/tui/input/composer_pointer.cpp	21	21	edited	Composer pointer and paste handling
src/cli/main.cpp	6284	6284	src/apps/tui/input/composer_pointer.cpp	22	22	edited	Composer pointer and paste handling
src/cli/main.cpp	6285	6285	src/apps/tui/input/composer_pointer.cpp	23	23	edited	Composer pointer and paste handling
src/cli/main.cpp	6286	6286	src/apps/tui/input/composer_pointer.cpp	24	24	edited	Composer pointer and paste handling
src/cli/main.cpp	6287	6287	src/apps/tui/input/composer_pointer.cpp	25	25	edited	Composer pointer and paste handling
src/cli/main.cpp	6288	6288	src/apps/tui/input/composer_pointer.cpp	26	26	edited	Composer pointer and paste handling
src/cli/main.cpp	6289	6289	src/apps/tui/input/composer_pointer.cpp	27	27	edited	Composer pointer and paste handling
src/cli/main.cpp	6290	6290	src/apps/tui/input/composer_pointer.cpp	28	28	edited	Composer pointer and paste handling
src/cli/main.cpp	6291	6291	src/apps/tui/input/composer_pointer.cpp	29	29	edited	Composer pointer and paste handling
src/cli/main.cpp	6292	6292	src/apps/tui/input/composer_pointer.cpp	30	30	edited	Composer pointer and paste handling
src/cli/main.cpp	6293	6293	src/apps/tui/input/composer_pointer.cpp	31	31	edited	Composer pointer and paste handling
src/cli/main.cpp	6294	6294	src/apps/tui/input/composer_pointer.cpp	32	32	edited	Composer pointer and paste handling
src/cli/main.cpp	6295	6295	src/apps/tui/input/composer_pointer.cpp	33	33	edited	Composer pointer and paste handling
src/cli/main.cpp	6296	6296	src/apps/tui/input/composer_pointer.cpp	34	34	edited	Composer pointer and paste handling
src/cli/main.cpp	6297	6297	src/apps/tui/input/composer_pointer.cpp	35	35	edited	Composer pointer and paste handling
src/cli/main.cpp	6298	6298	src/apps/tui/input/composer_pointer.cpp	36	36	edited	Composer pointer and paste handling
src/cli/main.cpp	6299	6299	src/apps/tui/input/composer_pointer.cpp	37	37	edited	Composer pointer and paste handling
src/cli/main.cpp	6300	6303	src/apps/tui/input/composer_pointer.cpp	37	42	edited	Composer pointer and paste handling; signature, state access, ownership or assembly rewritten in this destination
src/cli/main.cpp	6304	6304	src/apps/tui/input/composer_pointer.cpp	42	42	edited	Composer pointer and paste handling
src/cli/main.cpp	6305	6305	src/apps/tui/input/composer_pointer.cpp	43	43	edited	Composer pointer and paste handling
src/cli/main.cpp	6306	6310	src/apps/tui/input/composer_pointer.cpp	43	48	edited	Composer pointer and paste handling; signature, state access, ownership or assembly rewritten in this destination
src/cli/main.cpp	6311	6311	src/apps/tui/overlays/ask_question_input.cpp	400	400	edited	Route active question overlay events
src/cli/main.cpp	6312	6312	src/apps/tui/overlays/ask_question_input.cpp	401	401	edited	Route active question overlay events
src/cli/main.cpp	6313	6313	src/apps/tui/overlays/ask_question_input.cpp	402	402	edited	Route active question overlay events
src/cli/main.cpp	6314	6314	src/apps/tui/overlays/ask_question_input.cpp	403	403	edited	Route active question overlay events
src/cli/main.cpp	6315	6315	src/apps/tui/overlays/ask_question_input.cpp	404	404	edited	Route active question overlay events
src/cli/main.cpp	6316	6316	src/apps/tui/overlays/ask_question_input.cpp	405	405	edited	Route active question overlay events
src/cli/main.cpp	6317	6317	src/apps/tui/overlays/ask_question_input.cpp	406	406	edited	Route active question overlay events
src/cli/main.cpp	6318	6318	src/apps/tui/overlays/ask_question_input.cpp	407	407	edited	Route active question overlay events
src/cli/main.cpp	6319	6319	src/apps/tui/overlays/ask_question_input.cpp	407	409	edited	Route active question overlay events; signature, state access, ownership or assembly rewritten in this destination
src/cli/main.cpp	6320	6320	src/apps/tui/overlays/ask_question_input.cpp	409	409	edited	Route active question overlay events
src/cli/main.cpp	6321	6321	src/apps/tui/overlays/ask_question_input.cpp	410	410	edited	Route active question overlay events
src/cli/main.cpp	6322	6322	src/apps/tui/overlays/ask_question_input.cpp	411	411	edited	Route active question overlay events
src/cli/main.cpp	6323	6334	src/apps/tui/overlays/ask_question_input.cpp	411	423	edited	Route active question overlay events; signature, state access, ownership or assembly rewritten in this destination
src/cli/main.cpp	6335	6335	src/apps/tui/overlays/confirm_overlay_input.cpp	114	114	edited	Route queued and active permission overlays
src/cli/main.cpp	6336	6336	src/apps/tui/overlays/confirm_overlay_input.cpp	115	115	edited	Route queued and active permission overlays
src/cli/main.cpp	6337	6337	src/apps/tui/overlays/confirm_overlay_input.cpp	116	116	edited	Route queued and active permission overlays
src/cli/main.cpp	6338	6338	src/apps/tui/overlays/confirm_overlay_input.cpp	117	117	edited	Route queued and active permission overlays
src/cli/main.cpp	6339	6339	src/apps/tui/overlays/confirm_overlay_input.cpp	118	118	edited	Route queued and active permission overlays
src/cli/main.cpp	6340	6340	src/apps/tui/overlays/confirm_overlay_input.cpp	119	119	edited	Route queued and active permission overlays
src/cli/main.cpp	6341	6341	src/apps/tui/overlays/confirm_overlay_input.cpp	120	120	edited	Route queued and active permission overlays
src/cli/main.cpp	6342	6342	src/apps/tui/overlays/confirm_overlay_input.cpp	121	121	edited	Route queued and active permission overlays
src/cli/main.cpp	6343	6343	src/apps/tui/overlays/confirm_overlay_input.cpp	122	122	edited	Route queued and active permission overlays
src/cli/main.cpp	6344	6344	src/apps/tui/overlays/confirm_overlay_input.cpp	123	123	edited	Route queued and active permission overlays
src/cli/main.cpp	6345	6345	src/apps/tui/overlays/confirm_overlay_input.cpp	124	124	edited	Route queued and active permission overlays
src/cli/main.cpp	6346	6346	src/apps/tui/overlays/confirm_overlay_input.cpp	125	125	edited	Route queued and active permission overlays
src/cli/main.cpp	6347	6347	src/apps/tui/overlays/confirm_overlay_input.cpp	126	126	edited	Route queued and active permission overlays
src/cli/main.cpp	6348	6348	src/apps/tui/overlays/confirm_overlay_input.cpp	127	127	edited	Route queued and active permission overlays
src/cli/main.cpp	6349	6349	src/apps/tui/overlays/confirm_overlay_input.cpp	128	128	edited	Route queued and active permission overlays
src/cli/main.cpp	6350	6350	src/apps/tui/overlays/confirm_overlay_input.cpp	129	129	edited	Route queued and active permission overlays
src/cli/main.cpp	6351	6351	src/apps/tui/overlays/confirm_overlay_input.cpp	130	130	edited	Route queued and active permission overlays
src/cli/main.cpp	6352	6352	src/apps/tui/overlays/confirm_overlay_input.cpp	131	131	edited	Route queued and active permission overlays
src/cli/main.cpp	6353	6353	src/apps/tui/overlays/confirm_overlay_input.cpp	132	132	copy	Byte-identical source lines
src/cli/main.cpp	6354	6367	src/apps/tui/overlays/confirm_overlay_input.cpp	132	137	edited	Route queued and active permission overlays; signature, state access, ownership or assembly rewritten in this destination
src/cli/main.cpp	6368	6381	src/apps/tui/app/tui_event_router.cpp	1	81	edited	Preserve completion and rewind event precedence; signature, state access, ownership or assembly rewritten in this destination
src/cli/main.cpp	6382	6382	src/apps/tui/overlays/list_picker_input.cpp	12	12	edited	Accept list picker selections
src/cli/main.cpp	6383	6383	src/apps/tui/overlays/list_picker_input.cpp	13	13	edited	Accept list picker selections
src/cli/main.cpp	6384	6384	src/apps/tui/overlays/list_picker_input.cpp	14	14	edited	Accept list picker selections
src/cli/main.cpp	6385	6385	src/apps/tui/overlays/list_picker_input.cpp	15	15	edited	Accept list picker selections
src/cli/main.cpp	6386	6386	src/apps/tui/overlays/list_picker_input.cpp	16	16	edited	Accept list picker selections
src/cli/main.cpp	6387	6387	src/apps/tui/overlays/list_picker_input.cpp	17	17	edited	Accept list picker selections
src/cli/main.cpp	6388	6388	src/apps/tui/overlays/list_picker_input.cpp	18	18	edited	Accept list picker selections
src/cli/main.cpp	6389	6389	src/apps/tui/overlays/list_picker_input.cpp	19	19	edited	Accept list picker selections
src/cli/main.cpp	6390	6390	src/apps/tui/overlays/list_picker_input.cpp	20	20	edited	Accept list picker selections
src/cli/main.cpp	6391	6391	src/apps/tui/overlays/list_picker_input.cpp	21	21	edited	Accept list picker selections
src/cli/main.cpp	6392	6392	src/apps/tui/overlays/list_picker_input.cpp	22	22	edited	Accept list picker selections
src/cli/main.cpp	6393	6393	src/apps/tui/overlays/list_picker_input.cpp	23	23	edited	Accept list picker selections
src/cli/main.cpp	6394	6394	src/apps/tui/overlays/list_picker_input.cpp	24	24	edited	Accept list picker selections
src/cli/main.cpp	6395	6395	src/apps/tui/overlays/list_picker_input.cpp	25	25	edited	Accept list picker selections
src/cli/main.cpp	6396	6396	src/apps/tui/overlays/list_picker_input.cpp	26	26	edited	Accept list picker selections
src/cli/main.cpp	6397	6397	src/apps/tui/overlays/list_picker_input.cpp	27	27	edited	Accept list picker selections
src/cli/main.cpp	6398	6398	src/apps/tui/overlays/list_picker_input.cpp	28	28	edited	Accept list picker selections
src/cli/main.cpp	6399	6404	src/apps/tui/overlays/list_picker_input.cpp	28	35	edited	Accept list picker selections; signature, state access, ownership or assembly rewritten in this destination
src/cli/main.cpp	6405	6405	src/apps/tui/overlays/list_picker_input.cpp	35	35	edited	Accept list picker selections
src/cli/main.cpp	6406	6406	src/apps/tui/overlays/list_picker_input.cpp	36	36	copy	Byte-identical source lines
src/cli/main.cpp	6407	6407	src/apps/tui/overlays/list_picker_input.cpp	37	37	edited	Accept list picker selections
src/cli/main.cpp	6408	6408	src/apps/tui/overlays/list_picker_input.cpp	38	38	edited	Accept list picker selections
src/cli/main.cpp	6409	6409	src/apps/tui/overlays/list_picker_input.cpp	39	39	edited	Accept list picker selections
src/cli/main.cpp	6410	6410	src/apps/tui/overlays/list_picker_input.cpp	40	40	edited	Accept list picker selections
src/cli/main.cpp	6411	6411	src/apps/tui/overlays/list_picker_input.cpp	41	41	edited	Accept list picker selections
src/cli/main.cpp	6412	6412	src/apps/tui/overlays/list_picker_input.cpp	42	42	edited	Accept list picker selections
src/cli/main.cpp	6413	6413	src/apps/tui/overlays/list_picker_input.cpp	43	43	edited	Accept list picker selections
src/cli/main.cpp	6414	6414	src/apps/tui/overlays/list_picker_input.cpp	44	44	edited	Accept list picker selections
src/cli/main.cpp	6415	6415	src/apps/tui/overlays/list_picker_input.cpp	45	45	edited	Accept list picker selections
src/cli/main.cpp	6416	6416	src/apps/tui/overlays/list_picker_input.cpp	46	46	edited	Accept list picker selections
src/cli/main.cpp	6417	6417	src/apps/tui/overlays/list_picker_input.cpp	47	47	edited	Accept list picker selections
src/cli/main.cpp	6418	6418	src/apps/tui/overlays/list_picker_input.cpp	48	48	edited	Accept list picker selections
src/cli/main.cpp	6419	6419	src/apps/tui/overlays/list_picker_input.cpp	49	49	edited	Accept list picker selections
src/cli/main.cpp	6420	6420	src/apps/tui/overlays/list_picker_input.cpp	50	50	edited	Accept list picker selections
src/cli/main.cpp	6421	6424	src/apps/tui/overlays/list_picker_input.cpp	50	55	edited	Accept list picker selections; signature, state access, ownership or assembly rewritten in this destination
src/cli/main.cpp	6425	6425	src/apps/tui/overlays/list_picker_input.cpp	55	55	edited	Accept list picker selections
src/cli/main.cpp	6426	6426	src/apps/tui/overlays/list_picker_input.cpp	56	56	copy	Byte-identical source lines
src/cli/main.cpp	6427	6427	src/apps/tui/overlays/list_picker_input.cpp	57	57	edited	Accept list picker selections
src/cli/main.cpp	6428	6428	src/apps/tui/overlays/list_picker_input.cpp	58	58	edited	Accept list picker selections
src/cli/main.cpp	6429	6429	src/apps/tui/overlays/list_picker_input.cpp	59	59	edited	Accept list picker selections
src/cli/main.cpp	6430	6430	src/apps/tui/overlays/list_picker_input.cpp	60	60	edited	Accept list picker selections
src/cli/main.cpp	6431	6431	src/apps/tui/overlays/list_picker_input.cpp	61	61	edited	Accept list picker selections
src/cli/main.cpp	6432	6432	src/apps/tui/overlays/list_picker_input.cpp	62	62	edited	Accept list picker selections
src/cli/main.cpp	6433	6433	src/apps/tui/overlays/list_picker_input.cpp	63	63	edited	Accept list picker selections
src/cli/main.cpp	6434	6434	src/apps/tui/overlays/list_picker_input.cpp	64	64	edited	Accept list picker selections
src/cli/main.cpp	6435	6435	src/apps/tui/overlays/list_picker_input.cpp	65	65	edited	Accept list picker selections
src/cli/main.cpp	6436	6436	src/apps/tui/overlays/list_picker_input.cpp	66	66	edited	Accept list picker selections
src/cli/main.cpp	6437	6437	src/apps/tui/overlays/list_picker_input.cpp	67	67	edited	Accept list picker selections
src/cli/main.cpp	6438	6438	src/apps/tui/overlays/list_picker_input.cpp	68	68	edited	Accept list picker selections
src/cli/main.cpp	6439	6443	src/apps/tui/overlays/list_picker_input.cpp	68	73	edited	Accept list picker selections; signature, state access, ownership or assembly rewritten in this destination
src/cli/main.cpp	6444	6444	src/apps/tui/composer/submit.cpp	29	29	copy	Byte-identical source lines
src/cli/main.cpp	6445	6445	src/apps/tui/composer/submit.cpp	30	30	edited	Interpret ordinary submit and attachment input
src/cli/main.cpp	6446	6446	src/apps/tui/composer/submit.cpp	31	31	edited	Interpret ordinary submit and attachment input
src/cli/main.cpp	6447	6447	src/apps/tui/composer/submit.cpp	32	32	copy	Byte-identical source lines
src/cli/main.cpp	6448	6449	src/apps/tui/composer/submit.cpp	32	35	edited	Interpret ordinary submit and attachment input; signature, state access, ownership or assembly rewritten in this destination
src/cli/main.cpp	6450	6450	src/apps/tui/composer/submit.cpp	35	35	copy	Byte-identical source lines
src/cli/main.cpp	6451	6451	src/apps/tui/composer/submit.cpp	36	36	edited	Interpret ordinary submit and attachment input
src/cli/main.cpp	6452	6452	src/apps/tui/composer/submit.cpp	36	38	edited	Interpret ordinary submit and attachment input; signature, state access, ownership or assembly rewritten in this destination
src/cli/main.cpp	6453	6453	src/apps/tui/composer/submit.cpp	38	38	copy	Byte-identical source lines
src/cli/main.cpp	6454	6454	src/apps/tui/composer/submit.cpp	39	39	edited	Interpret ordinary submit and attachment input
src/cli/main.cpp	6455	6455	src/apps/tui/composer/submit.cpp	40	40	edited	Interpret ordinary submit and attachment input
src/cli/main.cpp	6456	6456	src/apps/tui/composer/submit.cpp	41	41	edited	Interpret ordinary submit and attachment input
src/cli/main.cpp	6457	6457	src/apps/tui/composer/submit.cpp	42	42	edited	Interpret ordinary submit and attachment input
src/cli/main.cpp	6458	6458	src/apps/tui/composer/submit.cpp	43	43	edited	Interpret ordinary submit and attachment input
src/cli/main.cpp	6459	6459	src/apps/tui/composer/submit.cpp	44	44	edited	Interpret ordinary submit and attachment input
src/cli/main.cpp	6460	6460	src/apps/tui/composer/submit.cpp	45	45	edited	Interpret ordinary submit and attachment input
src/cli/main.cpp	6461	6461	src/apps/tui/composer/submit.cpp	46	46	edited	Interpret ordinary submit and attachment input
src/cli/main.cpp	6462	6462	src/apps/tui/composer/submit.cpp	47	47	edited	Interpret ordinary submit and attachment input
src/cli/main.cpp	6463	6463	src/apps/tui/composer/submit.cpp	48	48	edited	Interpret ordinary submit and attachment input
src/cli/main.cpp	6464	6464	src/apps/tui/composer/submit.cpp	49	49	edited	Interpret ordinary submit and attachment input
src/cli/main.cpp	6465	6465	src/apps/tui/composer/submit.cpp	50	50	edited	Interpret ordinary submit and attachment input
src/cli/main.cpp	6466	6466	src/apps/tui/composer/submit.cpp	51	51	edited	Interpret ordinary submit and attachment input
src/cli/main.cpp	6467	6467	src/apps/tui/composer/submit.cpp	52	52	edited	Interpret ordinary submit and attachment input
src/cli/main.cpp	6468	6468	src/apps/tui/composer/submit.cpp	53	53	edited	Interpret ordinary submit and attachment input
src/cli/main.cpp	6469	6469	src/apps/tui/composer/submit.cpp	54	54	edited	Interpret ordinary submit and attachment input
src/cli/main.cpp	6470	6470	src/apps/tui/composer/submit.cpp	55	55	edited	Interpret ordinary submit and attachment input
src/cli/main.cpp	6471	6471	src/apps/tui/composer/submit.cpp	56	56	edited	Interpret ordinary submit and attachment input
src/cli/main.cpp	6472	6472	src/apps/tui/composer/submit.cpp	57	57	edited	Interpret ordinary submit and attachment input
src/cli/main.cpp	6473	6473	src/apps/tui/composer/submit.cpp	57	59	edited	Interpret ordinary submit and attachment input; signature, state access, ownership or assembly rewritten in this destination
src/cli/main.cpp	6474	6474	src/apps/tui/composer/submit.cpp	59	59	copy	Byte-identical source lines
src/cli/main.cpp	6475	6475	src/apps/tui/composer/submit.cpp	60	60	edited	Interpret ordinary submit and attachment input
src/cli/main.cpp	6476	6476	src/apps/tui/composer/submit.cpp	61	61	edited	Interpret ordinary submit and attachment input
src/cli/main.cpp	6477	6477	src/domain/history/input_history_recorder.cpp	7	10	edited	Persist input history in the configured scope; signature, state access, ownership or assembly rewritten in this destination
src/cli/main.cpp	6478	6478	src/domain/history/input_history_recorder.cpp	10	10	edited	Persist input history in the configured scope
src/cli/main.cpp	6479	6479	src/domain/history/input_history_recorder.cpp	11	11	edited	Persist input history in the configured scope
src/cli/main.cpp	6480	6480	src/domain/history/input_history_recorder.cpp	12	12	edited	Persist input history in the configured scope
src/cli/main.cpp	6481	6481	src/domain/history/input_history_recorder.cpp	13	13	edited	Persist input history in the configured scope
src/cli/main.cpp	6482	6482	src/domain/history/input_history_recorder.cpp	14	14	edited	Persist input history in the configured scope
src/cli/main.cpp	6483	6483	src/domain/history/input_history_recorder.cpp	15	15	edited	Persist input history in the configured scope
src/cli/main.cpp	6484	6484	src/domain/history/input_history_recorder.cpp	16	16	edited	Persist input history in the configured scope
src/cli/main.cpp	6485	6487	src/domain/history/input_history_recorder.cpp	16	20	edited	Persist input history in the configured scope; signature, state access, ownership or assembly rewritten in this destination
src/cli/main.cpp	6488	6488	src/domain/history/input_history_recorder.cpp	20	20	edited	Persist input history in the configured scope
src/cli/main.cpp	6489	6492	src/domain/history/input_history_recorder.cpp	20	24	edited	Persist input history in the configured scope; signature, state access, ownership or assembly rewritten in this destination
src/cli/main.cpp	6493	6493	src/apps/tui/composer/submit.cpp	62	62	copy	Byte-identical source lines
src/cli/main.cpp	6494	6494	src/apps/tui/composer/submit.cpp	63	63	edited	Submit user shell input and update wait state
src/cli/main.cpp	6495	6495	src/apps/tui/composer/submit.cpp	64	64	edited	Submit user shell input and update wait state
src/cli/main.cpp	6496	6496	src/apps/tui/composer/submit.cpp	65	65	edited	Submit user shell input and update wait state
src/cli/main.cpp	6497	6497	src/apps/tui/composer/submit.cpp	66	66	edited	Submit user shell input and update wait state
src/cli/main.cpp	6498	6498	src/apps/tui/composer/submit.cpp	66	68	edited	Submit user shell input and update wait state; signature, state access, ownership or assembly rewritten in this destination
src/cli/main.cpp	6499	6499	src/apps/tui/composer/submit.cpp	68	68	edited	Submit user shell input and update wait state
src/cli/main.cpp	6500	6500	src/apps/tui/composer/submit.cpp	69	69	edited	Submit user shell input and update wait state
src/cli/main.cpp	6501	6501	src/apps/tui/composer/submit.cpp	70	70	edited	Submit user shell input and update wait state
src/cli/main.cpp	6502	6502	src/apps/tui/composer/submit.cpp	71	71	edited	Submit user shell input and update wait state
src/cli/main.cpp	6503	6503	src/apps/tui/composer/submit.cpp	72	72	edited	Submit user shell input and update wait state
src/cli/main.cpp	6504	6504	src/apps/tui/composer/submit.cpp	73	73	edited	Submit user shell input and update wait state
src/cli/main.cpp	6505	6505	src/apps/tui/composer/submit.cpp	74	74	edited	Submit user shell input and update wait state
src/cli/main.cpp	6506	6506	src/apps/tui/composer/submit.cpp	75	75	edited	Submit user shell input and update wait state
src/cli/main.cpp	6507	6507	src/apps/tui/composer/submit.cpp	76	76	edited	Submit user shell input and update wait state
src/cli/main.cpp	6508	6509	src/apps/tui/composer/submit.cpp	76	79	edited	Submit user shell input and update wait state; signature, state access, ownership or assembly rewritten in this destination
src/cli/main.cpp	6510	6510	src/apps/tui/composer/submit.cpp	79	79	edited	Submit user shell input and update wait state
src/cli/main.cpp	6511	6511	src/apps/tui/composer/submit.cpp	80	80	edited	Submit user shell input and update wait state
src/cli/main.cpp	6512	6512	src/apps/tui/composer/submit.cpp	80	82	edited	Submit user shell input and update wait state; signature, state access, ownership or assembly rewritten in this destination
src/cli/main.cpp	6513	6513	src/apps/tui/composer/submit.cpp	82	82	edited	Submit user shell input and update wait state
src/cli/main.cpp	6514	6514	src/apps/tui/composer/submit.cpp	83	83	edited	Submit user shell input and update wait state
src/cli/main.cpp	6515	6515	src/apps/tui/composer/submit.cpp	84	84	copy	Byte-identical source lines
src/cli/main.cpp	6516	6516	src/apps/tui/composer/submit.cpp	85	85	edited	Submit user shell input and update wait state
src/cli/main.cpp	6517	6517	src/apps/tui/composer/submit.cpp	86	86	edited	Submit user shell input and update wait state
src/cli/main.cpp	6518	6518	src/apps/tui/composer/submit.cpp	87	87	edited	Submit user shell input and update wait state
src/cli/main.cpp	6519	6520	src/apps/tui/composer/submit.cpp	60	103	edited	Submit user shell input and update wait state; signature, state access, ownership or assembly rewritten in this destination
src/cli/main.cpp	6521	6521	src/apps/tui/model/user_turn_state.cpp	7	7	edited	Submit user shell input and update wait state
src/cli/main.cpp	6522	6522	src/apps/tui/model/user_turn_state.cpp	8	8	edited	Submit user shell input and update wait state
src/cli/main.cpp	6523	6523	src/apps/tui/model/user_turn_state.cpp	9	9	edited	Submit user shell input and update wait state
src/cli/main.cpp	6524	6526	src/apps/tui/composer/submit.cpp	60	103	edited	Submit user shell input and update wait state; signature, state access, ownership or assembly rewritten in this destination
src/cli/main.cpp	6527	6527	src/apps/tui/composer/submit.cpp	92	92	edited	Submit user shell input and update wait state
src/cli/main.cpp	6528	6528	src/apps/tui/composer/submit.cpp	93	93	copy	Byte-identical source lines
src/cli/main.cpp	6529	6529	src/apps/tui/composer/submit.cpp	94	94	edited	Submit user shell input and update wait state
src/cli/main.cpp	6530	6530	src/apps/tui/composer/submit.cpp	95	95	edited	Submit user shell input and update wait state
src/cli/main.cpp	6531	6531	src/apps/tui/composer/submit.cpp	96	96	edited	Submit user shell input and update wait state
src/cli/main.cpp	6532	6532	src/apps/tui/composer/submit.cpp	96	98	edited	Submit user shell input and update wait state; signature, state access, ownership or assembly rewritten in this destination
src/cli/main.cpp	6533	6533	src/apps/tui/composer/submit.cpp	98	98	edited	Submit user shell input and update wait state
src/cli/main.cpp	6534	6534	src/apps/tui/composer/submit.cpp	99	99	copy	Byte-identical source lines
src/cli/main.cpp	6535	6535	src/apps/tui/composer/submit.cpp	100	100	edited	Submit user shell input and update wait state
src/cli/main.cpp	6536	6536	src/apps/tui/composer/submit.cpp	101	101	edited	Submit user shell input and update wait state
src/cli/main.cpp	6537	6561	src/apps/tui/app/tui_command_context_factory.cpp	1	21	edited	Build a consistent slash command context; signature, state access, ownership or assembly rewritten in this destination
src/cli/main.cpp	6562	6562	src/apps/tui/app/tui_command_context_factory.cpp	21	21	edited	Build a consistent slash command context
src/cli/main.cpp	6563	6566	src/apps/tui/app/tui_command_context_factory.cpp	21	25	edited	Build a consistent slash command context; signature, state access, ownership or assembly rewritten in this destination
src/cli/main.cpp	6567	6567	src/apps/tui/composer/submit.cpp	103	103	edited	Dispatch slash commands and submit or queue ordinary turns
src/cli/main.cpp	6568	6568	src/apps/tui/composer/submit.cpp	104	104	edited	Dispatch slash commands and submit or queue ordinary turns
src/cli/main.cpp	6569	6569	src/apps/tui/composer/submit.cpp	105	105	edited	Dispatch slash commands and submit or queue ordinary turns
src/cli/main.cpp	6570	6570	src/apps/tui/composer/submit.cpp	106	106	edited	Dispatch slash commands and submit or queue ordinary turns
src/cli/main.cpp	6571	6571	src/apps/tui/composer/submit.cpp	107	107	edited	Dispatch slash commands and submit or queue ordinary turns
src/cli/main.cpp	6572	6572	src/apps/tui/composer/submit.cpp	108	108	edited	Dispatch slash commands and submit or queue ordinary turns
src/cli/main.cpp	6573	6573	src/apps/tui/composer/submit.cpp	109	109	edited	Dispatch slash commands and submit or queue ordinary turns
src/cli/main.cpp	6574	6578	src/apps/tui/composer/submit.cpp	109	115	edited	Dispatch slash commands and submit or queue ordinary turns; signature, state access, ownership or assembly rewritten in this destination
src/cli/main.cpp	6579	6579	src/apps/tui/composer/submit.cpp	115	115	edited	Dispatch slash commands and submit or queue ordinary turns
src/cli/main.cpp	6580	6580	src/apps/tui/composer/submit.cpp	116	116	edited	Dispatch slash commands and submit or queue ordinary turns
src/cli/main.cpp	6581	6581	src/apps/tui/composer/submit.cpp	117	117	edited	Dispatch slash commands and submit or queue ordinary turns
src/cli/main.cpp	6582	6582	src/apps/tui/composer/submit.cpp	118	118	edited	Dispatch slash commands and submit or queue ordinary turns
src/cli/main.cpp	6583	6583	src/apps/tui/composer/submit.cpp	119	119	copy	Byte-identical source lines
src/cli/main.cpp	6584	6584	src/apps/tui/composer/submit.cpp	120	120	edited	Dispatch slash commands and submit or queue ordinary turns
src/cli/main.cpp	6585	6585	src/apps/tui/composer/submit.cpp	121	121	edited	Dispatch slash commands and submit or queue ordinary turns
src/cli/main.cpp	6586	6586	src/apps/tui/composer/submit.cpp	122	122	edited	Dispatch slash commands and submit or queue ordinary turns
src/cli/main.cpp	6587	6587	src/apps/tui/composer/submit.cpp	123	123	edited	Dispatch slash commands and submit or queue ordinary turns
src/cli/main.cpp	6588	6588	src/apps/tui/composer/submit.cpp	124	124	edited	Dispatch slash commands and submit or queue ordinary turns
src/cli/main.cpp	6589	6589	src/apps/tui/composer/submit.cpp	125	125	edited	Dispatch slash commands and submit or queue ordinary turns
src/cli/main.cpp	6590	6590	src/apps/tui/composer/submit.cpp	126	126	edited	Dispatch slash commands and submit or queue ordinary turns
src/cli/main.cpp	6591	6591	src/apps/tui/composer/submit.cpp	127	127	edited	Dispatch slash commands and submit or queue ordinary turns
src/cli/main.cpp	6592	6592	src/apps/tui/composer/submit.cpp	128	128	edited	Dispatch slash commands and submit or queue ordinary turns
src/cli/main.cpp	6593	6593	src/apps/tui/composer/submit.cpp	129	129	edited	Dispatch slash commands and submit or queue ordinary turns
src/cli/main.cpp	6594	6594	src/apps/tui/composer/submit.cpp	130	130	edited	Dispatch slash commands and submit or queue ordinary turns
src/cli/main.cpp	6595	6595	src/apps/tui/composer/submit.cpp	130	132	edited	Dispatch slash commands and submit or queue ordinary turns; signature, state access, ownership or assembly rewritten in this destination
src/cli/main.cpp	6596	6596	src/apps/tui/composer/submit.cpp	132	132	edited	Dispatch slash commands and submit or queue ordinary turns
src/cli/main.cpp	6597	6597	src/apps/tui/composer/submit.cpp	133	133	edited	Dispatch slash commands and submit or queue ordinary turns
src/cli/main.cpp	6598	6598	src/apps/tui/composer/submit.cpp	134	134	edited	Dispatch slash commands and submit or queue ordinary turns
src/cli/main.cpp	6599	6600	src/apps/tui/composer/submit.cpp	101	145	edited	Dispatch slash commands and submit or queue ordinary turns; signature, state access, ownership or assembly rewritten in this destination
src/cli/main.cpp	6601	6601	src/apps/tui/model/user_turn_state.cpp	7	7	edited	Dispatch slash commands and submit or queue ordinary turns
src/cli/main.cpp	6602	6602	src/apps/tui/model/user_turn_state.cpp	8	8	edited	Dispatch slash commands and submit or queue ordinary turns
src/cli/main.cpp	6603	6603	src/apps/tui/model/user_turn_state.cpp	9	9	edited	Dispatch slash commands and submit or queue ordinary turns
src/cli/main.cpp	6604	6608	src/apps/tui/composer/submit.cpp	101	145	edited	Dispatch slash commands and submit or queue ordinary turns; signature, state access, ownership or assembly rewritten in this destination
src/cli/main.cpp	6609	6609	src/apps/tui/composer/submit.cpp	141	141	edited	Dispatch slash commands and submit or queue ordinary turns
src/cli/main.cpp	6610	6610	src/apps/tui/composer/submit.cpp	142	142	edited	Dispatch slash commands and submit or queue ordinary turns
src/cli/main.cpp	6611	6611	src/apps/tui/composer/submit.cpp	143	143	edited	Dispatch slash commands and submit or queue ordinary turns
src/cli/main.cpp	6612	6613	src/apps/tui/composer/submit.cpp	143	146	edited	Dispatch slash commands and submit or queue ordinary turns; signature, state access, ownership or assembly rewritten in this destination
src/cli/main.cpp	6614	6616	src/apps/tui/overlays/list_picker_input.cpp	76	79	edited	Navigate resume picker viewport; signature, state access, ownership or assembly rewritten in this destination
src/cli/main.cpp	6617	6617	src/apps/tui/overlays/list_picker_input.cpp	79	79	edited	Navigate resume picker viewport
src/cli/main.cpp	6618	6618	src/apps/tui/overlays/list_picker_input.cpp	80	80	edited	Navigate resume picker viewport
src/cli/main.cpp	6619	6619	src/apps/tui/overlays/list_picker_input.cpp	81	81	edited	Navigate resume picker viewport
src/cli/main.cpp	6620	6620	src/apps/tui/overlays/list_picker_input.cpp	82	82	edited	Navigate resume picker viewport
src/cli/main.cpp	6621	6621	src/apps/tui/overlays/list_picker_input.cpp	83	83	edited	Navigate resume picker viewport
src/cli/main.cpp	6622	6622	src/apps/tui/overlays/list_picker_input.cpp	84	84	edited	Navigate resume picker viewport
src/cli/main.cpp	6623	6623	src/apps/tui/overlays/list_picker_input.cpp	85	85	edited	Navigate resume picker viewport
src/cli/main.cpp	6624	6624	src/apps/tui/overlays/list_picker_input.cpp	86	86	edited	Navigate resume picker viewport
src/cli/main.cpp	6625	6625	src/apps/tui/overlays/list_picker_input.cpp	87	87	edited	Navigate resume picker viewport
src/cli/main.cpp	6626	6626	src/apps/tui/overlays/list_picker_input.cpp	88	88	edited	Navigate resume picker viewport
src/cli/main.cpp	6627	6627	src/apps/tui/overlays/list_picker_input.cpp	89	89	edited	Navigate resume picker viewport
src/cli/main.cpp	6628	6628	src/apps/tui/overlays/list_picker_input.cpp	90	90	edited	Navigate resume picker viewport
src/cli/main.cpp	6629	6629	src/apps/tui/overlays/list_picker_input.cpp	91	91	edited	Navigate resume picker viewport
src/cli/main.cpp	6630	6630	src/apps/tui/overlays/list_picker_input.cpp	92	92	edited	Navigate resume picker viewport
src/cli/main.cpp	6631	6631	src/apps/tui/overlays/list_picker_input.cpp	93	93	edited	Navigate resume picker viewport
src/cli/main.cpp	6632	6632	src/apps/tui/overlays/list_picker_input.cpp	94	94	edited	Navigate resume picker viewport
src/cli/main.cpp	6633	6633	src/apps/tui/overlays/list_picker_input.cpp	95	95	edited	Navigate resume picker viewport
src/cli/main.cpp	6634	6634	src/apps/tui/overlays/list_picker_input.cpp	96	96	edited	Navigate resume picker viewport
src/cli/main.cpp	6635	6637	src/apps/tui/overlays/list_picker_input.cpp	96	100	edited	Navigate resume picker viewport; signature, state access, ownership or assembly rewritten in this destination
src/cli/main.cpp	6638	6638	src/apps/tui/overlays/list_picker_input.cpp	100	100	edited	Navigate resume picker viewport
src/cli/main.cpp	6639	6639	src/apps/tui/overlays/list_picker_input.cpp	101	101	edited	Navigate resume picker viewport
src/cli/main.cpp	6640	6640	src/apps/tui/overlays/list_picker_input.cpp	102	102	edited	Navigate resume picker viewport
src/cli/main.cpp	6641	6641	src/apps/tui/overlays/list_picker_input.cpp	103	103	edited	Navigate resume picker viewport
src/cli/main.cpp	6642	6642	src/apps/tui/overlays/list_picker_input.cpp	104	104	edited	Navigate resume picker viewport
src/cli/main.cpp	6643	6643	src/apps/tui/overlays/list_picker_input.cpp	105	105	edited	Navigate resume picker viewport
src/cli/main.cpp	6644	6644	src/apps/tui/overlays/list_picker_input.cpp	106	106	edited	Navigate resume picker viewport
src/cli/main.cpp	6645	6645	src/apps/tui/overlays/list_picker_input.cpp	107	107	edited	Navigate resume picker viewport
src/cli/main.cpp	6646	6646	src/apps/tui/overlays/list_picker_input.cpp	108	108	edited	Navigate resume picker viewport
src/cli/main.cpp	6647	6647	src/apps/tui/overlays/list_picker_input.cpp	109	109	edited	Navigate resume picker viewport
src/cli/main.cpp	6648	6648	src/apps/tui/overlays/list_picker_input.cpp	110	110	edited	Navigate resume picker viewport
src/cli/main.cpp	6649	6649	src/apps/tui/overlays/list_picker_input.cpp	111	111	edited	Navigate resume picker viewport
src/cli/main.cpp	6650	6650	src/apps/tui/overlays/list_picker_input.cpp	112	112	edited	Navigate resume picker viewport
src/cli/main.cpp	6651	6651	src/apps/tui/overlays/list_picker_input.cpp	113	113	edited	Navigate resume picker viewport
src/cli/main.cpp	6652	6652	src/apps/tui/overlays/list_picker_input.cpp	114	114	edited	Navigate resume picker viewport
src/cli/main.cpp	6653	6653	src/apps/tui/overlays/list_picker_input.cpp	115	115	edited	Navigate resume picker viewport
src/cli/main.cpp	6654	6654	src/apps/tui/overlays/list_picker_input.cpp	116	116	edited	Navigate resume picker viewport
src/cli/main.cpp	6655	6655	src/apps/tui/overlays/list_picker_input.cpp	117	117	edited	Navigate resume picker viewport
src/cli/main.cpp	6656	6656	src/apps/tui/overlays/list_picker_input.cpp	118	118	edited	Navigate resume picker viewport
src/cli/main.cpp	6657	6659	src/apps/tui/overlays/list_picker_input.cpp	118	122	edited	Navigate resume picker viewport; signature, state access, ownership or assembly rewritten in this destination
src/cli/main.cpp	6660	6660	src/apps/tui/overlays/list_picker_input.cpp	122	122	edited	Navigate resume picker viewport
src/cli/main.cpp	6661	6661	src/apps/tui/overlays/list_picker_input.cpp	123	123	edited	Navigate resume picker viewport
src/cli/main.cpp	6662	6662	src/apps/tui/overlays/list_picker_input.cpp	124	124	edited	Navigate resume picker viewport
src/cli/main.cpp	6663	6663	src/apps/tui/overlays/list_picker_input.cpp	125	125	edited	Navigate resume picker viewport
src/cli/main.cpp	6664	6664	src/apps/tui/overlays/list_picker_input.cpp	126	126	edited	Navigate resume picker viewport
src/cli/main.cpp	6665	6665	src/apps/tui/overlays/list_picker_input.cpp	127	127	edited	Navigate resume picker viewport
src/cli/main.cpp	6666	6666	src/apps/tui/overlays/list_picker_input.cpp	128	128	edited	Navigate resume picker viewport
src/cli/main.cpp	6667	6667	src/apps/tui/overlays/list_picker_input.cpp	129	129	edited	Navigate resume picker viewport
src/cli/main.cpp	6668	6668	src/apps/tui/overlays/list_picker_input.cpp	130	130	edited	Navigate resume picker viewport
src/cli/main.cpp	6669	6673	src/apps/tui/overlays/list_picker_input.cpp	130	135	edited	Navigate resume picker viewport; signature, state access, ownership or assembly rewritten in this destination
src/cli/main.cpp	6674	6674	src/apps/tui/input/chat_keys.cpp	64	64	edited	Page and focus chat rows
src/cli/main.cpp	6675	6675	src/apps/tui/input/chat_keys.cpp	65	65	edited	Page and focus chat rows
src/cli/main.cpp	6676	6676	src/apps/tui/input/chat_keys.cpp	65	67	edited	Page and focus chat rows; signature, state access, ownership or assembly rewritten in this destination
src/cli/main.cpp	6677	6677	src/apps/tui/input/chat_keys.cpp	67	67	edited	Page and focus chat rows
src/cli/main.cpp	6678	6678	src/apps/tui/input/chat_keys.cpp	68	68	edited	Page and focus chat rows
src/cli/main.cpp	6679	6679	src/apps/tui/input/chat_keys.cpp	69	69	edited	Page and focus chat rows
src/cli/main.cpp	6680	6680	src/apps/tui/input/chat_keys.cpp	70	70	edited	Page and focus chat rows
src/cli/main.cpp	6681	6681	src/apps/tui/input/chat_keys.cpp	71	71	edited	Page and focus chat rows
src/cli/main.cpp	6682	6682	src/apps/tui/input/chat_keys.cpp	72	72	edited	Page and focus chat rows
src/cli/main.cpp	6683	6683	src/apps/tui/input/chat_keys.cpp	73	73	edited	Page and focus chat rows
src/cli/main.cpp	6684	6684	src/apps/tui/input/chat_keys.cpp	74	74	edited	Page and focus chat rows
src/cli/main.cpp	6685	6685	src/apps/tui/input/chat_keys.cpp	75	75	edited	Page and focus chat rows
src/cli/main.cpp	6686	6687	src/apps/tui/input/chat_keys.cpp	75	78	edited	Page and focus chat rows; signature, state access, ownership or assembly rewritten in this destination
src/cli/main.cpp	6688	6688	src/apps/tui/input/chat_keys.cpp	78	78	edited	Page and focus chat rows
src/cli/main.cpp	6689	6689	src/apps/tui/input/chat_keys.cpp	79	79	edited	Page and focus chat rows
src/cli/main.cpp	6690	6690	src/apps/tui/input/chat_keys.cpp	80	80	edited	Page and focus chat rows
src/cli/main.cpp	6691	6691	src/apps/tui/input/chat_keys.cpp	80	82	edited	Page and focus chat rows; signature, state access, ownership or assembly rewritten in this destination
src/cli/main.cpp	6692	6692	src/apps/tui/input/chat_keys.cpp	82	82	edited	Page and focus chat rows
src/cli/main.cpp	6693	6693	src/apps/tui/input/chat_keys.cpp	83	83	edited	Page and focus chat rows
src/cli/main.cpp	6694	6694	src/apps/tui/input/chat_keys.cpp	84	84	edited	Page and focus chat rows
src/cli/main.cpp	6695	6695	src/apps/tui/input/chat_keys.cpp	85	85	edited	Page and focus chat rows
src/cli/main.cpp	6696	6696	src/apps/tui/input/chat_keys.cpp	86	86	edited	Page and focus chat rows
src/cli/main.cpp	6697	6697	src/apps/tui/input/chat_keys.cpp	87	87	edited	Page and focus chat rows
src/cli/main.cpp	6698	6698	src/apps/tui/input/chat_keys.cpp	88	88	edited	Page and focus chat rows
src/cli/main.cpp	6699	6699	src/apps/tui/input/chat_keys.cpp	89	89	edited	Page and focus chat rows
src/cli/main.cpp	6700	6700	src/apps/tui/input/chat_keys.cpp	90	90	edited	Page and focus chat rows
src/cli/main.cpp	6701	6701	src/apps/tui/input/chat_keys.cpp	91	91	edited	Page and focus chat rows
src/cli/main.cpp	6702	6702	src/apps/tui/input/chat_keys.cpp	92	92	edited	Page and focus chat rows
src/cli/main.cpp	6703	6703	src/apps/tui/input/chat_keys.cpp	93	93	edited	Page and focus chat rows
src/cli/main.cpp	6704	6709	src/apps/tui/input/chat_keys.cpp	93	110	edited	Page and focus chat rows; signature, state access, ownership or assembly rewritten in this destination
src/cli/main.cpp	6710	6710	src/apps/tui/input/chat_keys.cpp	110	110	edited	Page and focus chat rows
src/cli/main.cpp	6711	6711	src/apps/tui/input/chat_keys.cpp	111	111	edited	Page and focus chat rows
src/cli/main.cpp	6712	6712	src/apps/tui/input/chat_keys.cpp	111	113	edited	Page and focus chat rows; signature, state access, ownership or assembly rewritten in this destination
src/cli/main.cpp	6713	6713	src/apps/tui/input/chat_keys.cpp	113	113	edited	Page and focus chat rows
src/cli/main.cpp	6714	6714	src/apps/tui/input/chat_keys.cpp	114	114	edited	Page and focus chat rows
src/cli/main.cpp	6715	6715	src/apps/tui/input/chat_keys.cpp	115	115	edited	Page and focus chat rows
src/cli/main.cpp	6716	6716	src/apps/tui/input/chat_keys.cpp	116	116	edited	Page and focus chat rows
src/cli/main.cpp	6717	6717	src/apps/tui/input/chat_keys.cpp	117	117	edited	Page and focus chat rows
src/cli/main.cpp	6718	6718	src/apps/tui/input/chat_keys.cpp	118	118	edited	Page and focus chat rows
src/cli/main.cpp	6719	6719	src/apps/tui/input/chat_keys.cpp	119	119	edited	Page and focus chat rows
src/cli/main.cpp	6720	6721	src/apps/tui/input/chat_keys.cpp	119	122	edited	Page and focus chat rows; signature, state access, ownership or assembly rewritten in this destination
src/cli/main.cpp	6722	6722	src/apps/tui/input/chat_keys.cpp	122	122	edited	Page and focus chat rows
src/cli/main.cpp	6723	6723	src/apps/tui/input/chat_keys.cpp	123	123	edited	Page and focus chat rows
src/cli/main.cpp	6724	6724	src/apps/tui/input/chat_keys.cpp	124	124	edited	Page and focus chat rows
src/cli/main.cpp	6725	6725	src/apps/tui/input/chat_keys.cpp	124	126	edited	Page and focus chat rows; signature, state access, ownership or assembly rewritten in this destination
src/cli/main.cpp	6726	6726	src/apps/tui/input/chat_keys.cpp	126	126	edited	Page and focus chat rows
src/cli/main.cpp	6727	6727	src/apps/tui/input/chat_keys.cpp	127	127	edited	Page and focus chat rows
src/cli/main.cpp	6728	6728	src/apps/tui/input/chat_keys.cpp	128	128	edited	Page and focus chat rows
src/cli/main.cpp	6729	6729	src/apps/tui/input/chat_keys.cpp	129	129	edited	Page and focus chat rows
src/cli/main.cpp	6730	6730	src/apps/tui/input/chat_keys.cpp	130	130	edited	Page and focus chat rows
src/cli/main.cpp	6731	6731	src/apps/tui/input/chat_keys.cpp	131	131	edited	Page and focus chat rows
src/cli/main.cpp	6732	6732	src/apps/tui/input/chat_keys.cpp	132	132	edited	Page and focus chat rows
src/cli/main.cpp	6733	6733	src/apps/tui/input/chat_keys.cpp	133	133	edited	Page and focus chat rows
src/cli/main.cpp	6734	6734	src/apps/tui/input/chat_keys.cpp	134	134	edited	Page and focus chat rows
src/cli/main.cpp	6735	6735	src/apps/tui/input/chat_keys.cpp	135	135	edited	Page and focus chat rows
src/cli/main.cpp	6736	6736	src/apps/tui/input/chat_keys.cpp	136	136	edited	Page and focus chat rows
src/cli/main.cpp	6737	6737	src/apps/tui/input/chat_keys.cpp	137	137	edited	Page and focus chat rows
src/cli/main.cpp	6738	6750	src/apps/tui/input/chat_keys.cpp	137	150	edited	Page and focus chat rows; signature, state access, ownership or assembly rewritten in this destination
src/cli/main.cpp	6751	6751	src/apps/tui/input/chat_keys.cpp	150	150	edited	Page and focus chat rows
src/cli/main.cpp	6752	6752	src/apps/tui/input/chat_keys.cpp	151	151	edited	Page and focus chat rows
src/cli/main.cpp	6753	6753	src/apps/tui/input/chat_keys.cpp	152	152	edited	Page and focus chat rows
src/cli/main.cpp	6754	6762	src/apps/tui/input/chat_keys.cpp	152	168	edited	Page and focus chat rows; signature, state access, ownership or assembly rewritten in this destination
src/cli/main.cpp	6763	6763	src/apps/tui/input/chat_keys.cpp	168	168	edited	Page and focus chat rows
src/cli/main.cpp	6764	6764	src/apps/tui/input/chat_keys.cpp	169	169	edited	Page and focus chat rows
src/cli/main.cpp	6765	6765	src/apps/tui/input/chat_keys.cpp	170	170	edited	Page and focus chat rows
src/cli/main.cpp	6766	6774	src/apps/tui/input/chat_keys.cpp	170	185	edited	Page and focus chat rows; signature, state access, ownership or assembly rewritten in this destination
src/cli/main.cpp	6775	6775	src/apps/tui/input/chat_keys.cpp	185	185	edited	Page and focus chat rows
src/cli/main.cpp	6776	6776	src/apps/tui/input/chat_keys.cpp	186	186	edited	Page and focus chat rows
src/cli/main.cpp	6777	6777	src/apps/tui/input/chat_keys.cpp	187	187	edited	Page and focus chat rows
src/cli/main.cpp	6778	6778	src/apps/tui/input/chat_keys.cpp	188	188	edited	Page and focus chat rows
src/cli/main.cpp	6779	6779	src/apps/tui/input/chat_keys.cpp	189	189	edited	Page and focus chat rows
src/cli/main.cpp	6780	6780	src/apps/tui/input/chat_keys.cpp	190	190	edited	Page and focus chat rows
src/cli/main.cpp	6781	6781	src/apps/tui/input/chat_keys.cpp	191	191	edited	Page and focus chat rows
src/cli/main.cpp	6782	6785	src/apps/tui/input/chat_keys.cpp	191	195	edited	Page and focus chat rows; signature, state access, ownership or assembly rewritten in this destination
src/cli/main.cpp	6786	6794	src/apps/tui/input/control_keys.cpp	70	79	edited	Follow-tail and control-key handling; signature, state access, ownership or assembly rewritten in this destination
src/cli/main.cpp	6795	6795	src/apps/tui/input/control_keys.cpp	79	79	edited	Follow-tail and control-key handling
src/cli/main.cpp	6796	6796	src/apps/tui/input/control_keys.cpp	80	80	edited	Follow-tail and control-key handling
src/cli/main.cpp	6797	6797	src/apps/tui/input/control_keys.cpp	81	81	edited	Follow-tail and control-key handling
src/cli/main.cpp	6798	6798	src/apps/tui/input/control_keys.cpp	82	82	edited	Follow-tail and control-key handling
src/cli/main.cpp	6799	6799	src/apps/tui/input/control_keys.cpp	83	83	edited	Follow-tail and control-key handling
src/cli/main.cpp	6800	6800	src/apps/tui/input/control_keys.cpp	84	84	edited	Follow-tail and control-key handling
src/cli/main.cpp	6801	6801	src/apps/tui/input/control_keys.cpp	85	85	edited	Follow-tail and control-key handling
src/cli/main.cpp	6802	6802	src/apps/tui/input/control_keys.cpp	85	87	edited	Follow-tail and control-key handling; signature, state access, ownership or assembly rewritten in this destination
src/cli/main.cpp	6803	6803	src/apps/tui/input/control_keys.cpp	87	87	edited	Follow-tail and control-key handling
src/cli/main.cpp	6804	6804	src/apps/tui/input/control_keys.cpp	88	88	edited	Follow-tail and control-key handling
src/cli/main.cpp	6805	6805	src/apps/tui/input/control_keys.cpp	89	89	edited	Follow-tail and control-key handling
src/cli/main.cpp	6806	6806	src/apps/tui/input/control_keys.cpp	90	90	edited	Follow-tail and control-key handling
src/cli/main.cpp	6807	6807	src/apps/tui/input/control_keys.cpp	91	91	edited	Follow-tail and control-key handling
src/cli/main.cpp	6808	6808	src/apps/tui/input/control_keys.cpp	92	92	edited	Follow-tail and control-key handling
src/cli/main.cpp	6809	6809	src/apps/tui/input/control_keys.cpp	93	93	edited	Follow-tail and control-key handling
src/cli/main.cpp	6810	6810	src/apps/tui/input/control_keys.cpp	94	94	edited	Follow-tail and control-key handling
src/cli/main.cpp	6811	6811	src/apps/tui/input/control_keys.cpp	95	95	edited	Follow-tail and control-key handling
src/cli/main.cpp	6812	6812	src/apps/tui/input/control_keys.cpp	96	96	edited	Follow-tail and control-key handling
src/cli/main.cpp	6813	6813	src/apps/tui/overlays/list_picker_input.cpp	140	140	edited	Handle picker shortcut selection
src/cli/main.cpp	6814	6814	src/apps/tui/overlays/list_picker_input.cpp	141	141	edited	Handle picker shortcut selection
src/cli/main.cpp	6815	6815	src/apps/tui/overlays/list_picker_input.cpp	142	142	edited	Handle picker shortcut selection
src/cli/main.cpp	6816	6816	src/apps/tui/overlays/list_picker_input.cpp	143	143	edited	Handle picker shortcut selection
src/cli/main.cpp	6817	6817	src/apps/tui/overlays/list_picker_input.cpp	144	144	edited	Handle picker shortcut selection
src/cli/main.cpp	6818	6818	src/apps/tui/overlays/list_picker_input.cpp	145	145	edited	Handle picker shortcut selection
src/cli/main.cpp	6819	6819	src/apps/tui/overlays/list_picker_input.cpp	146	146	edited	Handle picker shortcut selection
src/cli/main.cpp	6820	6820	src/apps/tui/overlays/list_picker_input.cpp	147	147	edited	Handle picker shortcut selection
src/cli/main.cpp	6821	6821	src/apps/tui/overlays/list_picker_input.cpp	148	148	edited	Handle picker shortcut selection
src/cli/main.cpp	6822	6822	src/apps/tui/overlays/list_picker_input.cpp	149	149	edited	Handle picker shortcut selection
src/cli/main.cpp	6823	6823	src/apps/tui/overlays/list_picker_input.cpp	150	150	edited	Handle picker shortcut selection
src/cli/main.cpp	6824	6826	src/apps/tui/overlays/list_picker_input.cpp	150	154	edited	Handle picker shortcut selection; signature, state access, ownership or assembly rewritten in this destination
src/cli/main.cpp	6827	6827	src/apps/tui/overlays/list_picker_input.cpp	154	154	edited	Handle picker shortcut selection
src/cli/main.cpp	6828	6828	src/apps/tui/overlays/list_picker_input.cpp	155	155	edited	Handle picker shortcut selection
src/cli/main.cpp	6829	6829	src/apps/tui/overlays/list_picker_input.cpp	156	156	edited	Handle picker shortcut selection
src/cli/main.cpp	6830	6830	src/apps/tui/overlays/list_picker_input.cpp	157	157	edited	Handle picker shortcut selection
src/cli/main.cpp	6831	6831	src/apps/tui/overlays/list_picker_input.cpp	158	158	edited	Handle picker shortcut selection
src/cli/main.cpp	6832	6832	src/apps/tui/overlays/list_picker_input.cpp	159	159	edited	Handle picker shortcut selection
src/cli/main.cpp	6833	6833	src/apps/tui/overlays/list_picker_input.cpp	160	160	edited	Handle picker shortcut selection
src/cli/main.cpp	6834	6834	src/apps/tui/overlays/list_picker_input.cpp	161	161	edited	Handle picker shortcut selection
src/cli/main.cpp	6835	6835	src/apps/tui/overlays/list_picker_input.cpp	162	162	edited	Handle picker shortcut selection
src/cli/main.cpp	6836	6838	src/apps/tui/overlays/list_picker_input.cpp	162	166	edited	Handle picker shortcut selection; signature, state access, ownership or assembly rewritten in this destination
src/cli/main.cpp	6839	6839	src/apps/tui/overlays/list_picker_input.cpp	166	166	edited	Handle picker shortcut selection
src/cli/main.cpp	6840	6840	src/apps/tui/overlays/list_picker_input.cpp	167	167	edited	Handle picker shortcut selection
src/cli/main.cpp	6841	6841	src/apps/tui/overlays/list_picker_input.cpp	168	168	edited	Handle picker shortcut selection
src/cli/main.cpp	6842	6842	src/apps/tui/overlays/list_picker_input.cpp	169	169	edited	Handle picker shortcut selection
src/cli/main.cpp	6843	6843	src/apps/tui/overlays/list_picker_input.cpp	170	170	edited	Handle picker shortcut selection
src/cli/main.cpp	6844	6844	src/apps/tui/overlays/list_picker_input.cpp	171	171	edited	Handle picker shortcut selection
src/cli/main.cpp	6845	6848	src/apps/tui/overlays/list_picker_input.cpp	171	175	edited	Handle picker shortcut selection; signature, state access, ownership or assembly rewritten in this destination
src/cli/main.cpp	6849	6849	src/apps/tui/input/control_keys.cpp	100	100	edited	Permission-mode and escape controls
src/cli/main.cpp	6850	6850	src/apps/tui/input/control_keys.cpp	101	101	edited	Permission-mode and escape controls
src/cli/main.cpp	6851	6851	src/apps/tui/input/control_keys.cpp	102	102	copy	Byte-identical source lines
src/cli/main.cpp	6852	6852	src/apps/tui/input/control_keys.cpp	103	103	edited	Permission-mode and escape controls
src/cli/main.cpp	6853	6853	src/apps/tui/input/control_keys.cpp	104	104	edited	Permission-mode and escape controls
src/cli/main.cpp	6854	6854	src/apps/tui/input/control_keys.cpp	105	105	edited	Permission-mode and escape controls
src/cli/main.cpp	6855	6855	src/apps/tui/input/control_keys.cpp	106	106	edited	Permission-mode and escape controls
src/cli/main.cpp	6856	6856	src/apps/tui/input/control_keys.cpp	106	108	edited	Permission-mode and escape controls; signature, state access, ownership or assembly rewritten in this destination
src/cli/main.cpp	6857	6857	src/apps/tui/input/control_keys.cpp	108	108	edited	Permission-mode and escape controls
src/cli/main.cpp	6858	6858	src/apps/tui/input/control_keys.cpp	109	109	edited	Permission-mode and escape controls
src/cli/main.cpp	6859	6859	src/apps/tui/input/control_keys.cpp	110	110	edited	Permission-mode and escape controls
src/cli/main.cpp	6860	6860	src/apps/tui/input/control_keys.cpp	111	111	edited	Permission-mode and escape controls
src/cli/main.cpp	6861	6861	src/apps/tui/input/control_keys.cpp	111	113	edited	Permission-mode and escape controls; signature, state access, ownership or assembly rewritten in this destination
src/cli/main.cpp	6862	6862	src/apps/tui/input/control_keys.cpp	113	113	edited	Permission-mode and escape controls
src/cli/main.cpp	6863	6863	src/apps/tui/input/control_keys.cpp	114	114	edited	Permission-mode and escape controls
src/cli/main.cpp	6864	6864	src/apps/tui/input/control_keys.cpp	114	116	edited	Permission-mode and escape controls; signature, state access, ownership or assembly rewritten in this destination
src/cli/main.cpp	6865	6865	src/apps/tui/input/control_keys.cpp	116	116	edited	Permission-mode and escape controls
src/cli/main.cpp	6866	6866	src/apps/tui/input/control_keys.cpp	117	117	edited	Permission-mode and escape controls
src/cli/main.cpp	6867	6867	src/apps/tui/input/control_keys.cpp	118	118	edited	Permission-mode and escape controls
src/cli/main.cpp	6868	6870	src/apps/tui/input/control_keys.cpp	118	122	edited	Permission-mode and escape controls; signature, state access, ownership or assembly rewritten in this destination
src/cli/main.cpp	6871	6871	src/apps/tui/input/control_keys.cpp	122	122	edited	Permission-mode and escape controls
src/cli/main.cpp	6872	6872	src/apps/tui/input/control_keys.cpp	123	123	edited	Permission-mode and escape controls
src/cli/main.cpp	6873	6873	src/apps/tui/input/control_keys.cpp	124	124	edited	Permission-mode and escape controls
src/cli/main.cpp	6874	6874	src/apps/tui/input/control_keys.cpp	125	125	edited	Permission-mode and escape controls
src/cli/main.cpp	6875	6875	src/apps/tui/input/control_keys.cpp	126	126	edited	Permission-mode and escape controls
src/cli/main.cpp	6876	6876	src/apps/tui/input/control_keys.cpp	127	127	edited	Permission-mode and escape controls
src/cli/main.cpp	6877	6880	src/apps/tui/input/control_keys.cpp	127	136	edited	Permission-mode and escape controls; signature, state access, ownership or assembly rewritten in this destination
src/cli/main.cpp	6881	6881	src/apps/tui/input/control_keys.cpp	136	136	edited	Permission-mode and escape controls
src/cli/main.cpp	6882	6882	src/apps/tui/input/control_keys.cpp	137	137	edited	Permission-mode and escape controls
src/cli/main.cpp	6883	6885	src/apps/tui/input/control_keys.cpp	137	148	edited	Permission-mode and escape controls; signature, state access, ownership or assembly rewritten in this destination
src/cli/main.cpp	6886	6886	src/apps/tui/input/control_keys.cpp	148	148	edited	Permission-mode and escape controls
src/cli/main.cpp	6887	6887	src/apps/tui/input/control_keys.cpp	149	149	edited	Permission-mode and escape controls
src/cli/main.cpp	6888	6888	src/apps/tui/input/control_keys.cpp	150	150	edited	Permission-mode and escape controls
src/cli/main.cpp	6889	6889	src/apps/tui/input/control_keys.cpp	150	152	edited	Permission-mode and escape controls; signature, state access, ownership or assembly rewritten in this destination
src/cli/main.cpp	6890	6890	src/apps/tui/input/control_keys.cpp	152	152	edited	Permission-mode and escape controls
src/cli/main.cpp	6891	6891	src/apps/tui/input/control_keys.cpp	153	153	edited	Permission-mode and escape controls
src/cli/main.cpp	6892	6892	src/apps/tui/input/control_keys.cpp	154	154	edited	Permission-mode and escape controls
src/cli/main.cpp	6893	6893	src/apps/tui/input/control_keys.cpp	155	155	edited	Permission-mode and escape controls
src/cli/main.cpp	6894	6894	src/apps/tui/input/control_keys.cpp	156	156	edited	Permission-mode and escape controls
src/cli/main.cpp	6895	6895	src/apps/tui/input/control_keys.cpp	157	157	edited	Permission-mode and escape controls
src/cli/main.cpp	6896	6896	src/apps/tui/input/control_keys.cpp	158	158	edited	Permission-mode and escape controls
src/cli/main.cpp	6897	6897	src/apps/tui/input/control_keys.cpp	159	159	edited	Permission-mode and escape controls
src/cli/main.cpp	6898	6898	src/apps/tui/input/control_keys.cpp	160	160	edited	Permission-mode and escape controls
src/cli/main.cpp	6899	6899	src/apps/tui/input/control_keys.cpp	161	161	edited	Permission-mode and escape controls
src/cli/main.cpp	6900	6900	src/apps/tui/input/control_keys.cpp	162	162	edited	Permission-mode and escape controls
src/cli/main.cpp	6901	6901	src/apps/tui/input/control_keys.cpp	163	163	edited	Permission-mode and escape controls
src/cli/main.cpp	6902	6902	src/apps/tui/input/control_keys.cpp	164	164	edited	Permission-mode and escape controls
src/cli/main.cpp	6903	6903	src/apps/tui/input/control_keys.cpp	165	165	edited	Permission-mode and escape controls
src/cli/main.cpp	6904	6904	src/apps/tui/input/control_keys.cpp	166	166	edited	Permission-mode and escape controls
src/cli/main.cpp	6905	6909	src/apps/tui/input/control_keys.cpp	166	171	edited	Permission-mode and escape controls; signature, state access, ownership or assembly rewritten in this destination
src/cli/main.cpp	6910	6911	src/apps/tui/input/mouse_router.cpp	30	33	edited	Enter mouse routing and classify the pointer target; signature, state access, ownership or assembly rewritten in this destination
src/cli/main.cpp	6912	6912	src/apps/tui/input/mouse_router.cpp	33	33	copy	Byte-identical source lines
src/cli/main.cpp	6913	6913	src/apps/tui/input/mouse_router.cpp	34	34	edited	Enter mouse routing and classify the pointer target
src/cli/main.cpp	6914	6914	src/apps/tui/input/mouse_router.cpp	35	35	edited	Enter mouse routing and classify the pointer target
src/cli/main.cpp	6915	6915	src/apps/tui/input/mouse_router.cpp	36	36	edited	Enter mouse routing and classify the pointer target
src/cli/main.cpp	6916	6916	src/apps/tui/input/mouse_router.cpp	37	37	edited	Enter mouse routing and classify the pointer target
src/cli/main.cpp	6917	6917	src/apps/tui/input/mouse_router.cpp	38	38	edited	Enter mouse routing and classify the pointer target
src/cli/main.cpp	6918	6918	src/apps/tui/input/mouse_router.cpp	39	39	edited	Enter mouse routing and classify the pointer target
src/cli/main.cpp	6919	6919	src/apps/tui/input/mouse_router.cpp	40	40	edited	Enter mouse routing and classify the pointer target
src/cli/main.cpp	6920	6920	src/apps/tui/input/mouse_router.cpp	41	41	edited	Enter mouse routing and classify the pointer target
src/cli/main.cpp	6921	6921	src/apps/tui/input/mouse_router.cpp	42	42	edited	Enter mouse routing and classify the pointer target
src/cli/main.cpp	6922	6922	src/apps/tui/input/mouse_router.cpp	43	43	edited	Enter mouse routing and classify the pointer target
src/cli/main.cpp	6923	6923	src/apps/tui/input/mouse_router.cpp	44	44	edited	Enter mouse routing and classify the pointer target
src/cli/main.cpp	6924	6924	src/apps/tui/input/mouse_router.cpp	45	45	copy	Byte-identical source lines
src/cli/main.cpp	6925	6925	src/apps/tui/input/mouse_router.cpp	46	46	edited	Enter mouse routing and classify the pointer target
src/cli/main.cpp	6926	6926	src/apps/tui/input/mouse_router.cpp	47	47	edited	Enter mouse routing and classify the pointer target
src/cli/main.cpp	6927	6927	src/apps/tui/input/mouse_router.cpp	48	48	edited	Enter mouse routing and classify the pointer target
src/cli/main.cpp	6928	6928	src/apps/tui/input/mouse_router.cpp	49	49	edited	Enter mouse routing and classify the pointer target
src/cli/main.cpp	6929	6929	src/apps/tui/input/mouse_router.cpp	50	50	edited	Enter mouse routing and classify the pointer target
src/cli/main.cpp	6930	6935	src/apps/tui/composer/clipboard_keys.cpp	28	34	edited	Right-click copy or paste through the clipboard port; signature, state access, ownership or assembly rewritten in this destination
src/cli/main.cpp	6936	6936	src/apps/tui/composer/clipboard_keys.cpp	34	34	edited	Right-click copy or paste through the clipboard port
src/cli/main.cpp	6937	6937	src/apps/tui/composer/clipboard_keys.cpp	35	35	edited	Right-click copy or paste through the clipboard port
src/cli/main.cpp	6938	6938	src/apps/tui/composer/clipboard_keys.cpp	36	36	edited	Right-click copy or paste through the clipboard port
src/cli/main.cpp	6939	6939	src/apps/tui/composer/clipboard_keys.cpp	37	37	edited	Right-click copy or paste through the clipboard port
src/cli/main.cpp	6940	6940	src/apps/tui/composer/clipboard_keys.cpp	38	38	edited	Right-click copy or paste through the clipboard port
src/cli/main.cpp	6941	6941	src/apps/tui/composer/clipboard_keys.cpp	39	39	edited	Right-click copy or paste through the clipboard port
src/cli/main.cpp	6942	6942	src/apps/tui/composer/clipboard_keys.cpp	40	40	edited	Right-click copy or paste through the clipboard port
src/cli/main.cpp	6943	6943	src/apps/tui/composer/clipboard_keys.cpp	41	41	edited	Right-click copy or paste through the clipboard port
src/cli/main.cpp	6944	6944	src/apps/tui/composer/clipboard_keys.cpp	32	53	edited	Right-click copy or paste through the clipboard port; signature, state access, ownership or assembly rewritten in this destination
src/cli/main.cpp	6945	6945	src/apps/tui/app/tui_clipboard.cpp	13	13	edited	Right-click copy or paste through the clipboard port
src/cli/main.cpp	6946	6946	src/apps/tui/app/tui_clipboard.cpp	14	14	edited	Right-click copy or paste through the clipboard port
src/cli/main.cpp	6947	6947	src/apps/tui/composer/clipboard_keys.cpp	43	43	edited	Right-click copy or paste through the clipboard port
src/cli/main.cpp	6948	6948	src/apps/tui/composer/clipboard_keys.cpp	44	44	edited	Right-click copy or paste through the clipboard port
src/cli/main.cpp	6949	6949	src/apps/tui/composer/clipboard_keys.cpp	45	45	edited	Right-click copy or paste through the clipboard port
src/cli/main.cpp	6950	6950	src/apps/tui/composer/clipboard_keys.cpp	46	46	edited	Right-click copy or paste through the clipboard port
src/cli/main.cpp	6951	6951	src/apps/tui/composer/clipboard_keys.cpp	46	48	edited	Right-click copy or paste through the clipboard port; signature, state access, ownership or assembly rewritten in this destination
src/cli/main.cpp	6952	6952	src/apps/tui/composer/clipboard_keys.cpp	48	48	edited	Right-click copy or paste through the clipboard port
src/cli/main.cpp	6953	6953	src/apps/tui/composer/clipboard_keys.cpp	49	49	edited	Right-click copy or paste through the clipboard port
src/cli/main.cpp	6954	6954	src/apps/tui/composer/clipboard_keys.cpp	50	50	edited	Right-click copy or paste through the clipboard port
src/cli/main.cpp	6955	6955	src/apps/tui/composer/clipboard_keys.cpp	51	51	edited	Right-click copy or paste through the clipboard port
src/cli/main.cpp	6956	6960	src/apps/tui/composer/clipboard_keys.cpp	51	56	edited	Right-click copy or paste through the clipboard port; signature, state access, ownership or assembly rewritten in this destination
src/cli/main.cpp	6961	6961	src/apps/tui/input/mouse_router.cpp	53	53	copy	Byte-identical source lines
src/cli/main.cpp	6962	6962	src/apps/tui/input/mouse_router.cpp	54	54	edited	Handle links, sidebars, scrollbars and mouse selection
src/cli/main.cpp	6963	6963	src/apps/tui/input/mouse_router.cpp	55	55	edited	Handle links, sidebars, scrollbars and mouse selection
src/cli/main.cpp	6964	6964	src/apps/tui/input/mouse_router.cpp	56	56	edited	Handle links, sidebars, scrollbars and mouse selection
src/cli/main.cpp	6965	6965	src/apps/tui/input/mouse_router.cpp	57	57	edited	Handle links, sidebars, scrollbars and mouse selection
src/cli/main.cpp	6966	6966	src/apps/tui/input/mouse_router.cpp	58	58	edited	Handle links, sidebars, scrollbars and mouse selection
src/cli/main.cpp	6967	6967	src/apps/tui/input/mouse_router.cpp	59	59	edited	Handle links, sidebars, scrollbars and mouse selection
src/cli/main.cpp	6968	6968	src/apps/tui/input/mouse_router.cpp	60	60	edited	Handle links, sidebars, scrollbars and mouse selection
src/cli/main.cpp	6969	6969	src/apps/tui/input/mouse_router.cpp	61	61	edited	Handle links, sidebars, scrollbars and mouse selection
src/cli/main.cpp	6970	6970	src/apps/tui/input/mouse_router.cpp	62	62	edited	Handle links, sidebars, scrollbars and mouse selection
src/cli/main.cpp	6971	6971	src/apps/tui/input/mouse_router.cpp	63	63	edited	Handle links, sidebars, scrollbars and mouse selection
src/cli/main.cpp	6972	6972	src/apps/tui/input/mouse_router.cpp	64	64	edited	Handle links, sidebars, scrollbars and mouse selection
src/cli/main.cpp	6973	6973	src/apps/tui/input/mouse_router.cpp	65	65	edited	Handle links, sidebars, scrollbars and mouse selection
src/cli/main.cpp	6974	6974	src/apps/tui/input/mouse_router.cpp	66	66	edited	Handle links, sidebars, scrollbars and mouse selection
src/cli/main.cpp	6975	6975	src/apps/tui/input/mouse_router.cpp	67	67	edited	Handle links, sidebars, scrollbars and mouse selection
src/cli/main.cpp	6976	6976	src/apps/tui/input/mouse_router.cpp	68	68	edited	Handle links, sidebars, scrollbars and mouse selection
src/cli/main.cpp	6977	6977	src/apps/tui/input/mouse_router.cpp	69	69	edited	Handle links, sidebars, scrollbars and mouse selection
src/cli/main.cpp	6978	6978	src/apps/tui/input/mouse_router.cpp	70	70	edited	Handle links, sidebars, scrollbars and mouse selection
src/cli/main.cpp	6979	6979	src/apps/tui/input/mouse_router.cpp	71	71	edited	Handle links, sidebars, scrollbars and mouse selection
src/cli/main.cpp	6980	6980	src/apps/tui/input/mouse_router.cpp	72	72	edited	Handle links, sidebars, scrollbars and mouse selection
src/cli/main.cpp	6981	6981	src/apps/tui/input/mouse_router.cpp	73	73	edited	Handle links, sidebars, scrollbars and mouse selection
src/cli/main.cpp	6982	6982	src/apps/tui/input/mouse_router.cpp	74	74	edited	Handle links, sidebars, scrollbars and mouse selection
src/cli/main.cpp	6983	6983	src/apps/tui/input/mouse_router.cpp	75	75	edited	Handle links, sidebars, scrollbars and mouse selection
src/cli/main.cpp	6984	6984	src/apps/tui/input/mouse_router.cpp	75	77	edited	Handle links, sidebars, scrollbars and mouse selection; signature, state access, ownership or assembly rewritten in this destination
src/cli/main.cpp	6985	6985	src/apps/tui/input/mouse_router.cpp	77	77	edited	Handle links, sidebars, scrollbars and mouse selection
src/cli/main.cpp	6986	6986	src/apps/tui/input/mouse_router.cpp	78	78	edited	Handle links, sidebars, scrollbars and mouse selection
src/cli/main.cpp	6987	6987	src/apps/tui/input/mouse_router.cpp	79	79	edited	Handle links, sidebars, scrollbars and mouse selection
src/cli/main.cpp	6988	6988	src/apps/tui/input/mouse_router.cpp	80	80	edited	Handle links, sidebars, scrollbars and mouse selection
src/cli/main.cpp	6989	6989	src/apps/tui/input/mouse_router.cpp	81	81	edited	Handle links, sidebars, scrollbars and mouse selection
src/cli/main.cpp	6990	6990	src/apps/tui/input/mouse_router.cpp	82	82	edited	Handle links, sidebars, scrollbars and mouse selection
src/cli/main.cpp	6991	6991	src/apps/tui/input/mouse_router.cpp	83	83	edited	Handle links, sidebars, scrollbars and mouse selection
src/cli/main.cpp	6992	6992	src/apps/tui/input/mouse_router.cpp	84	84	edited	Handle links, sidebars, scrollbars and mouse selection
src/cli/main.cpp	6993	6993	src/apps/tui/input/mouse_router.cpp	85	85	edited	Handle links, sidebars, scrollbars and mouse selection
src/cli/main.cpp	6994	6994	src/apps/tui/input/mouse_router.cpp	86	86	edited	Handle links, sidebars, scrollbars and mouse selection
src/cli/main.cpp	6995	6995	src/apps/tui/input/mouse_router.cpp	87	87	edited	Handle links, sidebars, scrollbars and mouse selection
src/cli/main.cpp	6996	6996	src/apps/tui/input/mouse_router.cpp	88	88	edited	Handle links, sidebars, scrollbars and mouse selection
src/cli/main.cpp	6997	6997	src/apps/tui/input/mouse_router.cpp	89	89	edited	Handle links, sidebars, scrollbars and mouse selection
src/cli/main.cpp	6998	6998	src/apps/tui/input/mouse_router.cpp	90	90	edited	Handle links, sidebars, scrollbars and mouse selection
src/cli/main.cpp	6999	7004	src/apps/tui/input/mouse_router.cpp	90	97	edited	Handle links, sidebars, scrollbars and mouse selection; signature, state access, ownership or assembly rewritten in this destination
src/cli/main.cpp	7005	7005	src/apps/tui/input/mouse_router.cpp	97	97	edited	Handle links, sidebars, scrollbars and mouse selection
src/cli/main.cpp	7006	7006	src/apps/tui/input/mouse_router.cpp	98	98	edited	Handle links, sidebars, scrollbars and mouse selection
src/cli/main.cpp	7007	7007	src/apps/tui/input/mouse_router.cpp	99	99	edited	Handle links, sidebars, scrollbars and mouse selection
src/cli/main.cpp	7008	7008	src/apps/tui/input/mouse_router.cpp	100	100	copy	Byte-identical source lines
src/cli/main.cpp	7009	7009	src/apps/tui/input/mouse_router.cpp	101	101	edited	Handle links, sidebars, scrollbars and mouse selection
src/cli/main.cpp	7010	7010	src/apps/tui/input/mouse_router.cpp	102	102	edited	Handle links, sidebars, scrollbars and mouse selection
src/cli/main.cpp	7011	7011	src/apps/tui/input/mouse_router.cpp	103	103	edited	Handle links, sidebars, scrollbars and mouse selection
src/cli/main.cpp	7012	7012	src/apps/tui/input/mouse_router.cpp	104	104	copy	Byte-identical source lines
src/cli/main.cpp	7013	7013	src/apps/tui/input/mouse_router.cpp	105	105	edited	Handle links, sidebars, scrollbars and mouse selection
src/cli/main.cpp	7014	7014	src/apps/tui/input/mouse_router.cpp	106	106	edited	Handle links, sidebars, scrollbars and mouse selection
src/cli/main.cpp	7015	7015	src/apps/tui/input/mouse_router.cpp	107	107	edited	Handle links, sidebars, scrollbars and mouse selection
src/cli/main.cpp	7016	7016	src/apps/tui/input/mouse_router.cpp	108	108	edited	Handle links, sidebars, scrollbars and mouse selection
src/cli/main.cpp	7017	7017	src/apps/tui/input/mouse_router.cpp	109	109	edited	Handle links, sidebars, scrollbars and mouse selection
src/cli/main.cpp	7018	7018	src/apps/tui/input/mouse_router.cpp	110	110	edited	Handle links, sidebars, scrollbars and mouse selection
src/cli/main.cpp	7019	7019	src/apps/tui/input/mouse_router.cpp	111	111	edited	Handle links, sidebars, scrollbars and mouse selection
src/cli/main.cpp	7020	7020	src/apps/tui/input/mouse_router.cpp	112	112	edited	Handle links, sidebars, scrollbars and mouse selection
src/cli/main.cpp	7021	7021	src/apps/tui/input/mouse_router.cpp	113	113	edited	Handle links, sidebars, scrollbars and mouse selection
src/cli/main.cpp	7022	7022	src/apps/tui/input/mouse_router.cpp	114	114	edited	Handle links, sidebars, scrollbars and mouse selection
src/cli/main.cpp	7023	7023	src/apps/tui/input/mouse_router.cpp	115	115	edited	Handle links, sidebars, scrollbars and mouse selection
src/cli/main.cpp	7024	7024	src/apps/tui/input/mouse_router.cpp	116	116	edited	Handle links, sidebars, scrollbars and mouse selection
src/cli/main.cpp	7025	7025	src/apps/tui/input/mouse_router.cpp	117	117	edited	Handle links, sidebars, scrollbars and mouse selection
src/cli/main.cpp	7026	7026	src/apps/tui/input/mouse_router.cpp	118	118	edited	Handle links, sidebars, scrollbars and mouse selection
src/cli/main.cpp	7027	7027	src/apps/tui/input/mouse_router.cpp	119	119	edited	Handle links, sidebars, scrollbars and mouse selection
src/cli/main.cpp	7028	7028	src/apps/tui/input/mouse_router.cpp	120	120	edited	Handle links, sidebars, scrollbars and mouse selection
src/cli/main.cpp	7029	7029	src/apps/tui/input/mouse_router.cpp	121	121	edited	Handle links, sidebars, scrollbars and mouse selection
src/cli/main.cpp	7030	7030	src/apps/tui/input/mouse_router.cpp	122	122	edited	Handle links, sidebars, scrollbars and mouse selection
src/cli/main.cpp	7031	7031	src/apps/tui/input/mouse_router.cpp	123	123	edited	Handle links, sidebars, scrollbars and mouse selection
src/cli/main.cpp	7032	7032	src/apps/tui/input/mouse_router.cpp	124	124	edited	Handle links, sidebars, scrollbars and mouse selection
src/cli/main.cpp	7033	7033	src/apps/tui/input/mouse_router.cpp	125	125	edited	Handle links, sidebars, scrollbars and mouse selection
src/cli/main.cpp	7034	7034	src/apps/tui/input/mouse_router.cpp	126	126	edited	Handle links, sidebars, scrollbars and mouse selection
src/cli/main.cpp	7035	7035	src/apps/tui/input/mouse_router.cpp	127	127	edited	Handle links, sidebars, scrollbars and mouse selection
src/cli/main.cpp	7036	7036	src/apps/tui/input/mouse_router.cpp	128	128	edited	Handle links, sidebars, scrollbars and mouse selection
src/cli/main.cpp	7037	7037	src/apps/tui/input/mouse_router.cpp	129	129	edited	Handle links, sidebars, scrollbars and mouse selection
src/cli/main.cpp	7038	7038	src/apps/tui/input/mouse_router.cpp	130	130	edited	Handle links, sidebars, scrollbars and mouse selection
src/cli/main.cpp	7039	7039	src/apps/tui/input/mouse_router.cpp	131	131	edited	Handle links, sidebars, scrollbars and mouse selection
src/cli/main.cpp	7040	7040	src/apps/tui/input/mouse_router.cpp	132	132	edited	Handle links, sidebars, scrollbars and mouse selection
src/cli/main.cpp	7041	7041	src/apps/tui/input/mouse_router.cpp	133	133	edited	Handle links, sidebars, scrollbars and mouse selection
src/cli/main.cpp	7042	7042	src/apps/tui/input/mouse_router.cpp	134	134	edited	Handle links, sidebars, scrollbars and mouse selection
src/cli/main.cpp	7043	7043	src/apps/tui/input/mouse_router.cpp	135	135	edited	Handle links, sidebars, scrollbars and mouse selection
src/cli/main.cpp	7044	7044	src/apps/tui/input/mouse_router.cpp	136	136	edited	Handle links, sidebars, scrollbars and mouse selection
src/cli/main.cpp	7045	7046	src/apps/tui/input/mouse_router.cpp	136	139	edited	Handle links, sidebars, scrollbars and mouse selection; signature, state access, ownership or assembly rewritten in this destination
src/cli/main.cpp	7047	7047	src/apps/tui/input/mouse_router.cpp	139	139	edited	Handle links, sidebars, scrollbars and mouse selection
src/cli/main.cpp	7048	7048	src/apps/tui/input/mouse_router.cpp	140	140	edited	Handle links, sidebars, scrollbars and mouse selection
src/cli/main.cpp	7049	7049	src/apps/tui/input/mouse_router.cpp	141	141	copy	Byte-identical source lines
src/cli/main.cpp	7050	7050	src/apps/tui/input/mouse_router.cpp	142	142	edited	Handle links, sidebars, scrollbars and mouse selection
src/cli/main.cpp	7051	7051	src/apps/tui/input/mouse_router.cpp	143	143	edited	Handle links, sidebars, scrollbars and mouse selection
src/cli/main.cpp	7052	7052	src/apps/tui/input/mouse_router.cpp	144	144	edited	Handle links, sidebars, scrollbars and mouse selection
src/cli/main.cpp	7053	7053	src/apps/tui/input/mouse_router.cpp	145	145	edited	Handle links, sidebars, scrollbars and mouse selection
src/cli/main.cpp	7054	7054	src/apps/tui/input/mouse_router.cpp	146	146	edited	Handle links, sidebars, scrollbars and mouse selection
src/cli/main.cpp	7055	7055	src/apps/tui/input/mouse_router.cpp	147	147	edited	Handle links, sidebars, scrollbars and mouse selection
src/cli/main.cpp	7056	7056	src/apps/tui/input/mouse_router.cpp	147	149	edited	Handle links, sidebars, scrollbars and mouse selection; signature, state access, ownership or assembly rewritten in this destination
src/cli/main.cpp	7057	7057	src/apps/tui/input/mouse_router.cpp	149	149	edited	Handle links, sidebars, scrollbars and mouse selection
src/cli/main.cpp	7058	7058	src/apps/tui/input/mouse_router.cpp	150	150	edited	Handle links, sidebars, scrollbars and mouse selection
src/cli/main.cpp	7059	7059	src/apps/tui/input/mouse_router.cpp	151	151	edited	Handle links, sidebars, scrollbars and mouse selection
src/cli/main.cpp	7060	7060	src/apps/tui/input/mouse_router.cpp	152	152	edited	Handle links, sidebars, scrollbars and mouse selection
src/cli/main.cpp	7061	7061	src/apps/tui/input/mouse_router.cpp	153	153	edited	Handle links, sidebars, scrollbars and mouse selection
src/cli/main.cpp	7062	7062	src/apps/tui/input/mouse_router.cpp	154	154	edited	Handle links, sidebars, scrollbars and mouse selection
src/cli/main.cpp	7063	7063	src/apps/tui/input/mouse_router.cpp	155	155	edited	Handle links, sidebars, scrollbars and mouse selection
src/cli/main.cpp	7064	7064	src/apps/tui/input/mouse_router.cpp	156	156	edited	Handle links, sidebars, scrollbars and mouse selection
src/cli/main.cpp	7065	7065	src/apps/tui/input/mouse_router.cpp	157	157	edited	Handle links, sidebars, scrollbars and mouse selection
src/cli/main.cpp	7066	7066	src/apps/tui/input/mouse_router.cpp	158	158	edited	Handle links, sidebars, scrollbars and mouse selection
src/cli/main.cpp	7067	7067	src/apps/tui/input/mouse_router.cpp	158	160	edited	Handle links, sidebars, scrollbars and mouse selection; signature, state access, ownership or assembly rewritten in this destination
src/cli/main.cpp	7068	7068	src/apps/tui/input/mouse_router.cpp	160	160	edited	Handle links, sidebars, scrollbars and mouse selection
src/cli/main.cpp	7069	7069	src/apps/tui/input/mouse_router.cpp	161	161	edited	Handle links, sidebars, scrollbars and mouse selection
src/cli/main.cpp	7070	7070	src/apps/tui/input/mouse_router.cpp	162	162	edited	Handle links, sidebars, scrollbars and mouse selection
src/cli/main.cpp	7071	7071	src/apps/tui/input/mouse_router.cpp	163	163	edited	Handle links, sidebars, scrollbars and mouse selection
src/cli/main.cpp	7072	7072	src/apps/tui/input/mouse_router.cpp	164	164	edited	Handle links, sidebars, scrollbars and mouse selection
src/cli/main.cpp	7073	7073	src/apps/tui/input/mouse_router.cpp	165	165	edited	Handle links, sidebars, scrollbars and mouse selection
src/cli/main.cpp	7074	7074	src/apps/tui/input/mouse_router.cpp	166	166	edited	Handle links, sidebars, scrollbars and mouse selection
src/cli/main.cpp	7075	7075	src/apps/tui/input/mouse_router.cpp	167	167	edited	Handle links, sidebars, scrollbars and mouse selection
src/cli/main.cpp	7076	7076	src/apps/tui/input/mouse_router.cpp	168	168	edited	Handle links, sidebars, scrollbars and mouse selection
src/cli/main.cpp	7077	7077	src/apps/tui/input/mouse_router.cpp	169	169	edited	Handle links, sidebars, scrollbars and mouse selection
src/cli/main.cpp	7078	7078	src/apps/tui/input/mouse_router.cpp	170	170	edited	Handle links, sidebars, scrollbars and mouse selection
src/cli/main.cpp	7079	7079	src/apps/tui/input/mouse_router.cpp	171	171	edited	Handle links, sidebars, scrollbars and mouse selection
src/cli/main.cpp	7080	7080	src/apps/tui/input/mouse_router.cpp	172	172	edited	Handle links, sidebars, scrollbars and mouse selection
src/cli/main.cpp	7081	7081	src/apps/tui/input/mouse_router.cpp	173	173	edited	Handle links, sidebars, scrollbars and mouse selection
src/cli/main.cpp	7082	7082	src/apps/tui/input/mouse_router.cpp	174	174	edited	Handle links, sidebars, scrollbars and mouse selection
src/cli/main.cpp	7083	7083	src/apps/tui/input/mouse_router.cpp	175	175	edited	Handle links, sidebars, scrollbars and mouse selection
src/cli/main.cpp	7084	7084	src/apps/tui/input/mouse_router.cpp	176	176	edited	Handle links, sidebars, scrollbars and mouse selection
src/cli/main.cpp	7085	7085	src/apps/tui/input/mouse_router.cpp	177	177	edited	Handle links, sidebars, scrollbars and mouse selection
src/cli/main.cpp	7086	7086	src/apps/tui/input/mouse_router.cpp	178	178	edited	Handle links, sidebars, scrollbars and mouse selection
src/cli/main.cpp	7087	7087	src/apps/tui/input/mouse_router.cpp	179	179	edited	Handle links, sidebars, scrollbars and mouse selection
src/cli/main.cpp	7088	7088	src/apps/tui/input/mouse_router.cpp	180	180	edited	Handle links, sidebars, scrollbars and mouse selection
src/cli/main.cpp	7089	7089	src/apps/tui/input/mouse_router.cpp	181	181	edited	Handle links, sidebars, scrollbars and mouse selection
src/cli/main.cpp	7090	7090	src/apps/tui/input/mouse_router.cpp	182	182	edited	Handle links, sidebars, scrollbars and mouse selection
src/cli/main.cpp	7091	7091	src/apps/tui/input/mouse_router.cpp	183	183	edited	Handle links, sidebars, scrollbars and mouse selection
src/cli/main.cpp	7092	7092	src/apps/tui/input/mouse_router.cpp	184	184	edited	Handle links, sidebars, scrollbars and mouse selection
src/cli/main.cpp	7093	7093	src/apps/tui/input/mouse_router.cpp	185	185	edited	Handle links, sidebars, scrollbars and mouse selection
src/cli/main.cpp	7094	7094	src/apps/tui/input/mouse_router.cpp	186	186	edited	Handle links, sidebars, scrollbars and mouse selection
src/cli/main.cpp	7095	7095	src/apps/tui/input/mouse_router.cpp	187	187	edited	Handle links, sidebars, scrollbars and mouse selection
src/cli/main.cpp	7096	7096	src/apps/tui/input/mouse_router.cpp	188	188	edited	Handle links, sidebars, scrollbars and mouse selection
src/cli/main.cpp	7097	7097	src/apps/tui/input/mouse_router.cpp	189	189	edited	Handle links, sidebars, scrollbars and mouse selection
src/cli/main.cpp	7098	7098	src/apps/tui/input/mouse_router.cpp	189	191	edited	Handle links, sidebars, scrollbars and mouse selection; signature, state access, ownership or assembly rewritten in this destination
src/cli/main.cpp	7099	7099	src/apps/tui/input/mouse_router.cpp	191	191	edited	Handle links, sidebars, scrollbars and mouse selection
src/cli/main.cpp	7100	7100	src/apps/tui/input/mouse_router.cpp	192	192	edited	Handle links, sidebars, scrollbars and mouse selection
src/cli/main.cpp	7101	7101	src/apps/tui/input/mouse_router.cpp	193	193	edited	Handle links, sidebars, scrollbars and mouse selection
src/cli/main.cpp	7102	7102	src/apps/tui/input/mouse_router.cpp	193	195	edited	Handle links, sidebars, scrollbars and mouse selection; signature, state access, ownership or assembly rewritten in this destination
src/cli/main.cpp	7103	7103	src/apps/tui/input/mouse_router.cpp	195	195	edited	Handle links, sidebars, scrollbars and mouse selection
src/cli/main.cpp	7104	7104	src/apps/tui/input/mouse_router.cpp	196	196	edited	Handle links, sidebars, scrollbars and mouse selection
src/cli/main.cpp	7105	7105	src/apps/tui/input/mouse_router.cpp	197	197	edited	Handle links, sidebars, scrollbars and mouse selection
src/cli/main.cpp	7106	7106	src/apps/tui/input/mouse_router.cpp	198	198	edited	Handle links, sidebars, scrollbars and mouse selection
src/cli/main.cpp	7107	7107	src/apps/tui/input/mouse_router.cpp	199	199	edited	Handle links, sidebars, scrollbars and mouse selection
src/cli/main.cpp	7108	7108	src/apps/tui/input/mouse_router.cpp	200	200	edited	Handle links, sidebars, scrollbars and mouse selection
src/cli/main.cpp	7109	7109	src/apps/tui/input/mouse_router.cpp	201	201	edited	Handle links, sidebars, scrollbars and mouse selection
src/cli/main.cpp	7110	7110	src/apps/tui/input/mouse_router.cpp	202	202	edited	Handle links, sidebars, scrollbars and mouse selection
src/cli/main.cpp	7111	7111	src/apps/tui/input/mouse_router.cpp	203	203	edited	Handle links, sidebars, scrollbars and mouse selection
src/cli/main.cpp	7112	7112	src/apps/tui/input/mouse_router.cpp	204	204	edited	Handle links, sidebars, scrollbars and mouse selection
src/cli/main.cpp	7113	7113	src/apps/tui/input/mouse_router.cpp	205	205	edited	Handle links, sidebars, scrollbars and mouse selection
src/cli/main.cpp	7114	7114	src/apps/tui/input/mouse_router.cpp	206	206	edited	Handle links, sidebars, scrollbars and mouse selection
src/cli/main.cpp	7115	7115	src/apps/tui/input/mouse_router.cpp	207	207	edited	Handle links, sidebars, scrollbars and mouse selection
src/cli/main.cpp	7116	7116	src/apps/tui/input/mouse_router.cpp	208	208	edited	Handle links, sidebars, scrollbars and mouse selection
src/cli/main.cpp	7117	7117	src/apps/tui/input/mouse_router.cpp	208	210	edited	Handle links, sidebars, scrollbars and mouse selection; signature, state access, ownership or assembly rewritten in this destination
src/cli/main.cpp	7118	7118	src/apps/tui/input/mouse_router.cpp	210	210	edited	Handle links, sidebars, scrollbars and mouse selection
src/cli/main.cpp	7119	7119	src/apps/tui/input/mouse_router.cpp	211	211	edited	Handle links, sidebars, scrollbars and mouse selection
src/cli/main.cpp	7120	7120	src/apps/tui/input/mouse_router.cpp	212	212	edited	Handle links, sidebars, scrollbars and mouse selection
src/cli/main.cpp	7121	7121	src/apps/tui/input/mouse_router.cpp	213	213	edited	Handle links, sidebars, scrollbars and mouse selection
src/cli/main.cpp	7122	7122	src/apps/tui/input/mouse_router.cpp	214	214	edited	Handle links, sidebars, scrollbars and mouse selection
src/cli/main.cpp	7123	7125	src/apps/tui/input/mouse_router.cpp	214	218	edited	Handle links, sidebars, scrollbars and mouse selection; signature, state access, ownership or assembly rewritten in this destination
src/cli/main.cpp	7126	7126	src/apps/tui/input/mouse_router.cpp	218	218	edited	Handle links, sidebars, scrollbars and mouse selection
src/cli/main.cpp	7127	7127	src/apps/tui/input/mouse_router.cpp	219	219	copy	Byte-identical source lines
src/cli/main.cpp	7128	7128	src/apps/tui/input/mouse_router.cpp	220	220	edited	Handle links, sidebars, scrollbars and mouse selection
src/cli/main.cpp	7129	7129	src/apps/tui/input/mouse_router.cpp	221	221	edited	Handle links, sidebars, scrollbars and mouse selection
src/cli/main.cpp	7130	7130	src/apps/tui/input/mouse_router.cpp	222	222	edited	Handle links, sidebars, scrollbars and mouse selection
src/cli/main.cpp	7131	7131	src/apps/tui/input/mouse_router.cpp	223	223	edited	Handle links, sidebars, scrollbars and mouse selection
src/cli/main.cpp	7132	7132	src/apps/tui/input/mouse_router.cpp	224	224	edited	Handle links, sidebars, scrollbars and mouse selection
src/cli/main.cpp	7133	7133	src/apps/tui/input/mouse_router.cpp	225	225	edited	Handle links, sidebars, scrollbars and mouse selection
src/cli/main.cpp	7134	7134	src/apps/tui/input/mouse_router.cpp	226	226	edited	Handle links, sidebars, scrollbars and mouse selection
src/cli/main.cpp	7135	7135	src/apps/tui/input/mouse_router.cpp	227	227	edited	Handle links, sidebars, scrollbars and mouse selection
src/cli/main.cpp	7136	7136	src/apps/tui/input/mouse_router.cpp	228	228	edited	Handle links, sidebars, scrollbars and mouse selection
src/cli/main.cpp	7137	7137	src/apps/tui/input/mouse_router.cpp	229	229	edited	Handle links, sidebars, scrollbars and mouse selection
src/cli/main.cpp	7138	7138	src/apps/tui/input/mouse_router.cpp	230	230	edited	Handle links, sidebars, scrollbars and mouse selection
src/cli/main.cpp	7139	7139	src/apps/tui/input/mouse_router.cpp	231	231	edited	Handle links, sidebars, scrollbars and mouse selection
src/cli/main.cpp	7140	7140	src/apps/tui/input/mouse_router.cpp	231	233	edited	Handle links, sidebars, scrollbars and mouse selection; signature, state access, ownership or assembly rewritten in this destination
src/cli/main.cpp	7141	7141	src/apps/tui/input/mouse_router.cpp	233	233	edited	Handle links, sidebars, scrollbars and mouse selection
src/cli/main.cpp	7142	7142	src/apps/tui/input/mouse_router.cpp	234	234	edited	Handle links, sidebars, scrollbars and mouse selection
src/cli/main.cpp	7143	7143	src/apps/tui/input/mouse_router.cpp	235	235	edited	Handle links, sidebars, scrollbars and mouse selection
src/cli/main.cpp	7144	7145	src/apps/tui/input/mouse_router.cpp	235	238	edited	Handle links, sidebars, scrollbars and mouse selection; signature, state access, ownership or assembly rewritten in this destination
src/cli/main.cpp	7146	7146	src/apps/tui/input/mouse_router.cpp	238	238	edited	Handle links, sidebars, scrollbars and mouse selection
src/cli/main.cpp	7147	7147	src/apps/tui/input/mouse_router.cpp	239	239	edited	Handle links, sidebars, scrollbars and mouse selection
src/cli/main.cpp	7148	7148	src/apps/tui/input/mouse_router.cpp	240	240	edited	Handle links, sidebars, scrollbars and mouse selection
src/cli/main.cpp	7149	7149	src/apps/tui/input/mouse_router.cpp	241	241	edited	Handle links, sidebars, scrollbars and mouse selection
src/cli/main.cpp	7150	7151	src/apps/tui/input/mouse_router.cpp	241	244	edited	Handle links, sidebars, scrollbars and mouse selection; signature, state access, ownership or assembly rewritten in this destination
src/cli/main.cpp	7152	7152	src/apps/tui/input/mouse_router.cpp	244	244	edited	Handle links, sidebars, scrollbars and mouse selection
src/cli/main.cpp	7153	7153	src/apps/tui/input/mouse_router.cpp	245	245	edited	Handle links, sidebars, scrollbars and mouse selection
src/cli/main.cpp	7154	7154	src/apps/tui/input/mouse_router.cpp	246	246	edited	Handle links, sidebars, scrollbars and mouse selection
src/cli/main.cpp	7155	7155	src/apps/tui/input/mouse_router.cpp	247	247	edited	Handle links, sidebars, scrollbars and mouse selection
src/cli/main.cpp	7156	7156	src/apps/tui/input/mouse_router.cpp	248	248	edited	Handle links, sidebars, scrollbars and mouse selection
src/cli/main.cpp	7157	7157	src/apps/tui/input/mouse_router.cpp	249	249	edited	Handle links, sidebars, scrollbars and mouse selection
src/cli/main.cpp	7158	7158	src/apps/tui/input/mouse_router.cpp	250	250	edited	Handle links, sidebars, scrollbars and mouse selection
src/cli/main.cpp	7159	7159	src/apps/tui/input/mouse_router.cpp	251	251	edited	Handle links, sidebars, scrollbars and mouse selection
src/cli/main.cpp	7160	7160	src/apps/tui/input/mouse_router.cpp	251	253	edited	Handle links, sidebars, scrollbars and mouse selection; signature, state access, ownership or assembly rewritten in this destination
src/cli/main.cpp	7161	7161	src/apps/tui/input/mouse_router.cpp	253	253	edited	Handle links, sidebars, scrollbars and mouse selection
src/cli/main.cpp	7162	7162	src/apps/tui/input/mouse_router.cpp	254	254	edited	Handle links, sidebars, scrollbars and mouse selection
src/cli/main.cpp	7163	7163	src/apps/tui/input/mouse_router.cpp	255	255	edited	Handle links, sidebars, scrollbars and mouse selection
src/cli/main.cpp	7164	7164	src/apps/tui/input/mouse_router.cpp	256	256	edited	Handle links, sidebars, scrollbars and mouse selection
src/cli/main.cpp	7165	7165	src/apps/tui/input/mouse_router.cpp	257	257	edited	Handle links, sidebars, scrollbars and mouse selection
src/cli/main.cpp	7166	7166	src/apps/tui/input/mouse_router.cpp	257	259	edited	Handle links, sidebars, scrollbars and mouse selection; signature, state access, ownership or assembly rewritten in this destination
src/cli/main.cpp	7167	7167	src/apps/tui/input/mouse_router.cpp	259	259	edited	Handle links, sidebars, scrollbars and mouse selection
src/cli/main.cpp	7168	7168	src/apps/tui/input/mouse_router.cpp	260	260	edited	Handle links, sidebars, scrollbars and mouse selection
src/cli/main.cpp	7169	7169	src/apps/tui/input/mouse_router.cpp	261	261	edited	Handle links, sidebars, scrollbars and mouse selection
src/cli/main.cpp	7170	7170	src/apps/tui/input/mouse_router.cpp	262	262	edited	Handle links, sidebars, scrollbars and mouse selection
src/cli/main.cpp	7171	7171	src/apps/tui/input/mouse_router.cpp	263	263	edited	Handle links, sidebars, scrollbars and mouse selection
src/cli/main.cpp	7172	7172	src/apps/tui/input/mouse_router.cpp	264	264	edited	Handle links, sidebars, scrollbars and mouse selection
src/cli/main.cpp	7173	7173	src/apps/tui/input/mouse_router.cpp	265	265	edited	Handle links, sidebars, scrollbars and mouse selection
src/cli/main.cpp	7174	7174	src/apps/tui/input/mouse_router.cpp	266	266	edited	Handle links, sidebars, scrollbars and mouse selection
src/cli/main.cpp	7175	7175	src/apps/tui/input/mouse_router.cpp	267	267	edited	Handle links, sidebars, scrollbars and mouse selection
src/cli/main.cpp	7176	7176	src/apps/tui/input/mouse_router.cpp	268	268	edited	Handle links, sidebars, scrollbars and mouse selection
src/cli/main.cpp	7177	7177	src/apps/tui/input/mouse_router.cpp	269	269	edited	Handle links, sidebars, scrollbars and mouse selection
src/cli/main.cpp	7178	7178	src/apps/tui/input/mouse_router.cpp	270	270	edited	Handle links, sidebars, scrollbars and mouse selection
src/cli/main.cpp	7179	7179	src/apps/tui/input/mouse_router.cpp	271	271	edited	Handle links, sidebars, scrollbars and mouse selection
src/cli/main.cpp	7180	7180	src/apps/tui/input/mouse_router.cpp	272	272	edited	Handle links, sidebars, scrollbars and mouse selection
src/cli/main.cpp	7181	7181	src/apps/tui/input/mouse_router.cpp	273	273	edited	Handle links, sidebars, scrollbars and mouse selection
src/cli/main.cpp	7182	7182	src/apps/tui/input/mouse_router.cpp	273	275	edited	Handle links, sidebars, scrollbars and mouse selection; signature, state access, ownership or assembly rewritten in this destination
src/cli/main.cpp	7183	7183	src/apps/tui/input/mouse_router.cpp	275	275	edited	Handle links, sidebars, scrollbars and mouse selection
src/cli/main.cpp	7184	7184	src/apps/tui/input/mouse_router.cpp	276	276	edited	Handle links, sidebars, scrollbars and mouse selection
src/cli/main.cpp	7185	7185	src/apps/tui/input/mouse_router.cpp	277	277	edited	Handle links, sidebars, scrollbars and mouse selection
src/cli/main.cpp	7186	7186	src/apps/tui/input/mouse_router.cpp	278	278	edited	Handle links, sidebars, scrollbars and mouse selection
src/cli/main.cpp	7187	7187	src/apps/tui/input/mouse_router.cpp	279	279	edited	Handle links, sidebars, scrollbars and mouse selection
src/cli/main.cpp	7188	7188	src/apps/tui/input/mouse_router.cpp	280	280	edited	Handle links, sidebars, scrollbars and mouse selection
src/cli/main.cpp	7189	7189	src/apps/tui/input/mouse_router.cpp	280	282	edited	Handle links, sidebars, scrollbars and mouse selection; signature, state access, ownership or assembly rewritten in this destination
src/cli/main.cpp	7190	7190	src/apps/tui/input/mouse_router.cpp	282	282	edited	Handle links, sidebars, scrollbars and mouse selection
src/cli/main.cpp	7191	7191	src/apps/tui/input/mouse_router.cpp	283	283	edited	Handle links, sidebars, scrollbars and mouse selection
src/cli/main.cpp	7192	7192	src/apps/tui/input/mouse_router.cpp	284	284	edited	Handle links, sidebars, scrollbars and mouse selection
src/cli/main.cpp	7193	7193	src/apps/tui/input/mouse_router.cpp	285	285	edited	Handle links, sidebars, scrollbars and mouse selection
src/cli/main.cpp	7194	7194	src/apps/tui/input/mouse_router.cpp	286	286	edited	Handle links, sidebars, scrollbars and mouse selection
src/cli/main.cpp	7195	7195	src/apps/tui/input/mouse_router.cpp	287	287	edited	Handle links, sidebars, scrollbars and mouse selection
src/cli/main.cpp	7196	7196	src/apps/tui/input/mouse_router.cpp	288	288	edited	Handle links, sidebars, scrollbars and mouse selection
src/cli/main.cpp	7197	7197	src/apps/tui/input/mouse_router.cpp	289	289	edited	Handle links, sidebars, scrollbars and mouse selection
src/cli/main.cpp	7198	7198	src/apps/tui/input/mouse_router.cpp	290	290	edited	Handle links, sidebars, scrollbars and mouse selection
src/cli/main.cpp	7199	7199	src/apps/tui/input/mouse_router.cpp	291	291	edited	Handle links, sidebars, scrollbars and mouse selection
src/cli/main.cpp	7200	7200	src/apps/tui/input/mouse_router.cpp	292	292	edited	Handle links, sidebars, scrollbars and mouse selection
src/cli/main.cpp	7201	7201	src/apps/tui/input/mouse_router.cpp	293	293	edited	Handle links, sidebars, scrollbars and mouse selection
src/cli/main.cpp	7202	7202	src/apps/tui/input/mouse_router.cpp	294	294	edited	Handle links, sidebars, scrollbars and mouse selection
src/cli/main.cpp	7203	7203	src/apps/tui/input/mouse_router.cpp	295	295	edited	Handle links, sidebars, scrollbars and mouse selection
src/cli/main.cpp	7204	7204	src/apps/tui/input/mouse_router.cpp	296	296	edited	Handle links, sidebars, scrollbars and mouse selection
src/cli/main.cpp	7205	7205	src/apps/tui/input/mouse_router.cpp	297	297	edited	Handle links, sidebars, scrollbars and mouse selection
src/cli/main.cpp	7206	7206	src/apps/tui/input/mouse_router.cpp	298	298	edited	Handle links, sidebars, scrollbars and mouse selection
src/cli/main.cpp	7207	7208	src/apps/tui/input/mouse_router.cpp	298	301	edited	Handle links, sidebars, scrollbars and mouse selection; signature, state access, ownership or assembly rewritten in this destination
src/cli/main.cpp	7209	7209	src/apps/tui/input/mouse_router.cpp	301	301	edited	Handle links, sidebars, scrollbars and mouse selection
src/cli/main.cpp	7210	7210	src/apps/tui/input/mouse_router.cpp	302	302	edited	Handle links, sidebars, scrollbars and mouse selection
src/cli/main.cpp	7211	7211	src/apps/tui/input/mouse_router.cpp	303	303	edited	Handle links, sidebars, scrollbars and mouse selection
src/cli/main.cpp	7212	7212	src/apps/tui/input/mouse_router.cpp	304	304	edited	Handle links, sidebars, scrollbars and mouse selection
src/cli/main.cpp	7213	7213	src/apps/tui/input/mouse_router.cpp	305	305	edited	Handle links, sidebars, scrollbars and mouse selection
src/cli/main.cpp	7214	7214	src/apps/tui/input/mouse_router.cpp	306	306	edited	Handle links, sidebars, scrollbars and mouse selection
src/cli/main.cpp	7215	7215	src/apps/tui/input/mouse_router.cpp	307	307	edited	Handle links, sidebars, scrollbars and mouse selection
src/cli/main.cpp	7216	7216	src/apps/tui/input/mouse_router.cpp	308	308	edited	Handle links, sidebars, scrollbars and mouse selection
src/cli/main.cpp	7217	7217	src/apps/tui/input/mouse_router.cpp	309	309	edited	Handle links, sidebars, scrollbars and mouse selection
src/cli/main.cpp	7218	7218	src/apps/tui/input/mouse_router.cpp	310	310	edited	Handle links, sidebars, scrollbars and mouse selection
src/cli/main.cpp	7219	7219	src/apps/tui/input/mouse_router.cpp	311	311	edited	Handle links, sidebars, scrollbars and mouse selection
src/cli/main.cpp	7220	7220	src/apps/tui/input/mouse_router.cpp	312	312	edited	Handle links, sidebars, scrollbars and mouse selection
src/cli/main.cpp	7221	7221	src/apps/tui/input/mouse_router.cpp	313	313	edited	Handle links, sidebars, scrollbars and mouse selection
src/cli/main.cpp	7222	7222	src/apps/tui/input/mouse_router.cpp	314	314	edited	Handle links, sidebars, scrollbars and mouse selection
src/cli/main.cpp	7223	7223	src/apps/tui/input/mouse_router.cpp	315	315	edited	Handle links, sidebars, scrollbars and mouse selection
src/cli/main.cpp	7224	7224	src/apps/tui/input/mouse_router.cpp	316	316	edited	Handle links, sidebars, scrollbars and mouse selection
src/cli/main.cpp	7225	7225	src/apps/tui/input/mouse_router.cpp	317	317	edited	Handle links, sidebars, scrollbars and mouse selection
src/cli/main.cpp	7226	7226	src/apps/tui/input/mouse_router.cpp	318	318	edited	Handle links, sidebars, scrollbars and mouse selection
src/cli/main.cpp	7227	7227	src/apps/tui/input/mouse_router.cpp	319	319	edited	Handle links, sidebars, scrollbars and mouse selection
src/cli/main.cpp	7228	7228	src/apps/tui/input/mouse_router.cpp	320	320	edited	Handle links, sidebars, scrollbars and mouse selection
src/cli/main.cpp	7229	7229	src/apps/tui/input/mouse_router.cpp	321	321	edited	Handle links, sidebars, scrollbars and mouse selection
src/cli/main.cpp	7230	7230	src/apps/tui/input/mouse_router.cpp	322	322	edited	Handle links, sidebars, scrollbars and mouse selection
src/cli/main.cpp	7231	7231	src/apps/tui/input/mouse_router.cpp	323	323	edited	Handle links, sidebars, scrollbars and mouse selection
src/cli/main.cpp	7232	7232	src/apps/tui/input/mouse_router.cpp	324	324	edited	Handle links, sidebars, scrollbars and mouse selection
src/cli/main.cpp	7233	7233	src/apps/tui/input/mouse_router.cpp	325	325	edited	Handle links, sidebars, scrollbars and mouse selection
src/cli/main.cpp	7234	7234	src/apps/tui/input/mouse_router.cpp	326	326	edited	Handle links, sidebars, scrollbars and mouse selection
src/cli/main.cpp	7235	7236	src/apps/tui/input/mouse_router.cpp	326	329	edited	Handle links, sidebars, scrollbars and mouse selection; signature, state access, ownership or assembly rewritten in this destination
src/cli/main.cpp	7237	7237	src/apps/tui/input/mouse_router.cpp	329	329	edited	Handle links, sidebars, scrollbars and mouse selection
src/cli/main.cpp	7238	7238	src/apps/tui/input/mouse_router.cpp	330	330	edited	Handle links, sidebars, scrollbars and mouse selection
src/cli/main.cpp	7239	7239	src/apps/tui/input/mouse_router.cpp	331	331	edited	Handle links, sidebars, scrollbars and mouse selection
src/cli/main.cpp	7240	7240	src/apps/tui/input/mouse_router.cpp	332	332	edited	Handle links, sidebars, scrollbars and mouse selection
src/cli/main.cpp	7241	7241	src/apps/tui/input/mouse_router.cpp	333	333	edited	Handle links, sidebars, scrollbars and mouse selection
src/cli/main.cpp	7242	7242	src/apps/tui/input/mouse_router.cpp	334	334	edited	Handle links, sidebars, scrollbars and mouse selection
src/cli/main.cpp	7243	7243	src/apps/tui/input/mouse_router.cpp	335	335	edited	Handle links, sidebars, scrollbars and mouse selection
src/cli/main.cpp	7244	7244	src/apps/tui/input/mouse_router.cpp	336	336	edited	Handle links, sidebars, scrollbars and mouse selection
src/cli/main.cpp	7245	7245	src/apps/tui/input/mouse_router.cpp	337	337	edited	Handle links, sidebars, scrollbars and mouse selection
src/cli/main.cpp	7246	7246	src/apps/tui/input/mouse_router.cpp	338	338	edited	Handle links, sidebars, scrollbars and mouse selection
src/cli/main.cpp	7247	7247	src/apps/tui/input/mouse_router.cpp	338	340	edited	Handle links, sidebars, scrollbars and mouse selection; signature, state access, ownership or assembly rewritten in this destination
src/cli/main.cpp	7248	7248	src/apps/tui/input/mouse_router.cpp	340	340	edited	Handle links, sidebars, scrollbars and mouse selection
src/cli/main.cpp	7249	7249	src/apps/tui/input/mouse_router.cpp	341	341	edited	Handle links, sidebars, scrollbars and mouse selection
src/cli/main.cpp	7250	7250	src/apps/tui/input/mouse_router.cpp	342	342	edited	Handle links, sidebars, scrollbars and mouse selection
src/cli/main.cpp	7251	7251	src/apps/tui/input/mouse_router.cpp	343	343	edited	Handle links, sidebars, scrollbars and mouse selection
src/cli/main.cpp	7252	7252	src/apps/tui/input/mouse_router.cpp	344	344	edited	Handle links, sidebars, scrollbars and mouse selection
src/cli/main.cpp	7253	7253	src/apps/tui/input/mouse_router.cpp	345	345	edited	Handle links, sidebars, scrollbars and mouse selection
src/cli/main.cpp	7254	7254	src/apps/tui/input/mouse_router.cpp	346	346	edited	Handle links, sidebars, scrollbars and mouse selection
src/cli/main.cpp	7255	7255	src/apps/tui/input/mouse_router.cpp	347	347	edited	Handle links, sidebars, scrollbars and mouse selection
src/cli/main.cpp	7256	7256	src/apps/tui/input/mouse_router.cpp	348	348	edited	Handle links, sidebars, scrollbars and mouse selection
src/cli/main.cpp	7257	7257	src/apps/tui/input/mouse_router.cpp	349	349	edited	Handle links, sidebars, scrollbars and mouse selection
src/cli/main.cpp	7258	7258	src/apps/tui/input/mouse_router.cpp	350	350	edited	Handle links, sidebars, scrollbars and mouse selection
src/cli/main.cpp	7259	7259	src/apps/tui/input/mouse_router.cpp	351	351	edited	Handle links, sidebars, scrollbars and mouse selection
src/cli/main.cpp	7260	7260	src/apps/tui/input/mouse_router.cpp	352	352	edited	Handle links, sidebars, scrollbars and mouse selection
src/cli/main.cpp	7261	7261	src/apps/tui/input/mouse_router.cpp	353	353	edited	Handle links, sidebars, scrollbars and mouse selection
src/cli/main.cpp	7262	7262	src/apps/tui/input/mouse_router.cpp	354	354	edited	Handle links, sidebars, scrollbars and mouse selection
src/cli/main.cpp	7263	7263	src/apps/tui/input/mouse_router.cpp	355	355	edited	Handle links, sidebars, scrollbars and mouse selection
src/cli/main.cpp	7264	7264	src/apps/tui/input/mouse_router.cpp	356	356	edited	Handle links, sidebars, scrollbars and mouse selection
src/cli/main.cpp	7265	7265	src/apps/tui/input/mouse_router.cpp	357	357	edited	Handle links, sidebars, scrollbars and mouse selection
src/cli/main.cpp	7266	7266	src/apps/tui/input/mouse_router.cpp	358	358	edited	Handle links, sidebars, scrollbars and mouse selection
src/cli/main.cpp	7267	7267	src/apps/tui/input/mouse_router.cpp	359	359	edited	Handle links, sidebars, scrollbars and mouse selection
src/cli/main.cpp	7268	7268	src/apps/tui/input/mouse_router.cpp	360	360	edited	Handle links, sidebars, scrollbars and mouse selection
src/cli/main.cpp	7269	7269	src/apps/tui/input/mouse_router.cpp	360	362	edited	Handle links, sidebars, scrollbars and mouse selection; signature, state access, ownership or assembly rewritten in this destination
src/cli/main.cpp	7270	7270	src/apps/tui/input/mouse_router.cpp	362	362	edited	Handle links, sidebars, scrollbars and mouse selection
src/cli/main.cpp	7271	7271	src/apps/tui/input/mouse_router.cpp	363	363	edited	Handle links, sidebars, scrollbars and mouse selection
src/cli/main.cpp	7272	7272	src/apps/tui/input/mouse_router.cpp	364	364	edited	Handle links, sidebars, scrollbars and mouse selection
src/cli/main.cpp	7273	7273	src/apps/tui/input/mouse_router.cpp	364	366	edited	Handle links, sidebars, scrollbars and mouse selection; signature, state access, ownership or assembly rewritten in this destination
src/cli/main.cpp	7274	7274	src/apps/tui/input/mouse_router.cpp	366	366	edited	Handle links, sidebars, scrollbars and mouse selection
src/cli/main.cpp	7275	7275	src/apps/tui/input/mouse_router.cpp	367	367	edited	Handle links, sidebars, scrollbars and mouse selection
src/cli/main.cpp	7276	7276	src/apps/tui/input/mouse_router.cpp	368	368	edited	Handle links, sidebars, scrollbars and mouse selection
src/cli/main.cpp	7277	7277	src/apps/tui/input/mouse_router.cpp	369	369	edited	Handle links, sidebars, scrollbars and mouse selection
src/cli/main.cpp	7278	7278	src/apps/tui/input/mouse_router.cpp	370	370	edited	Handle links, sidebars, scrollbars and mouse selection
src/cli/main.cpp	7279	7279	src/apps/tui/input/mouse_router.cpp	371	371	edited	Handle links, sidebars, scrollbars and mouse selection
src/cli/main.cpp	7280	7280	src/apps/tui/input/mouse_router.cpp	372	372	edited	Handle links, sidebars, scrollbars and mouse selection
src/cli/main.cpp	7281	7281	src/apps/tui/input/mouse_router.cpp	373	373	edited	Handle links, sidebars, scrollbars and mouse selection
src/cli/main.cpp	7282	7282	src/apps/tui/input/mouse_router.cpp	374	374	edited	Handle links, sidebars, scrollbars and mouse selection
src/cli/main.cpp	7283	7283	src/apps/tui/input/mouse_router.cpp	375	375	edited	Handle links, sidebars, scrollbars and mouse selection
src/cli/main.cpp	7284	7284	src/apps/tui/input/mouse_router.cpp	376	376	edited	Handle links, sidebars, scrollbars and mouse selection
src/cli/main.cpp	7285	7285	src/apps/tui/input/mouse_router.cpp	377	377	edited	Handle links, sidebars, scrollbars and mouse selection
src/cli/main.cpp	7286	7286	src/apps/tui/input/mouse_router.cpp	378	378	edited	Handle links, sidebars, scrollbars and mouse selection
src/cli/main.cpp	7287	7287	src/apps/tui/input/mouse_router.cpp	379	379	edited	Handle links, sidebars, scrollbars and mouse selection
src/cli/main.cpp	7288	7288	src/apps/tui/input/mouse_router.cpp	380	380	edited	Handle links, sidebars, scrollbars and mouse selection
src/cli/main.cpp	7289	7289	src/apps/tui/input/mouse_router.cpp	380	382	edited	Handle links, sidebars, scrollbars and mouse selection; signature, state access, ownership or assembly rewritten in this destination
src/cli/main.cpp	7290	7290	src/apps/tui/input/mouse_router.cpp	382	382	edited	Handle links, sidebars, scrollbars and mouse selection
src/cli/main.cpp	7291	7291	src/apps/tui/input/mouse_router.cpp	383	383	edited	Handle links, sidebars, scrollbars and mouse selection
src/cli/main.cpp	7292	7292	src/apps/tui/input/mouse_router.cpp	384	384	edited	Handle links, sidebars, scrollbars and mouse selection
src/cli/main.cpp	7293	7293	src/apps/tui/input/mouse_router.cpp	385	385	edited	Handle links, sidebars, scrollbars and mouse selection
src/cli/main.cpp	7294	7294	src/apps/tui/input/mouse_router.cpp	386	386	edited	Handle links, sidebars, scrollbars and mouse selection
src/cli/main.cpp	7295	7295	src/apps/tui/input/mouse_router.cpp	387	387	edited	Handle links, sidebars, scrollbars and mouse selection
src/cli/main.cpp	7296	7298	src/apps/tui/input/mouse_router.cpp	387	391	edited	Handle links, sidebars, scrollbars and mouse selection; signature, state access, ownership or assembly rewritten in this destination
src/cli/main.cpp	7299	7299	src/apps/tui/input/mouse_router.cpp	391	391	edited	Handle links, sidebars, scrollbars and mouse selection
src/cli/main.cpp	7300	7300	src/apps/tui/input/mouse_router.cpp	392	392	edited	Handle links, sidebars, scrollbars and mouse selection
src/cli/main.cpp	7301	7301	src/apps/tui/input/mouse_router.cpp	393	393	copy	Byte-identical source lines
src/cli/main.cpp	7302	7302	src/apps/tui/input/mouse_router.cpp	394	394	edited	Handle links, sidebars, scrollbars and mouse selection
src/cli/main.cpp	7303	7303	src/apps/tui/input/mouse_router.cpp	395	395	copy	Byte-identical source lines
src/cli/main.cpp	7304	7304	src/apps/tui/input/mouse_router.cpp	396	396	edited	Handle links, sidebars, scrollbars and mouse selection
src/cli/main.cpp	7305	7305	src/apps/tui/input/mouse_router.cpp	397	397	edited	Handle links, sidebars, scrollbars and mouse selection
src/cli/main.cpp	7306	7306	src/apps/tui/input/mouse_router.cpp	398	398	edited	Handle links, sidebars, scrollbars and mouse selection
src/cli/main.cpp	7307	7307	src/apps/tui/input/mouse_router.cpp	399	399	edited	Handle links, sidebars, scrollbars and mouse selection
src/cli/main.cpp	7308	7308	src/apps/tui/input/mouse_router.cpp	400	400	edited	Handle links, sidebars, scrollbars and mouse selection
src/cli/main.cpp	7309	7309	src/apps/tui/input/mouse_router.cpp	401	401	edited	Handle links, sidebars, scrollbars and mouse selection
src/cli/main.cpp	7310	7310	src/apps/tui/input/mouse_router.cpp	402	402	edited	Handle links, sidebars, scrollbars and mouse selection
src/cli/main.cpp	7311	7311	src/apps/tui/input/mouse_router.cpp	402	404	edited	Handle links, sidebars, scrollbars and mouse selection; signature, state access, ownership or assembly rewritten in this destination
src/cli/main.cpp	7312	7312	src/apps/tui/input/mouse_router.cpp	404	404	edited	Handle links, sidebars, scrollbars and mouse selection
src/cli/main.cpp	7313	7313	src/apps/tui/input/mouse_router.cpp	405	405	edited	Handle links, sidebars, scrollbars and mouse selection
src/cli/main.cpp	7314	7314	src/apps/tui/input/mouse_router.cpp	406	406	edited	Handle links, sidebars, scrollbars and mouse selection
src/cli/main.cpp	7315	7317	src/apps/tui/input/mouse_router.cpp	406	410	edited	Handle links, sidebars, scrollbars and mouse selection; signature, state access, ownership or assembly rewritten in this destination
src/cli/main.cpp	7318	7318	src/apps/tui/input/mouse_router.cpp	410	410	edited	Handle links, sidebars, scrollbars and mouse selection
src/cli/main.cpp	7319	7319	src/apps/tui/input/mouse_router.cpp	411	411	edited	Handle links, sidebars, scrollbars and mouse selection
src/cli/main.cpp	7320	7320	src/apps/tui/input/mouse_router.cpp	412	412	edited	Handle links, sidebars, scrollbars and mouse selection
src/cli/main.cpp	7321	7321	src/apps/tui/input/mouse_router.cpp	413	413	edited	Handle links, sidebars, scrollbars and mouse selection
src/cli/main.cpp	7322	7322	src/apps/tui/input/mouse_router.cpp	414	414	edited	Handle links, sidebars, scrollbars and mouse selection
src/cli/main.cpp	7323	7323	src/apps/tui/input/mouse_router.cpp	415	415	edited	Handle links, sidebars, scrollbars and mouse selection
src/cli/main.cpp	7324	7324	src/apps/tui/input/mouse_router.cpp	415	417	edited	Handle links, sidebars, scrollbars and mouse selection; signature, state access, ownership or assembly rewritten in this destination
src/cli/main.cpp	7325	7325	src/apps/tui/input/mouse_router.cpp	417	417	edited	Handle links, sidebars, scrollbars and mouse selection
src/cli/main.cpp	7326	7326	src/apps/tui/input/mouse_router.cpp	418	418	edited	Handle links, sidebars, scrollbars and mouse selection
src/cli/main.cpp	7327	7327	src/apps/tui/input/mouse_router.cpp	419	419	edited	Handle links, sidebars, scrollbars and mouse selection
src/cli/main.cpp	7328	7328	src/apps/tui/input/mouse_router.cpp	420	420	edited	Handle links, sidebars, scrollbars and mouse selection
src/cli/main.cpp	7329	7329	src/apps/tui/input/mouse_router.cpp	421	421	edited	Handle links, sidebars, scrollbars and mouse selection
src/cli/main.cpp	7330	7330	src/apps/tui/input/mouse_router.cpp	422	422	edited	Handle links, sidebars, scrollbars and mouse selection
src/cli/main.cpp	7331	7331	src/apps/tui/input/mouse_router.cpp	422	424	edited	Handle links, sidebars, scrollbars and mouse selection; signature, state access, ownership or assembly rewritten in this destination
src/cli/main.cpp	7332	7332	src/apps/tui/input/mouse_router.cpp	424	424	edited	Handle links, sidebars, scrollbars and mouse selection
src/cli/main.cpp	7333	7333	src/apps/tui/input/mouse_router.cpp	425	425	edited	Handle links, sidebars, scrollbars and mouse selection
src/cli/main.cpp	7334	7334	src/apps/tui/input/mouse_router.cpp	426	426	edited	Handle links, sidebars, scrollbars and mouse selection
src/cli/main.cpp	7335	7335	src/apps/tui/input/mouse_router.cpp	427	427	edited	Handle links, sidebars, scrollbars and mouse selection
src/cli/main.cpp	7336	7336	src/apps/tui/input/mouse_router.cpp	428	428	edited	Handle links, sidebars, scrollbars and mouse selection
src/cli/main.cpp	7337	7337	src/apps/tui/input/mouse_router.cpp	429	429	edited	Handle links, sidebars, scrollbars and mouse selection
src/cli/main.cpp	7338	7338	src/apps/tui/input/mouse_router.cpp	430	430	edited	Handle links, sidebars, scrollbars and mouse selection
src/cli/main.cpp	7339	7339	src/apps/tui/input/mouse_router.cpp	431	431	edited	Handle links, sidebars, scrollbars and mouse selection
src/cli/main.cpp	7340	7340	src/apps/tui/input/mouse_router.cpp	432	432	edited	Handle links, sidebars, scrollbars and mouse selection
src/cli/main.cpp	7341	7341	src/apps/tui/input/mouse_router.cpp	433	433	edited	Handle links, sidebars, scrollbars and mouse selection
src/cli/main.cpp	7342	7342	src/apps/tui/input/mouse_router.cpp	434	434	edited	Handle links, sidebars, scrollbars and mouse selection
src/cli/main.cpp	7343	7343	src/apps/tui/input/mouse_router.cpp	435	435	edited	Handle links, sidebars, scrollbars and mouse selection
src/cli/main.cpp	7344	7344	src/apps/tui/input/mouse_router.cpp	436	436	edited	Handle links, sidebars, scrollbars and mouse selection
src/cli/main.cpp	7345	7345	src/apps/tui/input/mouse_router.cpp	437	437	edited	Handle links, sidebars, scrollbars and mouse selection
src/cli/main.cpp	7346	7346	src/apps/tui/input/mouse_router.cpp	438	438	edited	Handle links, sidebars, scrollbars and mouse selection
src/cli/main.cpp	7347	7347	src/apps/tui/input/mouse_router.cpp	439	439	edited	Handle links, sidebars, scrollbars and mouse selection
src/cli/main.cpp	7348	7348	src/apps/tui/input/mouse_router.cpp	440	440	edited	Handle links, sidebars, scrollbars and mouse selection
src/cli/main.cpp	7349	7349	src/apps/tui/input/mouse_router.cpp	441	441	edited	Handle links, sidebars, scrollbars and mouse selection
src/cli/main.cpp	7350	7350	src/apps/tui/input/mouse_router.cpp	442	442	edited	Handle links, sidebars, scrollbars and mouse selection
src/cli/main.cpp	7351	7351	src/apps/tui/input/mouse_router.cpp	443	443	edited	Handle links, sidebars, scrollbars and mouse selection
src/cli/main.cpp	7352	7352	src/apps/tui/input/mouse_router.cpp	444	444	edited	Handle links, sidebars, scrollbars and mouse selection
src/cli/main.cpp	7353	7353	src/apps/tui/input/mouse_router.cpp	445	445	edited	Handle links, sidebars, scrollbars and mouse selection
src/cli/main.cpp	7354	7354	src/apps/tui/input/mouse_router.cpp	446	446	edited	Handle links, sidebars, scrollbars and mouse selection
src/cli/main.cpp	7355	7355	src/apps/tui/input/mouse_router.cpp	447	447	edited	Handle links, sidebars, scrollbars and mouse selection
src/cli/main.cpp	7356	7356	src/apps/tui/input/mouse_router.cpp	448	448	edited	Handle links, sidebars, scrollbars and mouse selection
src/cli/main.cpp	7357	7357	src/apps/tui/input/mouse_router.cpp	449	449	edited	Handle links, sidebars, scrollbars and mouse selection
src/cli/main.cpp	7358	7358	src/apps/tui/input/mouse_router.cpp	450	450	edited	Handle links, sidebars, scrollbars and mouse selection
src/cli/main.cpp	7359	7359	src/apps/tui/input/mouse_router.cpp	451	451	edited	Handle links, sidebars, scrollbars and mouse selection
src/cli/main.cpp	7360	7360	src/apps/tui/input/mouse_router.cpp	452	452	edited	Handle links, sidebars, scrollbars and mouse selection
src/cli/main.cpp	7361	7361	src/apps/tui/input/mouse_router.cpp	453	453	edited	Handle links, sidebars, scrollbars and mouse selection
src/cli/main.cpp	7362	7362	src/apps/tui/input/mouse_router.cpp	454	454	edited	Handle links, sidebars, scrollbars and mouse selection
src/cli/main.cpp	7363	7363	src/apps/tui/input/mouse_router.cpp	455	455	edited	Handle links, sidebars, scrollbars and mouse selection
src/cli/main.cpp	7364	7364	src/apps/tui/input/mouse_router.cpp	456	456	edited	Handle links, sidebars, scrollbars and mouse selection
src/cli/main.cpp	7365	7365	src/apps/tui/input/mouse_router.cpp	457	457	edited	Handle links, sidebars, scrollbars and mouse selection
src/cli/main.cpp	7366	7366	src/apps/tui/input/mouse_router.cpp	458	458	edited	Handle links, sidebars, scrollbars and mouse selection
src/cli/main.cpp	7367	7367	src/apps/tui/input/mouse_router.cpp	459	459	copy	Byte-identical source lines
src/cli/main.cpp	7368	7368	src/apps/tui/input/mouse_router.cpp	460	460	edited	Handle links, sidebars, scrollbars and mouse selection
src/cli/main.cpp	7369	7369	src/apps/tui/input/mouse_router.cpp	461	461	edited	Handle links, sidebars, scrollbars and mouse selection
src/cli/main.cpp	7370	7370	src/apps/tui/input/mouse_router.cpp	462	462	edited	Handle links, sidebars, scrollbars and mouse selection
src/cli/main.cpp	7371	7371	src/apps/tui/input/mouse_router.cpp	463	463	edited	Handle links, sidebars, scrollbars and mouse selection
src/cli/main.cpp	7372	7372	src/apps/tui/input/mouse_router.cpp	464	464	edited	Handle links, sidebars, scrollbars and mouse selection
src/cli/main.cpp	7373	7373	src/apps/tui/input/mouse_router.cpp	465	465	edited	Handle links, sidebars, scrollbars and mouse selection
src/cli/main.cpp	7374	7374	src/apps/tui/input/mouse_router.cpp	466	466	edited	Handle links, sidebars, scrollbars and mouse selection
src/cli/main.cpp	7375	7375	src/apps/tui/input/mouse_router.cpp	467	467	edited	Handle links, sidebars, scrollbars and mouse selection
src/cli/main.cpp	7376	7376	src/apps/tui/input/mouse_router.cpp	468	468	edited	Handle links, sidebars, scrollbars and mouse selection
src/cli/main.cpp	7377	7377	src/apps/tui/input/mouse_router.cpp	469	469	edited	Handle links, sidebars, scrollbars and mouse selection
src/cli/main.cpp	7378	7378	src/apps/tui/input/mouse_router.cpp	470	470	edited	Handle links, sidebars, scrollbars and mouse selection
src/cli/main.cpp	7379	7379	src/apps/tui/input/mouse_router.cpp	471	471	edited	Handle links, sidebars, scrollbars and mouse selection
src/cli/main.cpp	7380	7380	src/apps/tui/input/mouse_router.cpp	472	472	edited	Handle links, sidebars, scrollbars and mouse selection
src/cli/main.cpp	7381	7381	src/apps/tui/input/mouse_router.cpp	473	473	edited	Handle links, sidebars, scrollbars and mouse selection
src/cli/main.cpp	7382	7382	src/apps/tui/input/mouse_router.cpp	474	474	edited	Handle links, sidebars, scrollbars and mouse selection
src/cli/main.cpp	7383	7383	src/apps/tui/input/mouse_router.cpp	475	475	edited	Handle links, sidebars, scrollbars and mouse selection
src/cli/main.cpp	7384	7384	src/apps/tui/input/mouse_router.cpp	476	476	edited	Handle links, sidebars, scrollbars and mouse selection
src/cli/main.cpp	7385	7385	src/apps/tui/input/mouse_router.cpp	477	477	edited	Handle links, sidebars, scrollbars and mouse selection
src/cli/main.cpp	7386	7386	src/apps/tui/input/mouse_router.cpp	478	478	edited	Handle links, sidebars, scrollbars and mouse selection
src/cli/main.cpp	7387	7387	src/apps/tui/input/mouse_router.cpp	479	479	edited	Handle links, sidebars, scrollbars and mouse selection
src/cli/main.cpp	7388	7388	src/apps/tui/input/mouse_router.cpp	480	480	edited	Handle links, sidebars, scrollbars and mouse selection
src/cli/main.cpp	7389	7389	src/apps/tui/input/mouse_router.cpp	481	481	edited	Handle links, sidebars, scrollbars and mouse selection
src/cli/main.cpp	7390	7392	src/apps/tui/input/mouse_router.cpp	481	485	edited	Handle links, sidebars, scrollbars and mouse selection; signature, state access, ownership or assembly rewritten in this destination
src/cli/main.cpp	7393	7393	src/apps/tui/input/mouse_router.cpp	485	485	edited	Handle links, sidebars, scrollbars and mouse selection
src/cli/main.cpp	7394	7394	src/apps/tui/input/mouse_router.cpp	486	486	edited	Handle links, sidebars, scrollbars and mouse selection
src/cli/main.cpp	7395	7395	src/apps/tui/input/mouse_router.cpp	487	487	edited	Handle links, sidebars, scrollbars and mouse selection
src/cli/main.cpp	7396	7396	src/apps/tui/input/mouse_router.cpp	488	488	edited	Handle links, sidebars, scrollbars and mouse selection
src/cli/main.cpp	7397	7397	src/apps/tui/input/mouse_router.cpp	489	489	edited	Handle links, sidebars, scrollbars and mouse selection
src/cli/main.cpp	7398	7398	src/apps/tui/input/mouse_router.cpp	489	491	edited	Handle links, sidebars, scrollbars and mouse selection; signature, state access, ownership or assembly rewritten in this destination
src/cli/main.cpp	7399	7399	src/apps/tui/input/mouse_router.cpp	491	491	edited	Handle links, sidebars, scrollbars and mouse selection
src/cli/main.cpp	7400	7400	src/apps/tui/input/mouse_router.cpp	492	492	edited	Handle links, sidebars, scrollbars and mouse selection
src/cli/main.cpp	7401	7407	src/apps/tui/input/mouse_router.cpp	492	500	edited	Handle links, sidebars, scrollbars and mouse selection; signature, state access, ownership or assembly rewritten in this destination
src/cli/main.cpp	7408	7408	src/apps/tui/input/mouse_router.cpp	500	500	edited	Handle links, sidebars, scrollbars and mouse selection
src/cli/main.cpp	7409	7409	src/apps/tui/input/mouse_router.cpp	501	501	edited	Handle links, sidebars, scrollbars and mouse selection
src/cli/main.cpp	7410	7410	src/apps/tui/input/mouse_router.cpp	502	502	edited	Handle links, sidebars, scrollbars and mouse selection
src/cli/main.cpp	7411	7414	src/apps/tui/input/mouse_router.cpp	502	507	edited	Handle links, sidebars, scrollbars and mouse selection; signature, state access, ownership or assembly rewritten in this destination
src/cli/main.cpp	7415	7415	src/apps/tui/input/mouse_router.cpp	507	507	copy	Byte-identical source lines
src/cli/main.cpp	7416	7416	src/apps/tui/input/mouse_router.cpp	508	508	edited	Handle links, sidebars, scrollbars and mouse selection
src/cli/main.cpp	7417	7417	src/apps/tui/input/mouse_router.cpp	509	509	edited	Handle links, sidebars, scrollbars and mouse selection
src/cli/main.cpp	7418	7418	src/apps/tui/input/mouse_router.cpp	509	511	edited	Handle links, sidebars, scrollbars and mouse selection; signature, state access, ownership or assembly rewritten in this destination
src/cli/main.cpp	7419	7419	src/apps/tui/input/mouse_router.cpp	511	511	copy	Byte-identical source lines
src/cli/main.cpp	7420	7420	src/apps/tui/input/mouse_router.cpp	512	512	edited	Handle links, sidebars, scrollbars and mouse selection
src/cli/main.cpp	7421	7421	src/apps/tui/input/mouse_router.cpp	513	513	edited	Handle links, sidebars, scrollbars and mouse selection
src/cli/main.cpp	7422	7422	src/apps/tui/input/mouse_router.cpp	514	514	edited	Handle links, sidebars, scrollbars and mouse selection
src/cli/main.cpp	7423	7423	src/apps/tui/input/mouse_router.cpp	515	515	copy	Byte-identical source lines
src/cli/main.cpp	7424	7425	src/apps/tui/input/mouse_router.cpp	515	518	edited	Handle links, sidebars, scrollbars and mouse selection; signature, state access, ownership or assembly rewritten in this destination
src/cli/main.cpp	7426	7426	src/apps/tui/input/mouse_router.cpp	518	518	edited	Handle links, sidebars, scrollbars and mouse selection
src/cli/main.cpp	7427	7427	src/apps/tui/input/mouse_router.cpp	519	519	edited	Handle links, sidebars, scrollbars and mouse selection
src/cli/main.cpp	7428	7428	src/apps/tui/input/mouse_router.cpp	520	520	edited	Handle links, sidebars, scrollbars and mouse selection
src/cli/main.cpp	7429	7429	src/apps/tui/input/mouse_router.cpp	521	521	edited	Handle links, sidebars, scrollbars and mouse selection
src/cli/main.cpp	7430	7430	src/apps/tui/input/mouse_router.cpp	522	522	edited	Handle links, sidebars, scrollbars and mouse selection
src/cli/main.cpp	7431	7431	src/apps/tui/input/mouse_router.cpp	523	523	edited	Handle links, sidebars, scrollbars and mouse selection
src/cli/main.cpp	7432	7432	src/apps/tui/input/mouse_router.cpp	524	524	edited	Handle links, sidebars, scrollbars and mouse selection
src/cli/main.cpp	7433	7433	src/apps/tui/input/mouse_router.cpp	525	525	edited	Handle links, sidebars, scrollbars and mouse selection
src/cli/main.cpp	7434	7434	src/apps/tui/input/mouse_router.cpp	526	526	edited	Handle links, sidebars, scrollbars and mouse selection
src/cli/main.cpp	7435	7435	src/apps/tui/input/mouse_router.cpp	527	527	edited	Handle links, sidebars, scrollbars and mouse selection
src/cli/main.cpp	7436	7436	src/apps/tui/input/mouse_router.cpp	528	528	edited	Handle links, sidebars, scrollbars and mouse selection
src/cli/main.cpp	7437	7441	src/apps/tui/input/mouse_router.cpp	528	534	edited	Handle links, sidebars, scrollbars and mouse selection; signature, state access, ownership or assembly rewritten in this destination
src/cli/main.cpp	7442	7442	src/apps/tui/input/mouse_router.cpp	534	534	edited	Handle links, sidebars, scrollbars and mouse selection
src/cli/main.cpp	7443	7443	src/apps/tui/input/mouse_router.cpp	535	535	edited	Handle links, sidebars, scrollbars and mouse selection
src/cli/main.cpp	7444	7444	src/apps/tui/input/mouse_router.cpp	535	537	edited	Handle links, sidebars, scrollbars and mouse selection; signature, state access, ownership or assembly rewritten in this destination
src/cli/main.cpp	7445	7445	src/apps/tui/input/mouse_router.cpp	537	537	copy	Byte-identical source lines
src/cli/main.cpp	7446	7446	src/apps/tui/input/mouse_router.cpp	538	538	edited	Handle links, sidebars, scrollbars and mouse selection
src/cli/main.cpp	7447	7447	src/apps/tui/input/mouse_router.cpp	539	539	edited	Handle links, sidebars, scrollbars and mouse selection
src/cli/main.cpp	7448	7448	src/apps/tui/input/mouse_router.cpp	540	540	edited	Handle links, sidebars, scrollbars and mouse selection
src/cli/main.cpp	7449	7449	src/apps/tui/input/mouse_router.cpp	541	541	copy	Byte-identical source lines
src/cli/main.cpp	7450	7451	src/apps/tui/input/mouse_router.cpp	541	544	edited	Handle links, sidebars, scrollbars and mouse selection; signature, state access, ownership or assembly rewritten in this destination
src/cli/main.cpp	7452	7452	src/apps/tui/input/mouse_router.cpp	544	544	edited	Handle links, sidebars, scrollbars and mouse selection
src/cli/main.cpp	7453	7453	src/apps/tui/input/mouse_router.cpp	545	545	edited	Handle links, sidebars, scrollbars and mouse selection
src/cli/main.cpp	7454	7454	src/apps/tui/input/mouse_router.cpp	546	546	edited	Handle links, sidebars, scrollbars and mouse selection
src/cli/main.cpp	7455	7455	src/apps/tui/input/mouse_router.cpp	547	547	edited	Handle links, sidebars, scrollbars and mouse selection
src/cli/main.cpp	7456	7456	src/apps/tui/input/mouse_router.cpp	548	548	edited	Handle links, sidebars, scrollbars and mouse selection
src/cli/main.cpp	7457	7457	src/apps/tui/input/mouse_router.cpp	549	549	edited	Handle links, sidebars, scrollbars and mouse selection
src/cli/main.cpp	7458	7458	src/apps/tui/input/mouse_router.cpp	550	550	edited	Handle links, sidebars, scrollbars and mouse selection
src/cli/main.cpp	7459	7459	src/apps/tui/input/mouse_router.cpp	551	551	edited	Handle links, sidebars, scrollbars and mouse selection
src/cli/main.cpp	7460	7460	src/apps/tui/input/mouse_router.cpp	552	552	edited	Handle links, sidebars, scrollbars and mouse selection
src/cli/main.cpp	7461	7461	src/apps/tui/input/mouse_router.cpp	553	553	edited	Handle links, sidebars, scrollbars and mouse selection
src/cli/main.cpp	7462	7462	src/apps/tui/input/mouse_router.cpp	554	554	edited	Handle links, sidebars, scrollbars and mouse selection
src/cli/main.cpp	7463	7469	src/apps/tui/input/mouse_router.cpp	554	561	edited	Handle links, sidebars, scrollbars and mouse selection; signature, state access, ownership or assembly rewritten in this destination
src/cli/main.cpp	7470	7470	src/apps/tui/composer/edit_keys.cpp	24	24	edited	Edit input with navigation keys
src/cli/main.cpp	7471	7471	src/apps/tui/composer/edit_keys.cpp	25	25	edited	Edit input with navigation keys
src/cli/main.cpp	7472	7472	src/apps/tui/composer/edit_keys.cpp	26	26	edited	Edit input with navigation keys
src/cli/main.cpp	7473	7473	src/apps/tui/composer/edit_keys.cpp	27	27	edited	Edit input with navigation keys
src/cli/main.cpp	7474	7474	src/apps/tui/composer/edit_keys.cpp	28	28	edited	Edit input with navigation keys
src/cli/main.cpp	7475	7475	src/apps/tui/composer/edit_keys.cpp	29	29	edited	Edit input with navigation keys
src/cli/main.cpp	7476	7476	src/apps/tui/composer/edit_keys.cpp	29	31	edited	Edit input with navigation keys; signature, state access, ownership or assembly rewritten in this destination
src/cli/main.cpp	7477	7477	src/apps/tui/composer/edit_keys.cpp	31	31	edited	Edit input with navigation keys
src/cli/main.cpp	7478	7478	src/apps/tui/composer/edit_keys.cpp	32	32	copy	Byte-identical source lines
src/cli/main.cpp	7479	7479	src/apps/tui/composer/edit_keys.cpp	33	33	edited	Edit input with navigation keys
src/cli/main.cpp	7480	7480	src/apps/tui/composer/edit_keys.cpp	34	34	edited	Edit input with navigation keys
src/cli/main.cpp	7481	7481	src/apps/tui/composer/edit_keys.cpp	35	35	edited	Edit input with navigation keys
src/cli/main.cpp	7482	7482	src/apps/tui/composer/edit_keys.cpp	36	36	edited	Edit input with navigation keys
src/cli/main.cpp	7483	7483	src/apps/tui/composer/edit_keys.cpp	37	37	edited	Edit input with navigation keys
src/cli/main.cpp	7484	7484	src/apps/tui/composer/edit_keys.cpp	38	38	edited	Edit input with navigation keys
src/cli/main.cpp	7485	7485	src/apps/tui/composer/edit_keys.cpp	39	39	edited	Edit input with navigation keys
src/cli/main.cpp	7486	7486	src/apps/tui/composer/edit_keys.cpp	40	40	edited	Edit input with navigation keys
src/cli/main.cpp	7487	7487	src/apps/tui/composer/edit_keys.cpp	41	41	edited	Edit input with navigation keys
src/cli/main.cpp	7488	7488	src/apps/tui/composer/edit_keys.cpp	42	42	edited	Edit input with navigation keys
src/cli/main.cpp	7489	7489	src/apps/tui/composer/edit_keys.cpp	43	43	edited	Edit input with navigation keys
src/cli/main.cpp	7490	7490	src/apps/tui/composer/edit_keys.cpp	44	44	edited	Edit input with navigation keys
src/cli/main.cpp	7491	7491	src/apps/tui/composer/edit_keys.cpp	45	45	edited	Edit input with navigation keys
src/cli/main.cpp	7492	7492	src/apps/tui/composer/edit_keys.cpp	46	46	edited	Edit input with navigation keys
src/cli/main.cpp	7493	7493	src/apps/tui/composer/edit_keys.cpp	47	47	edited	Edit input with navigation keys
src/cli/main.cpp	7494	7494	src/apps/tui/composer/edit_keys.cpp	48	48	edited	Edit input with navigation keys
src/cli/main.cpp	7495	7495	src/apps/tui/composer/edit_keys.cpp	49	49	edited	Edit input with navigation keys
src/cli/main.cpp	7496	7496	src/apps/tui/composer/edit_keys.cpp	50	50	edited	Edit input with navigation keys
src/cli/main.cpp	7497	7497	src/apps/tui/composer/edit_keys.cpp	51	51	edited	Edit input with navigation keys
src/cli/main.cpp	7498	7498	src/apps/tui/composer/edit_keys.cpp	52	52	edited	Edit input with navigation keys
src/cli/main.cpp	7499	7499	src/apps/tui/composer/edit_keys.cpp	53	53	edited	Edit input with navigation keys
src/cli/main.cpp	7500	7500	src/apps/tui/composer/edit_keys.cpp	54	54	edited	Edit input with navigation keys
src/cli/main.cpp	7501	7501	src/apps/tui/composer/edit_keys.cpp	55	55	edited	Edit input with navigation keys
src/cli/main.cpp	7502	7502	src/apps/tui/composer/edit_keys.cpp	56	56	edited	Edit input with navigation keys
src/cli/main.cpp	7503	7503	src/apps/tui/composer/edit_keys.cpp	57	57	edited	Edit input with navigation keys
src/cli/main.cpp	7504	7504	src/apps/tui/composer/edit_keys.cpp	58	58	edited	Edit input with navigation keys
src/cli/main.cpp	7505	7505	src/apps/tui/composer/edit_keys.cpp	59	59	edited	Edit input with navigation keys
src/cli/main.cpp	7506	7506	src/apps/tui/composer/edit_keys.cpp	60	60	edited	Edit input with navigation keys
src/cli/main.cpp	7507	7507	src/apps/tui/composer/edit_keys.cpp	61	61	edited	Edit input with navigation keys
src/cli/main.cpp	7508	7508	src/apps/tui/composer/edit_keys.cpp	62	62	edited	Edit input with navigation keys
src/cli/main.cpp	7509	7509	src/apps/tui/composer/edit_keys.cpp	63	63	edited	Edit input with navigation keys
src/cli/main.cpp	7510	7510	src/apps/tui/composer/edit_keys.cpp	64	64	edited	Edit input with navigation keys
src/cli/main.cpp	7511	7511	src/apps/tui/composer/edit_keys.cpp	65	65	edited	Edit input with navigation keys
src/cli/main.cpp	7512	7512	src/apps/tui/composer/edit_keys.cpp	66	66	edited	Edit input with navigation keys
src/cli/main.cpp	7513	7513	src/apps/tui/composer/edit_keys.cpp	67	67	edited	Edit input with navigation keys
src/cli/main.cpp	7514	7514	src/apps/tui/composer/edit_keys.cpp	68	68	edited	Edit input with navigation keys
src/cli/main.cpp	7515	7515	src/apps/tui/composer/edit_keys.cpp	69	69	copy	Byte-identical source lines
src/cli/main.cpp	7516	7516	src/apps/tui/composer/edit_keys.cpp	70	70	edited	Edit input with navigation keys
src/cli/main.cpp	7517	7517	src/apps/tui/composer/edit_keys.cpp	71	71	edited	Edit input with navigation keys
src/cli/main.cpp	7518	7518	src/apps/tui/composer/edit_keys.cpp	72	72	edited	Edit input with navigation keys
src/cli/main.cpp	7519	7519	src/apps/tui/composer/edit_keys.cpp	73	73	edited	Edit input with navigation keys
src/cli/main.cpp	7520	7520	src/apps/tui/composer/edit_keys.cpp	74	74	edited	Edit input with navigation keys
src/cli/main.cpp	7521	7521	src/apps/tui/composer/edit_keys.cpp	75	75	edited	Edit input with navigation keys
src/cli/main.cpp	7522	7522	src/apps/tui/composer/edit_keys.cpp	76	76	edited	Edit input with navigation keys
src/cli/main.cpp	7523	7523	src/apps/tui/composer/edit_keys.cpp	77	77	edited	Edit input with navigation keys
src/cli/main.cpp	7524	7524	src/apps/tui/composer/edit_keys.cpp	78	78	edited	Edit input with navigation keys
src/cli/main.cpp	7525	7525	src/apps/tui/composer/edit_keys.cpp	79	79	edited	Edit input with navigation keys
src/cli/main.cpp	7526	7528	src/apps/tui/composer/edit_keys.cpp	79	90	edited	Edit input with navigation keys; signature, state access, ownership or assembly rewritten in this destination
src/cli/main.cpp	7529	7529	src/apps/tui/composer/edit_keys.cpp	90	90	edited	Edit input with navigation keys
src/cli/main.cpp	7530	7530	src/apps/tui/composer/edit_keys.cpp	91	91	edited	Edit input with navigation keys
src/cli/main.cpp	7531	7531	src/apps/tui/composer/edit_keys.cpp	92	92	edited	Edit input with navigation keys
src/cli/main.cpp	7532	7532	src/apps/tui/overlays/list_picker_input.cpp	180	180	edited	Handle picker up navigation
src/cli/main.cpp	7533	7533	src/apps/tui/overlays/list_picker_input.cpp	181	181	edited	Handle picker up navigation
src/cli/main.cpp	7534	7534	src/apps/tui/overlays/list_picker_input.cpp	182	182	edited	Handle picker up navigation
src/cli/main.cpp	7535	7535	src/apps/tui/overlays/list_picker_input.cpp	183	183	edited	Handle picker up navigation
src/cli/main.cpp	7536	7536	src/apps/tui/overlays/list_picker_input.cpp	184	184	edited	Handle picker up navigation
src/cli/main.cpp	7537	7537	src/apps/tui/overlays/list_picker_input.cpp	185	185	edited	Handle picker up navigation
src/cli/main.cpp	7538	7539	src/apps/tui/overlays/list_picker_input.cpp	185	188	edited	Handle picker up navigation; signature, state access, ownership or assembly rewritten in this destination
src/cli/main.cpp	7540	7540	src/apps/tui/overlays/list_picker_input.cpp	188	188	edited	Handle picker up navigation
src/cli/main.cpp	7541	7541	src/apps/tui/overlays/list_picker_input.cpp	189	189	edited	Handle picker up navigation
src/cli/main.cpp	7542	7542	src/apps/tui/overlays/list_picker_input.cpp	190	190	edited	Handle picker up navigation
src/cli/main.cpp	7543	7543	src/apps/tui/overlays/list_picker_input.cpp	191	191	edited	Handle picker up navigation
src/cli/main.cpp	7544	7544	src/apps/tui/overlays/list_picker_input.cpp	192	192	edited	Handle picker up navigation
src/cli/main.cpp	7545	7545	src/apps/tui/overlays/list_picker_input.cpp	193	193	edited	Handle picker up navigation
src/cli/main.cpp	7546	7546	src/apps/tui/overlays/list_picker_input.cpp	194	194	edited	Handle picker up navigation
src/cli/main.cpp	7547	7548	src/apps/tui/overlays/list_picker_input.cpp	194	197	edited	Handle picker up navigation; signature, state access, ownership or assembly rewritten in this destination
src/cli/main.cpp	7549	7549	src/apps/tui/overlays/list_picker_input.cpp	197	197	edited	Handle picker up navigation
src/cli/main.cpp	7550	7550	src/apps/tui/overlays/list_picker_input.cpp	198	198	edited	Handle picker up navigation
src/cli/main.cpp	7551	7551	src/apps/tui/overlays/list_picker_input.cpp	199	199	edited	Handle picker up navigation
src/cli/main.cpp	7552	7554	src/apps/tui/overlays/list_picker_input.cpp	199	202	edited	Handle picker up navigation; signature, state access, ownership or assembly rewritten in this destination
src/cli/main.cpp	7555	7555	src/apps/tui/composer/edit_keys.cpp	95	95	edited	Move within multiline input
src/cli/main.cpp	7556	7556	src/apps/tui/composer/edit_keys.cpp	96	96	edited	Move within multiline input
src/cli/main.cpp	7557	7557	src/apps/tui/composer/edit_keys.cpp	97	97	edited	Move within multiline input
src/cli/main.cpp	7558	7561	src/apps/tui/composer/edit_keys.cpp	97	109	edited	Move within multiline input; signature, state access, ownership or assembly rewritten in this destination
src/cli/main.cpp	7562	7562	src/apps/tui/composer/edit_keys.cpp	109	109	edited	Move within multiline input
src/cli/main.cpp	7563	7563	src/apps/tui/composer/edit_keys.cpp	110	110	edited	Move within multiline input
src/cli/main.cpp	7564	7564	src/apps/tui/composer/edit_keys.cpp	111	111	edited	Move within multiline input
src/cli/main.cpp	7565	7565	src/apps/tui/overlays/list_picker_input.cpp	207	207	edited	Handle picker down navigation
src/cli/main.cpp	7566	7566	src/apps/tui/overlays/list_picker_input.cpp	208	208	edited	Handle picker down navigation
src/cli/main.cpp	7567	7567	src/apps/tui/overlays/list_picker_input.cpp	209	209	edited	Handle picker down navigation
src/cli/main.cpp	7568	7568	src/apps/tui/overlays/list_picker_input.cpp	210	210	edited	Handle picker down navigation
src/cli/main.cpp	7569	7569	src/apps/tui/overlays/list_picker_input.cpp	211	211	edited	Handle picker down navigation
src/cli/main.cpp	7570	7570	src/apps/tui/overlays/list_picker_input.cpp	212	212	edited	Handle picker down navigation
src/cli/main.cpp	7571	7571	src/apps/tui/overlays/list_picker_input.cpp	213	213	edited	Handle picker down navigation
src/cli/main.cpp	7572	7573	src/apps/tui/overlays/list_picker_input.cpp	213	216	edited	Handle picker down navigation; signature, state access, ownership or assembly rewritten in this destination
src/cli/main.cpp	7574	7574	src/apps/tui/overlays/list_picker_input.cpp	216	216	edited	Handle picker down navigation
src/cli/main.cpp	7575	7575	src/apps/tui/overlays/list_picker_input.cpp	217	217	edited	Handle picker down navigation
src/cli/main.cpp	7576	7576	src/apps/tui/overlays/list_picker_input.cpp	218	218	edited	Handle picker down navigation
src/cli/main.cpp	7577	7577	src/apps/tui/overlays/list_picker_input.cpp	219	219	edited	Handle picker down navigation
src/cli/main.cpp	7578	7578	src/apps/tui/overlays/list_picker_input.cpp	220	220	edited	Handle picker down navigation
src/cli/main.cpp	7579	7579	src/apps/tui/overlays/list_picker_input.cpp	221	221	edited	Handle picker down navigation
src/cli/main.cpp	7580	7580	src/apps/tui/overlays/list_picker_input.cpp	222	222	edited	Handle picker down navigation
src/cli/main.cpp	7581	7581	src/apps/tui/overlays/list_picker_input.cpp	223	223	edited	Handle picker down navigation
src/cli/main.cpp	7582	7582	src/apps/tui/overlays/list_picker_input.cpp	224	224	edited	Handle picker down navigation
src/cli/main.cpp	7583	7584	src/apps/tui/overlays/list_picker_input.cpp	224	227	edited	Handle picker down navigation; signature, state access, ownership or assembly rewritten in this destination
src/cli/main.cpp	7585	7585	src/apps/tui/overlays/list_picker_input.cpp	227	227	edited	Handle picker down navigation
src/cli/main.cpp	7586	7586	src/apps/tui/overlays/list_picker_input.cpp	228	228	edited	Handle picker down navigation
src/cli/main.cpp	7587	7587	src/apps/tui/overlays/list_picker_input.cpp	229	229	edited	Handle picker down navigation
src/cli/main.cpp	7588	7588	src/apps/tui/overlays/list_picker_input.cpp	230	230	edited	Handle picker down navigation
src/cli/main.cpp	7589	7589	src/apps/tui/overlays/list_picker_input.cpp	231	231	edited	Handle picker down navigation
src/cli/main.cpp	7590	7590	src/apps/tui/overlays/list_picker_input.cpp	232	232	edited	Handle picker down navigation
src/cli/main.cpp	7591	7593	src/apps/tui/overlays/list_picker_input.cpp	232	235	edited	Handle picker down navigation; signature, state access, ownership or assembly rewritten in this destination
src/cli/main.cpp	7594	7594	src/apps/tui/composer/edit_keys.cpp	114	114	edited	Cursor, selection, deletion and history navigation
src/cli/main.cpp	7595	7595	src/apps/tui/composer/edit_keys.cpp	115	115	edited	Cursor, selection, deletion and history navigation
src/cli/main.cpp	7596	7596	src/apps/tui/composer/edit_keys.cpp	116	116	edited	Cursor, selection, deletion and history navigation
src/cli/main.cpp	7597	7601	src/apps/tui/composer/edit_keys.cpp	116	126	edited	Cursor, selection, deletion and history navigation; signature, state access, ownership or assembly rewritten in this destination
src/cli/main.cpp	7602	7602	src/apps/tui/composer/edit_keys.cpp	126	126	edited	Cursor, selection, deletion and history navigation
src/cli/main.cpp	7603	7603	src/apps/tui/composer/edit_keys.cpp	127	127	edited	Cursor, selection, deletion and history navigation
src/cli/main.cpp	7604	7606	src/apps/tui/composer/edit_keys.cpp	127	131	edited	Cursor, selection, deletion and history navigation; signature, state access, ownership or assembly rewritten in this destination
src/cli/main.cpp	7607	7607	src/apps/tui/composer/edit_keys.cpp	131	131	edited	Cursor, selection, deletion and history navigation
src/cli/main.cpp	7608	7608	src/apps/tui/composer/edit_keys.cpp	132	132	edited	Cursor, selection, deletion and history navigation
src/cli/main.cpp	7609	7609	src/apps/tui/composer/edit_keys.cpp	133	133	edited	Cursor, selection, deletion and history navigation
src/cli/main.cpp	7610	7610	src/apps/tui/composer/edit_keys.cpp	134	134	edited	Cursor, selection, deletion and history navigation
src/cli/main.cpp	7611	7611	src/apps/tui/composer/edit_keys.cpp	135	135	edited	Cursor, selection, deletion and history navigation
src/cli/main.cpp	7612	7612	src/apps/tui/composer/edit_keys.cpp	135	137	edited	Cursor, selection, deletion and history navigation; signature, state access, ownership or assembly rewritten in this destination
src/cli/main.cpp	7613	7613	src/apps/tui/composer/edit_keys.cpp	137	137	edited	Cursor, selection, deletion and history navigation
src/cli/main.cpp	7614	7614	src/apps/tui/composer/edit_keys.cpp	138	138	edited	Cursor, selection, deletion and history navigation
src/cli/main.cpp	7615	7615	src/apps/tui/composer/edit_keys.cpp	139	139	edited	Cursor, selection, deletion and history navigation
src/cli/main.cpp	7616	7616	src/apps/tui/composer/edit_keys.cpp	139	141	edited	Cursor, selection, deletion and history navigation; signature, state access, ownership or assembly rewritten in this destination
src/cli/main.cpp	7617	7617	src/apps/tui/composer/edit_keys.cpp	141	141	edited	Cursor, selection, deletion and history navigation
src/cli/main.cpp	7618	7618	src/apps/tui/composer/edit_keys.cpp	142	142	edited	Cursor, selection, deletion and history navigation
src/cli/main.cpp	7619	7619	src/apps/tui/composer/edit_keys.cpp	143	143	edited	Cursor, selection, deletion and history navigation
src/cli/main.cpp	7620	7620	src/apps/tui/composer/edit_keys.cpp	144	144	edited	Cursor, selection, deletion and history navigation
src/cli/main.cpp	7621	7621	src/apps/tui/composer/edit_keys.cpp	144	146	edited	Cursor, selection, deletion and history navigation; signature, state access, ownership or assembly rewritten in this destination
src/cli/main.cpp	7622	7622	src/apps/tui/composer/edit_keys.cpp	146	146	edited	Cursor, selection, deletion and history navigation
src/cli/main.cpp	7623	7623	src/apps/tui/composer/edit_keys.cpp	147	147	edited	Cursor, selection, deletion and history navigation
src/cli/main.cpp	7624	7624	src/apps/tui/composer/edit_keys.cpp	148	148	edited	Cursor, selection, deletion and history navigation
src/cli/main.cpp	7625	7626	src/apps/tui/composer/edit_keys.cpp	148	156	edited	Cursor, selection, deletion and history navigation; signature, state access, ownership or assembly rewritten in this destination
src/cli/main.cpp	7627	7627	src/apps/tui/composer/edit_keys.cpp	156	156	edited	Cursor, selection, deletion and history navigation
src/cli/main.cpp	7628	7628	src/apps/tui/composer/edit_keys.cpp	157	157	edited	Cursor, selection, deletion and history navigation
src/cli/main.cpp	7629	7631	src/apps/tui/composer/edit_keys.cpp	157	161	edited	Cursor, selection, deletion and history navigation; signature, state access, ownership or assembly rewritten in this destination
src/cli/main.cpp	7632	7632	src/apps/tui/composer/edit_keys.cpp	161	161	edited	Cursor, selection, deletion and history navigation
src/cli/main.cpp	7633	7633	src/apps/tui/composer/edit_keys.cpp	162	162	edited	Cursor, selection, deletion and history navigation
src/cli/main.cpp	7634	7634	src/apps/tui/composer/edit_keys.cpp	163	163	edited	Cursor, selection, deletion and history navigation
src/cli/main.cpp	7635	7635	src/apps/tui/composer/edit_keys.cpp	164	164	edited	Cursor, selection, deletion and history navigation
src/cli/main.cpp	7636	7636	src/apps/tui/composer/edit_keys.cpp	165	165	edited	Cursor, selection, deletion and history navigation
src/cli/main.cpp	7637	7637	src/apps/tui/composer/edit_keys.cpp	165	167	edited	Cursor, selection, deletion and history navigation; signature, state access, ownership or assembly rewritten in this destination
src/cli/main.cpp	7638	7638	src/apps/tui/composer/edit_keys.cpp	167	167	edited	Cursor, selection, deletion and history navigation
src/cli/main.cpp	7639	7639	src/apps/tui/composer/edit_keys.cpp	168	168	edited	Cursor, selection, deletion and history navigation
src/cli/main.cpp	7640	7640	src/apps/tui/composer/edit_keys.cpp	169	169	edited	Cursor, selection, deletion and history navigation
src/cli/main.cpp	7641	7641	src/apps/tui/composer/edit_keys.cpp	169	171	edited	Cursor, selection, deletion and history navigation; signature, state access, ownership or assembly rewritten in this destination
src/cli/main.cpp	7642	7642	src/apps/tui/composer/edit_keys.cpp	171	171	edited	Cursor, selection, deletion and history navigation
src/cli/main.cpp	7643	7643	src/apps/tui/composer/edit_keys.cpp	172	172	edited	Cursor, selection, deletion and history navigation
src/cli/main.cpp	7644	7644	src/apps/tui/composer/edit_keys.cpp	173	173	edited	Cursor, selection, deletion and history navigation
src/cli/main.cpp	7645	7645	src/apps/tui/composer/edit_keys.cpp	174	174	edited	Cursor, selection, deletion and history navigation
src/cli/main.cpp	7646	7646	src/apps/tui/composer/edit_keys.cpp	174	176	edited	Cursor, selection, deletion and history navigation; signature, state access, ownership or assembly rewritten in this destination
src/cli/main.cpp	7647	7647	src/apps/tui/composer/edit_keys.cpp	176	176	edited	Cursor, selection, deletion and history navigation
src/cli/main.cpp	7648	7648	src/apps/tui/composer/edit_keys.cpp	177	177	edited	Cursor, selection, deletion and history navigation
src/cli/main.cpp	7649	7649	src/apps/tui/composer/edit_keys.cpp	178	178	edited	Cursor, selection, deletion and history navigation
src/cli/main.cpp	7650	7667	src/apps/tui/composer/edit_keys.cpp	178	187	edited	Cursor, selection, deletion and history navigation; signature, state access, ownership or assembly rewritten in this destination
src/cli/main.cpp	7668	7668	src/apps/tui/composer/edit_keys.cpp	187	187	edited	Cursor, selection, deletion and history navigation
src/cli/main.cpp	7669	7669	src/apps/tui/composer/edit_keys.cpp	188	188	edited	Cursor, selection, deletion and history navigation
src/cli/main.cpp	7670	7670	src/apps/tui/composer/edit_keys.cpp	189	189	edited	Cursor, selection, deletion and history navigation
src/cli/main.cpp	7671	7671	src/apps/tui/composer/edit_keys.cpp	190	190	edited	Cursor, selection, deletion and history navigation
src/cli/main.cpp	7672	7672	src/apps/tui/composer/edit_keys.cpp	190	192	edited	Cursor, selection, deletion and history navigation; signature, state access, ownership or assembly rewritten in this destination
src/cli/main.cpp	7673	7673	src/apps/tui/composer/edit_keys.cpp	192	192	edited	Cursor, selection, deletion and history navigation
src/cli/main.cpp	7674	7674	src/apps/tui/composer/edit_keys.cpp	193	193	edited	Cursor, selection, deletion and history navigation
src/cli/main.cpp	7675	7675	src/apps/tui/composer/edit_keys.cpp	194	194	edited	Cursor, selection, deletion and history navigation
src/cli/main.cpp	7676	7676	src/apps/tui/composer/edit_keys.cpp	195	195	edited	Cursor, selection, deletion and history navigation
src/cli/main.cpp	7677	7677	src/apps/tui/composer/edit_keys.cpp	196	196	edited	Cursor, selection, deletion and history navigation
src/cli/main.cpp	7678	7678	src/apps/tui/composer/edit_keys.cpp	197	197	edited	Cursor, selection, deletion and history navigation
src/cli/main.cpp	7679	7679	src/apps/tui/composer/edit_keys.cpp	198	198	edited	Cursor, selection, deletion and history navigation
src/cli/main.cpp	7680	7680	src/apps/tui/composer/edit_keys.cpp	199	199	edited	Cursor, selection, deletion and history navigation
src/cli/main.cpp	7681	7683	src/apps/tui/composer/edit_keys.cpp	199	208	edited	Cursor, selection, deletion and history navigation; signature, state access, ownership or assembly rewritten in this destination
src/cli/main.cpp	7684	7684	src/apps/tui/composer/edit_keys.cpp	208	208	edited	Cursor, selection, deletion and history navigation
src/cli/main.cpp	7685	7685	src/apps/tui/composer/edit_keys.cpp	209	209	edited	Cursor, selection, deletion and history navigation
src/cli/main.cpp	7686	7686	src/apps/tui/composer/edit_keys.cpp	209	211	edited	Cursor, selection, deletion and history navigation; signature, state access, ownership or assembly rewritten in this destination
src/cli/main.cpp	7687	7687	src/apps/tui/composer/edit_keys.cpp	211	211	edited	Cursor, selection, deletion and history navigation
src/cli/main.cpp	7688	7688	src/apps/tui/composer/edit_keys.cpp	212	212	edited	Cursor, selection, deletion and history navigation
src/cli/main.cpp	7689	7689	src/apps/tui/composer/edit_keys.cpp	213	213	edited	Cursor, selection, deletion and history navigation
src/cli/main.cpp	7690	7691	src/apps/tui/composer/edit_keys.cpp	213	216	edited	Cursor, selection, deletion and history navigation; signature, state access, ownership or assembly rewritten in this destination
src/cli/main.cpp	7692	7694	src/apps/tui/input/chat_keys.cpp	213	216	edited	Toggle chat fold and tool output expansion; signature, state access, ownership or assembly rewritten in this destination
src/cli/main.cpp	7695	7695	src/apps/tui/input/chat_keys.cpp	216	216	edited	Toggle chat fold and tool output expansion
src/cli/main.cpp	7696	7696	src/apps/tui/input/chat_keys.cpp	216	218	edited	Toggle chat fold and tool output expansion; signature, state access, ownership or assembly rewritten in this destination
src/cli/main.cpp	7697	7697	src/apps/tui/input/chat_keys.cpp	218	218	edited	Toggle chat fold and tool output expansion
src/cli/main.cpp	7698	7698	src/apps/tui/input/chat_keys.cpp	219	219	edited	Toggle chat fold and tool output expansion
src/cli/main.cpp	7699	7699	src/apps/tui/input/chat_keys.cpp	220	220	edited	Toggle chat fold and tool output expansion
src/cli/main.cpp	7700	7700	src/apps/tui/input/chat_keys.cpp	221	221	edited	Toggle chat fold and tool output expansion
src/cli/main.cpp	7701	7703	src/apps/tui/input/chat_keys.cpp	19	221	edited	Toggle chat fold and tool output expansion; signature, state access, ownership or assembly rewritten in this destination
src/cli/main.cpp	7704	7704	src/apps/tui/input/chat_keys.cpp	19	19	edited	Toggle chat fold and tool output expansion
src/cli/main.cpp	7705	7705	src/apps/tui/input/chat_keys.cpp	20	20	edited	Toggle chat fold and tool output expansion
src/cli/main.cpp	7706	7706	src/apps/tui/input/chat_keys.cpp	21	21	edited	Toggle chat fold and tool output expansion
src/cli/main.cpp	7707	7707	src/apps/tui/input/chat_keys.cpp	22	22	edited	Toggle chat fold and tool output expansion
src/cli/main.cpp	7708	7708	src/apps/tui/input/chat_keys.cpp	23	23	edited	Toggle chat fold and tool output expansion
src/cli/main.cpp	7709	7709	src/apps/tui/input/chat_keys.cpp	24	24	edited	Toggle chat fold and tool output expansion
src/cli/main.cpp	7710	7710	src/apps/tui/input/chat_keys.cpp	25	25	edited	Toggle chat fold and tool output expansion
src/cli/main.cpp	7711	7711	src/apps/tui/input/chat_keys.cpp	26	26	edited	Toggle chat fold and tool output expansion
src/cli/main.cpp	7712	7712	src/apps/tui/input/chat_keys.cpp	27	27	edited	Toggle chat fold and tool output expansion
src/cli/main.cpp	7713	7713	src/apps/tui/input/chat_keys.cpp	28	28	edited	Toggle chat fold and tool output expansion
src/cli/main.cpp	7714	7714	src/apps/tui/input/chat_keys.cpp	29	29	edited	Toggle chat fold and tool output expansion
src/cli/main.cpp	7715	7715	src/apps/tui/input/chat_keys.cpp	30	30	edited	Toggle chat fold and tool output expansion
src/cli/main.cpp	7716	7716	src/apps/tui/input/chat_keys.cpp	31	31	edited	Toggle chat fold and tool output expansion
src/cli/main.cpp	7717	7717	src/apps/tui/input/chat_keys.cpp	32	32	edited	Toggle chat fold and tool output expansion
src/cli/main.cpp	7718	7718	src/apps/tui/input/chat_keys.cpp	33	33	edited	Toggle chat fold and tool output expansion
src/cli/main.cpp	7719	7719	src/apps/tui/input/chat_keys.cpp	34	34	edited	Toggle chat fold and tool output expansion
src/cli/main.cpp	7720	7720	src/apps/tui/input/chat_keys.cpp	35	35	edited	Toggle chat fold and tool output expansion
src/cli/main.cpp	7721	7721	src/apps/tui/input/chat_keys.cpp	36	36	edited	Toggle chat fold and tool output expansion
src/cli/main.cpp	7722	7724	src/apps/tui/input/chat_keys.cpp	36	40	edited	Toggle chat fold and tool output expansion; signature, state access, ownership or assembly rewritten in this destination
src/cli/main.cpp	7725	7725	src/apps/tui/input/chat_keys.cpp	40	40	edited	Toggle chat fold and tool output expansion
src/cli/main.cpp	7726	7726	src/apps/tui/input/chat_keys.cpp	41	41	edited	Toggle chat fold and tool output expansion
src/cli/main.cpp	7727	7727	src/apps/tui/input/chat_keys.cpp	42	42	edited	Toggle chat fold and tool output expansion
src/cli/main.cpp	7728	7728	src/apps/tui/input/chat_keys.cpp	43	43	edited	Toggle chat fold and tool output expansion
src/cli/main.cpp	7729	7729	src/apps/tui/input/chat_keys.cpp	44	44	edited	Toggle chat fold and tool output expansion
src/cli/main.cpp	7730	7730	src/apps/tui/input/chat_keys.cpp	45	45	edited	Toggle chat fold and tool output expansion
src/cli/main.cpp	7731	7733	src/apps/tui/input/chat_keys.cpp	45	49	edited	Toggle chat fold and tool output expansion; signature, state access, ownership or assembly rewritten in this destination
src/cli/main.cpp	7734	7734	src/apps/tui/input/chat_keys.cpp	49	49	edited	Toggle chat fold and tool output expansion
src/cli/main.cpp	7735	7735	src/apps/tui/input/chat_keys.cpp	50	50	edited	Toggle chat fold and tool output expansion
src/cli/main.cpp	7736	7736	src/apps/tui/input/chat_keys.cpp	51	51	edited	Toggle chat fold and tool output expansion
src/cli/main.cpp	7737	7737	src/apps/tui/input/chat_keys.cpp	52	52	edited	Toggle chat fold and tool output expansion
src/cli/main.cpp	7738	7738	src/apps/tui/composer/edit_keys.cpp	221	221	edited	Edit text and refresh input suggestions
src/cli/main.cpp	7739	7739	src/apps/tui/composer/edit_keys.cpp	222	222	edited	Edit text and refresh input suggestions
src/cli/main.cpp	7740	7740	src/apps/tui/composer/edit_keys.cpp	222	224	edited	Edit text and refresh input suggestions; signature, state access, ownership or assembly rewritten in this destination
src/cli/main.cpp	7741	7741	src/apps/tui/composer/edit_keys.cpp	224	224	edited	Edit text and refresh input suggestions
src/cli/main.cpp	7742	7742	src/apps/tui/composer/edit_keys.cpp	225	225	edited	Edit text and refresh input suggestions
src/cli/main.cpp	7743	7743	src/apps/tui/composer/edit_keys.cpp	226	226	edited	Edit text and refresh input suggestions
src/cli/main.cpp	7744	7746	src/apps/tui/composer/edit_keys.cpp	226	235	edited	Edit text and refresh input suggestions; signature, state access, ownership or assembly rewritten in this destination
src/cli/main.cpp	7747	7747	src/apps/tui/composer/edit_keys.cpp	235	235	edited	Edit text and refresh input suggestions
src/cli/main.cpp	7748	7748	src/apps/tui/composer/edit_keys.cpp	236	236	edited	Edit text and refresh input suggestions
src/cli/main.cpp	7749	7749	src/apps/tui/composer/edit_keys.cpp	236	238	edited	Edit text and refresh input suggestions; signature, state access, ownership or assembly rewritten in this destination
src/cli/main.cpp	7750	7750	src/apps/tui/composer/edit_keys.cpp	238	238	edited	Edit text and refresh input suggestions
src/cli/main.cpp	7751	7751	src/apps/tui/composer/edit_keys.cpp	239	239	edited	Edit text and refresh input suggestions
src/cli/main.cpp	7752	7752	src/apps/tui/composer/edit_keys.cpp	240	240	edited	Edit text and refresh input suggestions
src/cli/main.cpp	7753	7753	src/apps/tui/composer/edit_keys.cpp	241	241	edited	Edit text and refresh input suggestions
src/cli/main.cpp	7754	7754	src/apps/tui/composer/edit_keys.cpp	242	242	edited	Edit text and refresh input suggestions
src/cli/main.cpp	7755	7755	src/apps/tui/composer/edit_keys.cpp	243	243	edited	Edit text and refresh input suggestions
src/cli/main.cpp	7756	7756	src/apps/tui/composer/edit_keys.cpp	244	244	edited	Edit text and refresh input suggestions
src/cli/main.cpp	7757	7759	src/apps/tui/composer/edit_keys.cpp	244	248	edited	Edit text and refresh input suggestions; signature, state access, ownership or assembly rewritten in this destination
src/cli/main.cpp	7760	7760	src/apps/tui/composer/edit_keys.cpp	248	248	edited	Edit text and refresh input suggestions
src/cli/main.cpp	7761	7761	src/apps/tui/composer/edit_keys.cpp	249	249	edited	Edit text and refresh input suggestions
src/cli/main.cpp	7762	7762	src/apps/tui/composer/edit_keys.cpp	250	250	edited	Edit text and refresh input suggestions
src/cli/main.cpp	7763	7763	src/apps/tui/composer/edit_keys.cpp	250	252	edited	Edit text and refresh input suggestions; signature, state access, ownership or assembly rewritten in this destination
src/cli/main.cpp	7764	7764	src/apps/tui/composer/edit_keys.cpp	252	252	edited	Edit text and refresh input suggestions
src/cli/main.cpp	7765	7765	src/apps/tui/composer/edit_keys.cpp	253	253	edited	Edit text and refresh input suggestions
src/cli/main.cpp	7766	7766	src/apps/tui/composer/edit_keys.cpp	254	254	edited	Edit text and refresh input suggestions
src/cli/main.cpp	7767	7767	src/apps/tui/composer/edit_keys.cpp	255	255	edited	Edit text and refresh input suggestions
src/cli/main.cpp	7768	7768	src/apps/tui/composer/edit_keys.cpp	256	256	edited	Edit text and refresh input suggestions
src/cli/main.cpp	7769	7769	src/apps/tui/composer/edit_keys.cpp	257	257	edited	Edit text and refresh input suggestions
src/cli/main.cpp	7770	7771	src/apps/tui/composer/edit_keys.cpp	257	260	edited	Edit text and refresh input suggestions; signature, state access, ownership or assembly rewritten in this destination
src/cli/main.cpp	7772	7772	src/apps/tui/composer/edit_keys.cpp	260	260	edited	Edit text and refresh input suggestions
src/cli/main.cpp	7773	7773	src/apps/tui/composer/edit_keys.cpp	261	261	edited	Edit text and refresh input suggestions
src/cli/main.cpp	7774	7774	src/apps/tui/composer/edit_keys.cpp	262	262	edited	Edit text and refresh input suggestions
src/cli/main.cpp	7775	7775	src/apps/tui/composer/edit_keys.cpp	263	263	edited	Edit text and refresh input suggestions
src/cli/main.cpp	7776	7776	src/apps/tui/composer/edit_keys.cpp	264	264	edited	Edit text and refresh input suggestions
src/cli/main.cpp	7777	7777	src/apps/tui/composer/edit_keys.cpp	265	265	edited	Edit text and refresh input suggestions
src/cli/main.cpp	7778	7778	src/apps/tui/composer/edit_keys.cpp	266	266	edited	Edit text and refresh input suggestions
src/cli/main.cpp	7779	7782	src/apps/tui/composer/edit_keys.cpp	266	276	edited	Edit text and refresh input suggestions; signature, state access, ownership or assembly rewritten in this destination
src/cli/main.cpp	7783	7783	src/apps/tui/composer/edit_keys.cpp	276	276	edited	Edit text and refresh input suggestions
src/cli/main.cpp	7784	7784	src/apps/tui/composer/edit_keys.cpp	277	277	edited	Edit text and refresh input suggestions
src/cli/main.cpp	7785	7785	src/apps/tui/composer/edit_keys.cpp	277	279	edited	Edit text and refresh input suggestions; signature, state access, ownership or assembly rewritten in this destination
src/cli/main.cpp	7786	7786	src/apps/tui/composer/edit_keys.cpp	279	279	edited	Edit text and refresh input suggestions
src/cli/main.cpp	7787	7787	src/apps/tui/composer/edit_keys.cpp	280	280	edited	Edit text and refresh input suggestions
src/cli/main.cpp	7788	7788	src/apps/tui/composer/edit_keys.cpp	281	281	edited	Edit text and refresh input suggestions
src/cli/main.cpp	7789	7789	src/apps/tui/composer/edit_keys.cpp	282	282	edited	Edit text and refresh input suggestions
src/cli/main.cpp	7790	7790	src/apps/tui/composer/edit_keys.cpp	283	283	edited	Edit text and refresh input suggestions
src/cli/main.cpp	7791	7791	src/apps/tui/composer/edit_keys.cpp	284	284	edited	Edit text and refresh input suggestions
src/cli/main.cpp	7792	7792	src/apps/tui/composer/edit_keys.cpp	285	285	edited	Edit text and refresh input suggestions
src/cli/main.cpp	7793	7795	src/apps/tui/composer/edit_keys.cpp	285	289	edited	Edit text and refresh input suggestions; signature, state access, ownership or assembly rewritten in this destination
src/cli/main.cpp	7796	7796	src/apps/tui/composer/edit_keys.cpp	289	289	edited	Edit text and refresh input suggestions
src/cli/main.cpp	7797	7797	src/apps/tui/composer/edit_keys.cpp	290	290	edited	Edit text and refresh input suggestions
src/cli/main.cpp	7798	7798	src/apps/tui/composer/edit_keys.cpp	291	291	edited	Edit text and refresh input suggestions
src/cli/main.cpp	7799	7799	src/apps/tui/composer/edit_keys.cpp	292	292	edited	Edit text and refresh input suggestions
src/cli/main.cpp	7800	7800	src/apps/tui/composer/edit_keys.cpp	293	293	edited	Edit text and refresh input suggestions
src/cli/main.cpp	7801	7801	src/apps/tui/composer/edit_keys.cpp	294	294	edited	Edit text and refresh input suggestions
src/cli/main.cpp	7802	7802	src/apps/tui/composer/edit_keys.cpp	295	295	edited	Edit text and refresh input suggestions
src/cli/main.cpp	7803	7803	src/apps/tui/composer/edit_keys.cpp	296	296	edited	Edit text and refresh input suggestions
src/cli/main.cpp	7804	7804	src/apps/tui/composer/edit_keys.cpp	297	297	edited	Edit text and refresh input suggestions
src/cli/main.cpp	7805	7809	src/apps/tui/composer/edit_keys.cpp	297	303	edited	Edit text and refresh input suggestions; signature, state access, ownership or assembly rewritten in this destination
src/cli/main.cpp	7810	7810	src/apps/tui/composer/edit_keys.cpp	303	303	edited	Edit text and refresh input suggestions
src/cli/main.cpp	7811	7811	src/apps/tui/composer/edit_keys.cpp	304	304	edited	Edit text and refresh input suggestions
src/cli/main.cpp	7812	7812	src/apps/tui/composer/edit_keys.cpp	305	305	edited	Edit text and refresh input suggestions
src/cli/main.cpp	7813	7813	src/apps/tui/composer/edit_keys.cpp	306	306	edited	Edit text and refresh input suggestions
src/cli/main.cpp	7814	7814	src/apps/tui/composer/edit_keys.cpp	307	307	edited	Edit text and refresh input suggestions
src/cli/main.cpp	7815	7815	src/apps/tui/composer/edit_keys.cpp	308	308	edited	Edit text and refresh input suggestions
src/cli/main.cpp	7816	7816	src/apps/tui/composer/edit_keys.cpp	309	309	edited	Edit text and refresh input suggestions
src/cli/main.cpp	7817	7818	src/apps/tui/composer/edit_keys.cpp	309	312	edited	Edit text and refresh input suggestions; signature, state access, ownership or assembly rewritten in this destination
src/cli/main.cpp	7819	7819	src/apps/tui/composer/edit_keys.cpp	312	312	edited	Edit text and refresh input suggestions
src/cli/main.cpp	7820	7820	src/apps/tui/composer/edit_keys.cpp	313	313	edited	Edit text and refresh input suggestions
src/cli/main.cpp	7821	7821	src/apps/tui/composer/edit_keys.cpp	314	314	edited	Edit text and refresh input suggestions
src/cli/main.cpp	7822	7822	src/apps/tui/composer/edit_keys.cpp	315	315	edited	Edit text and refresh input suggestions
src/cli/main.cpp	7823	7823	src/apps/tui/composer/edit_keys.cpp	316	316	edited	Edit text and refresh input suggestions
src/cli/main.cpp	7824	7824	src/apps/tui/composer/edit_keys.cpp	317	317	edited	Edit text and refresh input suggestions
src/cli/main.cpp	7825	7825	src/apps/tui/composer/edit_keys.cpp	318	318	edited	Edit text and refresh input suggestions
src/cli/main.cpp	7826	7826	src/apps/tui/composer/edit_keys.cpp	319	319	edited	Edit text and refresh input suggestions
src/cli/main.cpp	7827	7829	src/apps/tui/composer/edit_keys.cpp	319	322	edited	Edit text and refresh input suggestions; signature, state access, ownership or assembly rewritten in this destination
src/cli/main.cpp	7830	7831	src/apps/tui/overlays/list_picker_input.cpp	78	81	edited	Filter picker items on printable characters; signature, state access, ownership or assembly rewritten in this destination
src/cli/main.cpp	7832	7832	src/apps/tui/overlays/list_picker_input.cpp	81	81	edited	Filter picker items on printable characters
src/cli/main.cpp	7833	7833	src/apps/tui/overlays/list_picker_input.cpp	240	240	edited	Filter picker items on printable characters
src/cli/main.cpp	7834	7834	src/apps/tui/overlays/list_picker_input.cpp	241	241	edited	Filter picker items on printable characters
src/cli/main.cpp	7835	7835	src/apps/tui/overlays/list_picker_input.cpp	242	242	edited	Filter picker items on printable characters
src/cli/main.cpp	7836	7836	src/apps/tui/overlays/list_picker_input.cpp	243	243	edited	Filter picker items on printable characters
src/cli/main.cpp	7837	7837	src/apps/tui/overlays/list_picker_input.cpp	244	244	edited	Filter picker items on printable characters
src/cli/main.cpp	7838	7838	src/apps/tui/overlays/list_picker_input.cpp	245	245	edited	Filter picker items on printable characters
src/cli/main.cpp	7839	7839	src/apps/tui/overlays/list_picker_input.cpp	246	246	edited	Filter picker items on printable characters
src/cli/main.cpp	7840	7840	src/apps/tui/overlays/list_picker_input.cpp	247	247	edited	Filter picker items on printable characters
src/cli/main.cpp	7841	7841	src/apps/tui/overlays/list_picker_input.cpp	248	248	edited	Filter picker items on printable characters
src/cli/main.cpp	7842	7842	src/apps/tui/overlays/list_picker_input.cpp	249	249	edited	Filter picker items on printable characters
src/cli/main.cpp	7843	7843	src/apps/tui/overlays/list_picker_input.cpp	250	250	edited	Filter picker items on printable characters
src/cli/main.cpp	7844	7844	src/apps/tui/overlays/list_picker_input.cpp	251	251	edited	Filter picker items on printable characters
src/cli/main.cpp	7845	7845	src/apps/tui/overlays/list_picker_input.cpp	252	252	edited	Filter picker items on printable characters
src/cli/main.cpp	7846	7846	src/apps/tui/overlays/list_picker_input.cpp	253	253	edited	Filter picker items on printable characters
src/cli/main.cpp	7847	7847	src/apps/tui/overlays/list_picker_input.cpp	254	254	edited	Filter picker items on printable characters
src/cli/main.cpp	7848	7848	src/apps/tui/overlays/list_picker_input.cpp	255	255	edited	Filter picker items on printable characters
src/cli/main.cpp	7849	7853	src/apps/tui/overlays/list_picker_input.cpp	255	261	edited	Filter picker items on printable characters; signature, state access, ownership or assembly rewritten in this destination
src/cli/main.cpp	7854	7854	src/apps/tui/overlays/list_picker_input.cpp	261	261	edited	Filter picker items on printable characters
src/cli/main.cpp	7855	7855	src/apps/tui/overlays/list_picker_input.cpp	262	262	edited	Filter picker items on printable characters
src/cli/main.cpp	7856	7856	src/apps/tui/overlays/list_picker_input.cpp	263	263	edited	Filter picker items on printable characters
src/cli/main.cpp	7857	7857	src/apps/tui/overlays/list_picker_input.cpp	264	264	edited	Filter picker items on printable characters
src/cli/main.cpp	7858	7858	src/apps/tui/overlays/list_picker_input.cpp	265	265	edited	Filter picker items on printable characters
src/cli/main.cpp	7859	7859	src/apps/tui/overlays/list_picker_input.cpp	266	266	edited	Filter picker items on printable characters
src/cli/main.cpp	7860	7860	src/apps/tui/overlays/list_picker_input.cpp	267	267	edited	Filter picker items on printable characters
src/cli/main.cpp	7861	7861	src/apps/tui/overlays/list_picker_input.cpp	268	268	edited	Filter picker items on printable characters
src/cli/main.cpp	7862	7862	src/apps/tui/overlays/list_picker_input.cpp	269	269	edited	Filter picker items on printable characters
src/cli/main.cpp	7863	7863	src/apps/tui/overlays/list_picker_input.cpp	270	270	edited	Filter picker items on printable characters
src/cli/main.cpp	7864	7864	src/apps/tui/overlays/list_picker_input.cpp	271	271	edited	Filter picker items on printable characters
src/cli/main.cpp	7865	7865	src/apps/tui/overlays/list_picker_input.cpp	272	272	edited	Filter picker items on printable characters
src/cli/main.cpp	7866	7866	src/apps/tui/overlays/list_picker_input.cpp	273	273	edited	Filter picker items on printable characters
src/cli/main.cpp	7867	7867	src/apps/tui/overlays/list_picker_input.cpp	274	274	edited	Filter picker items on printable characters
src/cli/main.cpp	7868	7871	src/apps/tui/overlays/list_picker_input.cpp	274	279	edited	Filter picker items on printable characters; signature, state access, ownership or assembly rewritten in this destination
src/cli/main.cpp	7872	7872	src/apps/tui/overlays/list_picker_input.cpp	279	279	edited	Filter picker items on printable characters
src/cli/main.cpp	7873	7873	src/apps/tui/overlays/list_picker_input.cpp	280	280	edited	Filter picker items on printable characters
src/cli/main.cpp	7874	7874	src/apps/tui/overlays/list_picker_input.cpp	281	281	edited	Filter picker items on printable characters
src/cli/main.cpp	7875	7875	src/apps/tui/overlays/list_picker_input.cpp	282	282	edited	Filter picker items on printable characters
src/cli/main.cpp	7876	7876	src/apps/tui/overlays/list_picker_input.cpp	283	283	edited	Filter picker items on printable characters
src/cli/main.cpp	7877	7877	src/apps/tui/overlays/list_picker_input.cpp	284	284	edited	Filter picker items on printable characters
src/cli/main.cpp	7878	7878	src/apps/tui/overlays/list_picker_input.cpp	285	285	edited	Filter picker items on printable characters
src/cli/main.cpp	7879	7879	src/apps/tui/overlays/list_picker_input.cpp	286	286	edited	Filter picker items on printable characters
src/cli/main.cpp	7880	7880	src/apps/tui/overlays/list_picker_input.cpp	287	287	edited	Filter picker items on printable characters
src/cli/main.cpp	7881	7885	src/apps/tui/overlays/list_picker_input.cpp	287	292	edited	Filter picker items on printable characters; signature, state access, ownership or assembly rewritten in this destination
src/cli/main.cpp	7886	7886	src/apps/tui/composer/edit_keys.cpp	335	335	edited	Insert printable input and finish event handling
src/cli/main.cpp	7887	7887	src/apps/tui/composer/edit_keys.cpp	336	336	edited	Insert printable input and finish event handling
src/cli/main.cpp	7888	7888	src/apps/tui/composer/edit_keys.cpp	337	337	edited	Insert printable input and finish event handling
src/cli/main.cpp	7889	7889	src/apps/tui/composer/edit_keys.cpp	338	338	edited	Insert printable input and finish event handling
src/cli/main.cpp	7890	7890	src/apps/tui/composer/edit_keys.cpp	339	339	edited	Insert printable input and finish event handling
src/cli/main.cpp	7891	7891	src/apps/tui/composer/edit_keys.cpp	340	340	edited	Insert printable input and finish event handling
src/cli/main.cpp	7892	7892	src/apps/tui/composer/edit_keys.cpp	341	341	edited	Insert printable input and finish event handling
src/cli/main.cpp	7893	7893	src/apps/tui/composer/edit_keys.cpp	342	342	edited	Insert printable input and finish event handling
src/cli/main.cpp	7894	7894	src/apps/tui/composer/edit_keys.cpp	342	344	edited	Insert printable input and finish event handling; signature, state access, ownership or assembly rewritten in this destination
src/cli/main.cpp	7895	7895	src/apps/tui/composer/edit_keys.cpp	344	344	edited	Insert printable input and finish event handling
src/cli/main.cpp	7896	7896	src/apps/tui/composer/edit_keys.cpp	345	345	edited	Insert printable input and finish event handling
src/cli/main.cpp	7897	7897	src/apps/tui/composer/edit_keys.cpp	346	346	edited	Insert printable input and finish event handling
src/cli/main.cpp	7898	7898	src/apps/tui/composer/edit_keys.cpp	347	347	edited	Insert printable input and finish event handling
src/cli/main.cpp	7899	7899	src/apps/tui/composer/edit_keys.cpp	348	348	edited	Insert printable input and finish event handling
src/cli/main.cpp	7900	7900	src/apps/tui/composer/edit_keys.cpp	349	349	edited	Insert printable input and finish event handling
src/cli/main.cpp	7901	7901	src/apps/tui/composer/edit_keys.cpp	350	350	edited	Insert printable input and finish event handling
src/cli/main.cpp	7902	7902	src/apps/tui/composer/edit_keys.cpp	351	351	edited	Insert printable input and finish event handling
src/cli/main.cpp	7903	7903	src/apps/tui/composer/edit_keys.cpp	352	352	edited	Insert printable input and finish event handling
src/cli/main.cpp	7904	7904	src/apps/tui/composer/edit_keys.cpp	353	353	edited	Insert printable input and finish event handling
src/cli/main.cpp	7905	7905	src/apps/tui/composer/edit_keys.cpp	354	354	edited	Insert printable input and finish event handling
src/cli/main.cpp	7906	7910	src/apps/tui/composer/edit_keys.cpp	354	359	edited	Insert printable input and finish event handling; signature, state access, ownership or assembly rewritten in this destination
src/cli/main.cpp	7911	7958	src/apps/tui/app/tui_app_components.cpp	1	58	edited	Assemble renderer from owned geometry and track frame completion; signature, state access, ownership or assembly rewritten in this destination
src/cli/main.cpp	7959	7990	src/apps/tui/app/full_screen_surfaces.cpp	22	54	edited	Own settings and management surfaces, focus and root tab routing; signature, state access, ownership or assembly rewritten in this destination
src/cli/main.cpp	7991	7991	src/apps/tui/app/full_screen_surfaces.cpp	54	54	edited	Own settings and management surfaces, focus and root tab routing
src/cli/main.cpp	7992	8019	src/apps/tui/app/full_screen_surfaces.cpp	54	69	edited	Own settings and management surfaces, focus and root tab routing; signature, state access, ownership or assembly rewritten in this destination
src/cli/main.cpp	8020	8020	src/apps/tui/app/full_screen_surfaces.cpp	69	69	edited	Own settings and management surfaces, focus and root tab routing
src/cli/main.cpp	8021	8021	src/apps/tui/app/full_screen_surfaces.cpp	70	70	edited	Own settings and management surfaces, focus and root tab routing
src/cli/main.cpp	8022	8022	src/apps/tui/app/full_screen_surfaces.cpp	71	71	edited	Own settings and management surfaces, focus and root tab routing
src/cli/main.cpp	8023	8023	src/apps/tui/app/full_screen_surfaces.cpp	72	72	edited	Own settings and management surfaces, focus and root tab routing
src/cli/main.cpp	8024	8024	src/apps/tui/app/full_screen_surfaces.cpp	73	73	edited	Own settings and management surfaces, focus and root tab routing
src/cli/main.cpp	8025	8025	src/apps/tui/app/full_screen_surfaces.cpp	73	75	edited	Own settings and management surfaces, focus and root tab routing; signature, state access, ownership or assembly rewritten in this destination
src/cli/main.cpp	8026	8026	src/apps/tui/app/full_screen_surfaces.cpp	75	75	edited	Own settings and management surfaces, focus and root tab routing
src/cli/main.cpp	8027	8027	src/apps/tui/app/full_screen_surfaces.cpp	76	76	edited	Own settings and management surfaces, focus and root tab routing
src/cli/main.cpp	8028	8028	src/apps/tui/app/full_screen_surfaces.cpp	77	77	edited	Own settings and management surfaces, focus and root tab routing
src/cli/main.cpp	8029	8029	src/apps/tui/app/full_screen_surfaces.cpp	78	78	edited	Own settings and management surfaces, focus and root tab routing
src/cli/main.cpp	8030	8030	src/apps/tui/app/full_screen_surfaces.cpp	79	79	edited	Own settings and management surfaces, focus and root tab routing
src/cli/main.cpp	8031	8031	src/apps/tui/app/full_screen_surfaces.cpp	80	80	edited	Own settings and management surfaces, focus and root tab routing
src/cli/main.cpp	8032	8037	src/apps/tui/app/full_screen_surfaces.cpp	80	83	edited	Own settings and management surfaces, focus and root tab routing; signature, state access, ownership or assembly rewritten in this destination
src/cli/main.cpp	8038	8038	src/apps/tui/app/full_screen_surfaces.cpp	83	83	edited	Own settings and management surfaces, focus and root tab routing
src/cli/main.cpp	8039	8039	src/apps/tui/app/full_screen_surfaces.cpp	84	84	edited	Own settings and management surfaces, focus and root tab routing
src/cli/main.cpp	8040	8040	src/apps/tui/app/full_screen_surfaces.cpp	84	86	edited	Own settings and management surfaces, focus and root tab routing; signature, state access, ownership or assembly rewritten in this destination
src/cli/main.cpp	8041	8041	src/apps/tui/app/full_screen_surfaces.cpp	86	86	edited	Own settings and management surfaces, focus and root tab routing
src/cli/main.cpp	8042	8042	src/apps/tui/app/full_screen_surfaces.cpp	87	87	edited	Own settings and management surfaces, focus and root tab routing
src/cli/main.cpp	8043	8043	src/apps/tui/app/full_screen_surfaces.cpp	88	88	edited	Own settings and management surfaces, focus and root tab routing
src/cli/main.cpp	8044	8044	src/apps/tui/app/full_screen_surfaces.cpp	89	89	edited	Own settings and management surfaces, focus and root tab routing
src/cli/main.cpp	8045	8045	src/apps/tui/app/full_screen_surfaces.cpp	90	90	edited	Own settings and management surfaces, focus and root tab routing
src/cli/main.cpp	8046	8046	src/apps/tui/app/full_screen_surfaces.cpp	91	91	edited	Own settings and management surfaces, focus and root tab routing
src/cli/main.cpp	8047	8047	src/apps/tui/app/full_screen_surfaces.cpp	92	92	edited	Own settings and management surfaces, focus and root tab routing
src/cli/main.cpp	8048	8048	src/apps/tui/app/full_screen_surfaces.cpp	93	93	edited	Own settings and management surfaces, focus and root tab routing
src/cli/main.cpp	8049	8049	src/apps/tui/app/full_screen_surfaces.cpp	94	94	edited	Own settings and management surfaces, focus and root tab routing
src/cli/main.cpp	8050	8050	src/apps/tui/app/full_screen_surfaces.cpp	95	95	edited	Own settings and management surfaces, focus and root tab routing
src/cli/main.cpp	8051	8053	src/apps/tui/app/full_screen_surfaces.cpp	95	99	edited	Own settings and management surfaces, focus and root tab routing; signature, state access, ownership or assembly rewritten in this destination
src/cli/main.cpp	8054	8054	src/apps/tui/app/full_screen_surfaces.cpp	99	99	edited	Own settings and management surfaces, focus and root tab routing
src/cli/main.cpp	8055	8055	src/apps/tui/app/full_screen_surfaces.cpp	100	100	edited	Own settings and management surfaces, focus and root tab routing
src/cli/main.cpp	8056	8063	src/apps/tui/app/full_screen_surfaces.cpp	100	106	edited	Own settings and management surfaces, focus and root tab routing; signature, state access, ownership or assembly rewritten in this destination
src/cli/main.cpp	8064	8064	src/apps/tui/app/full_screen_surfaces.cpp	106	106	edited	Own settings and management surfaces, focus and root tab routing
src/cli/main.cpp	8065	8065	src/apps/tui/app/full_screen_surfaces.cpp	107	107	edited	Own settings and management surfaces, focus and root tab routing
src/cli/main.cpp	8066	8066	src/apps/tui/app/full_screen_surfaces.cpp	108	108	edited	Own settings and management surfaces, focus and root tab routing
src/cli/main.cpp	8067	8067	src/apps/tui/app/full_screen_surfaces.cpp	109	109	edited	Own settings and management surfaces, focus and root tab routing
src/cli/main.cpp	8068	8068	src/apps/tui/app/full_screen_surfaces.cpp	110	110	edited	Own settings and management surfaces, focus and root tab routing
src/cli/main.cpp	8069	8069	src/apps/tui/app/full_screen_surfaces.cpp	111	111	edited	Own settings and management surfaces, focus and root tab routing
src/cli/main.cpp	8070	8070	src/apps/tui/app/full_screen_surfaces.cpp	112	112	edited	Own settings and management surfaces, focus and root tab routing
src/cli/main.cpp	8071	8071	src/apps/tui/app/full_screen_surfaces.cpp	113	113	edited	Own settings and management surfaces, focus and root tab routing
src/cli/main.cpp	8072	8072	src/apps/tui/app/full_screen_surfaces.cpp	114	114	edited	Own settings and management surfaces, focus and root tab routing
src/cli/main.cpp	8073	8074	src/apps/tui/app/full_screen_surfaces.cpp	114	117	edited	Own settings and management surfaces, focus and root tab routing; signature, state access, ownership or assembly rewritten in this destination
src/cli/main.cpp	8075	8075	src/apps/tui/app/full_screen_surfaces.cpp	117	117	edited	Own settings and management surfaces, focus and root tab routing
src/cli/main.cpp	8076	8076	src/apps/tui/app/full_screen_surfaces.cpp	118	118	edited	Own settings and management surfaces, focus and root tab routing
src/cli/main.cpp	8077	8088	src/apps/tui/app/full_screen_surfaces.cpp	118	123	edited	Own settings and management surfaces, focus and root tab routing; signature, state access, ownership or assembly rewritten in this destination
src/cli/main.cpp	8089	8101	src/apps/tui/app/tui_app.cpp	1	190	edited	Run the screen and execute the ordered RAII shutdown sequence; signature, state access, ownership or assembly rewritten in this destination
